regdno,coursecode,coursetitle,shift,section,staffid,staffname,mobile,inst_email
23UEN539,23UEN53SP01,"Self-paced Learning: Short Stories and One Act Plays",2,1,26SEN51,"Ms A Annie Lumina",7904857183,annielumina_en2@mail.sjctni.edu
24UAI501,24UAI53SP01,"Self-paced Learning: Web Ethics",2,1,25CAI51,"Dr J Hirudhaya Mary Asha",7502364030,hirudhayaasha_cs2@mail.sjctni.edu
24UAI502,24UAI53SP01,"Self-paced Learning: Web Ethics",2,1,25CAI51,"Dr J Hirudhaya Mary Asha",7502364030,hirudhayaasha_cs2@mail.sjctni.edu
24UAI503,24UAI53SP01,"Self-paced Learning: Web Ethics",2,1,25CAI51,"Dr J Hirudhaya Mary Asha",7502364030,hirudhayaasha_cs2@mail.sjctni.edu
24UAI504,24UAI53SP01,"Self-paced Learning: Web Ethics",2,1,25CAI51,"Dr J Hirudhaya Mary Asha",7502364030,hirudhayaasha_cs2@mail.sjctni.edu
24UAI505,24UAI53SP01,"Self-paced Learning: Web Ethics",2,1,25CAI51,"Dr J Hirudhaya Mary Asha",7502364030,hirudhayaasha_cs2@mail.sjctni.edu
24UAI506,24UAI53SP01,"Self-paced Learning: Web Ethics",2,1,25CAI51,"Dr J Hirudhaya Mary Asha",7502364030,hirudhayaasha_cs2@mail.sjctni.edu
24UAI507,24UAI53SP01,"Self-paced Learning: Web Ethics",2,1,25CAI51,"Dr J Hirudhaya Mary Asha",7502364030,hirudhayaasha_cs2@mail.sjctni.edu
24UAI508,24UAI53SP01,"Self-paced Learning: Web Ethics",2,1,25CAI51,"Dr J Hirudhaya Mary Asha",7502364030,hirudhayaasha_cs2@mail.sjctni.edu
24UAI509,24UAI53SP01,"Self-paced Learning: Web Ethics",2,1,25CAI51,"Dr J Hirudhaya Mary Asha",7502364030,hirudhayaasha_cs2@mail.sjctni.edu
24UAI510,24UAI53SP01,"Self-paced Learning: Web Ethics",2,1,25CAI51,"Dr J Hirudhaya Mary Asha",7502364030,hirudhayaasha_cs2@mail.sjctni.edu
24UAI511,24UAI53SP01,"Self-paced Learning: Web Ethics",2,1,25CAI51,"Dr J Hirudhaya Mary Asha",7502364030,hirudhayaasha_cs2@mail.sjctni.edu
24UAI512,24UAI53SP01,"Self-paced Learning: Web Ethics",2,1,25CAI51,"Dr J Hirudhaya Mary Asha",7502364030,hirudhayaasha_cs2@mail.sjctni.edu
24UAI513,24UAI53SP01,"Self-paced Learning: Web Ethics",2,1,25CAI51,"Dr J Hirudhaya Mary Asha",7502364030,hirudhayaasha_cs2@mail.sjctni.edu
24UAI514,24UAI53SP01,"Self-paced Learning: Web Ethics",2,1,25CAI51,"Dr J Hirudhaya Mary Asha",7502364030,hirudhayaasha_cs2@mail.sjctni.edu
24UAI515,24UAI53SP01,"Self-paced Learning: Web Ethics",2,1,25CAI51,"Dr J Hirudhaya Mary Asha",7502364030,hirudhayaasha_cs2@mail.sjctni.edu
24UAI516,24UAI53SP01,"Self-paced Learning: Web Ethics",2,1,25CAI51,"Dr J Hirudhaya Mary Asha",7502364030,hirudhayaasha_cs2@mail.sjctni.edu
24UAI517,24UAI53SP01,"Self-paced Learning: Web Ethics",2,1,25CAI51,"Dr J Hirudhaya Mary Asha",7502364030,hirudhayaasha_cs2@mail.sjctni.edu
24UAI518,24UAI53SP01,"Self-paced Learning: Web Ethics",2,1,25CAI51,"Dr J Hirudhaya Mary Asha",7502364030,hirudhayaasha_cs2@mail.sjctni.edu
24UAI519,24UAI53SP01,"Self-paced Learning: Web Ethics",2,1,25CAI51,"Dr J Hirudhaya Mary Asha",7502364030,hirudhayaasha_cs2@mail.sjctni.edu
24UAI520,24UAI53SP01,"Self-paced Learning: Web Ethics",2,1,25CAI51,"Dr J Hirudhaya Mary Asha",7502364030,hirudhayaasha_cs2@mail.sjctni.edu
24UAI521,24UAI53SP01,"Self-paced Learning: Web Ethics",2,1,25CAI51,"Dr J Hirudhaya Mary Asha",7502364030,hirudhayaasha_cs2@mail.sjctni.edu
24UAI522,24UAI53SP01,"Self-paced Learning: Web Ethics",2,1,25CAI51,"Dr J Hirudhaya Mary Asha",7502364030,hirudhayaasha_cs2@mail.sjctni.edu
24UAI523,24UAI53SP01,"Self-paced Learning: Web Ethics",2,1,25CAI51,"Dr J Hirudhaya Mary Asha",7502364030,hirudhayaasha_cs2@mail.sjctni.edu
24UAI524,24UAI53SP01,"Self-paced Learning: Web Ethics",2,1,25CAI51,"Dr J Hirudhaya Mary Asha",7502364030,hirudhayaasha_cs2@mail.sjctni.edu
24UAI525,24UAI53SP01,"Self-paced Learning: Web Ethics",2,1,25CAI51,"Dr J Hirudhaya Mary Asha",7502364030,hirudhayaasha_cs2@mail.sjctni.edu
24UAI526,24UAI53SP01,"Self-paced Learning: Web Ethics",2,1,25CAI51,"Dr J Hirudhaya Mary Asha",7502364030,hirudhayaasha_cs2@mail.sjctni.edu
24UAI527,24UAI53SP01,"Self-paced Learning: Web Ethics",2,1,25CAI51,"Dr J Hirudhaya Mary Asha",7502364030,hirudhayaasha_cs2@mail.sjctni.edu
24UAI528,24UAI53SP01,"Self-paced Learning: Web Ethics",2,1,25CAI51,"Dr J Hirudhaya Mary Asha",7502364030,hirudhayaasha_cs2@mail.sjctni.edu
24UAI529,24UAI53SP01,"Self-paced Learning: Web Ethics",2,1,25CAI51,"Dr J Hirudhaya Mary Asha",7502364030,hirudhayaasha_cs2@mail.sjctni.edu
24UAI530,24UAI53SP01,"Self-paced Learning: Web Ethics",2,1,25CAI51,"Dr J Hirudhaya Mary Asha",7502364030,hirudhayaasha_cs2@mail.sjctni.edu
24UAI531,24UAI53SP01,"Self-paced Learning: Web Ethics",2,1,25CAI51,"Dr J Hirudhaya Mary Asha",7502364030,hirudhayaasha_cs2@mail.sjctni.edu
24UAI532,24UAI53SP01,"Self-paced Learning: Web Ethics",2,1,25CAI51,"Dr J Hirudhaya Mary Asha",7502364030,hirudhayaasha_cs2@mail.sjctni.edu
24UAI533,24UAI53SP01,"Self-paced Learning: Web Ethics",2,1,25CAI51,"Dr J Hirudhaya Mary Asha",7502364030,hirudhayaasha_cs2@mail.sjctni.edu
24UAI534,24UAI53SP01,"Self-paced Learning: Web Ethics",2,1,25CAI51,"Dr J Hirudhaya Mary Asha",7502364030,hirudhayaasha_cs2@mail.sjctni.edu
24UAI535,24UAI53SP01,"Self-paced Learning: Web Ethics",2,1,25CAI51,"Dr J Hirudhaya Mary Asha",7502364030,hirudhayaasha_cs2@mail.sjctni.edu
24UAI536,24UAI53SP01,"Self-paced Learning: Web Ethics",2,1,25CAI51,"Dr J Hirudhaya Mary Asha",7502364030,hirudhayaasha_cs2@mail.sjctni.edu
24UAI537,24UAI53SP01,"Self-paced Learning: Web Ethics",2,1,25CAI51,"Dr J Hirudhaya Mary Asha",7502364030,hirudhayaasha_cs2@mail.sjctni.edu
24UAI538,24UAI53SP01,"Self-paced Learning: Web Ethics",2,1,25CAI51,"Dr J Hirudhaya Mary Asha",7502364030,hirudhayaasha_cs2@mail.sjctni.edu
24UAI539,24UAI53SP01,"Self-paced Learning: Web Ethics",2,1,25CAI51,"Dr J Hirudhaya Mary Asha",7502364030,hirudhayaasha_cs2@mail.sjctni.edu
24UAI540,24UAI53SP01,"Self-paced Learning: Web Ethics",2,1,25CAI51,"Dr J Hirudhaya Mary Asha",7502364030,hirudhayaasha_cs2@mail.sjctni.edu
24UAI541,24UAI53SP01,"Self-paced Learning: Web Ethics",2,1,25CAI51,"Dr J Hirudhaya Mary Asha",7502364030,hirudhayaasha_cs2@mail.sjctni.edu
24UAI542,24UAI53SP01,"Self-paced Learning: Web Ethics",2,1,25CAI51,"Dr J Hirudhaya Mary Asha",7502364030,hirudhayaasha_cs2@mail.sjctni.edu
24UAI543,24UAI53SP01,"Self-paced Learning: Web Ethics",2,1,25CAI51,"Dr J Hirudhaya Mary Asha",7502364030,hirudhayaasha_cs2@mail.sjctni.edu
24UAI544,24UAI53SP01,"Self-paced Learning: Web Ethics",2,1,25CAI51,"Dr J Hirudhaya Mary Asha",7502364030,hirudhayaasha_cs2@mail.sjctni.edu
24UAI545,24UAI53SP01,"Self-paced Learning: Web Ethics",2,1,25CAI51,"Dr J Hirudhaya Mary Asha",7502364030,hirudhayaasha_cs2@mail.sjctni.edu
24UAI546,24UAI53SP01,"Self-paced Learning: Web Ethics",2,1,25CAI51,"Dr J Hirudhaya Mary Asha",7502364030,hirudhayaasha_cs2@mail.sjctni.edu
24UAI547,24UAI53SP01,"Self-paced Learning: Web Ethics",2,1,25CAI51,"Dr J Hirudhaya Mary Asha",7502364030,hirudhayaasha_cs2@mail.sjctni.edu
24UAI548,24UAI53SP01,"Self-paced Learning: Web Ethics",2,1,25CAI51,"Dr J Hirudhaya Mary Asha",7502364030,hirudhayaasha_cs2@mail.sjctni.edu
24UAI549,24UAI53SP01,"Self-paced Learning: Web Ethics",2,1,25CAI51,"Dr J Hirudhaya Mary Asha",7502364030,hirudhayaasha_cs2@mail.sjctni.edu
24UAI550,24UAI53SP01,"Self-paced Learning: Web Ethics",2,1,25CAI51,"Dr J Hirudhaya Mary Asha",7502364030,hirudhayaasha_cs2@mail.sjctni.edu
24UAI551,24UAI53SP01,"Self-paced Learning: Web Ethics",2,1,25CAI51,"Dr J Hirudhaya Mary Asha",7502364030,hirudhayaasha_cs2@mail.sjctni.edu
24UAI552,24UAI53SP01,"Self-paced Learning: Web Ethics",2,1,25CAI51,"Dr J Hirudhaya Mary Asha",7502364030,hirudhayaasha_cs2@mail.sjctni.edu
24UAI553,24UAI53SP01,"Self-paced Learning: Web Ethics",2,1,25CAI51,"Dr J Hirudhaya Mary Asha",7502364030,hirudhayaasha_cs2@mail.sjctni.edu
24UAI554,24UAI53SP01,"Self-paced Learning: Web Ethics",2,1,25CAI51,"Dr J Hirudhaya Mary Asha",7502364030,hirudhayaasha_cs2@mail.sjctni.edu
24UAI555,24UAI53SP01,"Self-paced Learning: Web Ethics",2,1,25CAI51,"Dr J Hirudhaya Mary Asha",7502364030,hirudhayaasha_cs2@mail.sjctni.edu
24UAI556,24UAI53SP01,"Self-paced Learning: Web Ethics",2,1,25CAI51,"Dr J Hirudhaya Mary Asha",7502364030,hirudhayaasha_cs2@mail.sjctni.edu
24UAI557,24UAI53SP01,"Self-paced Learning: Web Ethics",2,1,25CAI51,"Dr J Hirudhaya Mary Asha",7502364030,hirudhayaasha_cs2@mail.sjctni.edu
24UAI558,24UAI53SP01,"Self-paced Learning: Web Ethics",2,1,25CAI51,"Dr J Hirudhaya Mary Asha",7502364030,hirudhayaasha_cs2@mail.sjctni.edu
24UAI559,24UAI53SP01,"Self-paced Learning: Web Ethics",2,1,25CAI51,"Dr J Hirudhaya Mary Asha",7502364030,hirudhayaasha_cs2@mail.sjctni.edu
24UAI560,24UAI53SP01,"Self-paced Learning: Web Ethics",2,1,25CAI51,"Dr J Hirudhaya Mary Asha",7502364030,hirudhayaasha_cs2@mail.sjctni.edu
24UAI561,24UAI53SP01,"Self-paced Learning: Web Ethics",2,1,25CAI51,"Dr J Hirudhaya Mary Asha",7502364030,hirudhayaasha_cs2@mail.sjctni.edu
24UAI562,24UAI53SP01,"Self-paced Learning: Web Ethics",2,1,25CAI51,"Dr J Hirudhaya Mary Asha",7502364030,hirudhayaasha_cs2@mail.sjctni.edu
24UBC501,23UBC53SP01,"Self-Paced Learning: Cloud Computing",2,1,16TIT02,"Dr I Carol",8870078584,carol_it2@mail.sjctni.edu
24UBC502,23UBC53SP01,"Self-Paced Learning: Cloud Computing",2,1,16TIT02,"Dr I Carol",8870078584,carol_it2@mail.sjctni.edu
24UBC503,23UBC53SP01,"Self-Paced Learning: Cloud Computing",2,1,16TIT02,"Dr I Carol",8870078584,carol_it2@mail.sjctni.edu
24UBC504,23UBC53SP01,"Self-Paced Learning: Cloud Computing",2,1,16TIT02,"Dr I Carol",8870078584,carol_it2@mail.sjctni.edu
24UBC505,23UBC53SP01,"Self-Paced Learning: Cloud Computing",2,1,16TIT02,"Dr I Carol",8870078584,carol_it2@mail.sjctni.edu
24UBC506,23UBC53SP01,"Self-Paced Learning: Cloud Computing",2,1,16TIT02,"Dr I Carol",8870078584,carol_it2@mail.sjctni.edu
24UBC507,23UBC53SP01,"Self-Paced Learning: Cloud Computing",2,1,16TIT02,"Dr I Carol",8870078584,carol_it2@mail.sjctni.edu
24UBC508,23UBC53SP01,"Self-Paced Learning: Cloud Computing",2,1,16TIT02,"Dr I Carol",8870078584,carol_it2@mail.sjctni.edu
24UBC509,23UBC53SP01,"Self-Paced Learning: Cloud Computing",2,1,16TIT02,"Dr I Carol",8870078584,carol_it2@mail.sjctni.edu
24UBC510,23UBC53SP01,"Self-Paced Learning: Cloud Computing",2,1,16TIT02,"Dr I Carol",8870078584,carol_it2@mail.sjctni.edu
24UBC511,23UBC53SP01,"Self-Paced Learning: Cloud Computing",2,1,16TIT02,"Dr I Carol",8870078584,carol_it2@mail.sjctni.edu
24UBC512,23UBC53SP01,"Self-Paced Learning: Cloud Computing",2,1,16TIT02,"Dr I Carol",8870078584,carol_it2@mail.sjctni.edu
24UBC513,23UBC53SP01,"Self-Paced Learning: Cloud Computing",2,1,16TIT02,"Dr I Carol",8870078584,carol_it2@mail.sjctni.edu
24UBC514,23UBC53SP01,"Self-Paced Learning: Cloud Computing",2,1,16TIT02,"Dr I Carol",8870078584,carol_it2@mail.sjctni.edu
24UBC515,23UBC53SP01,"Self-Paced Learning: Cloud Computing",2,1,16TIT02,"Dr I Carol",8870078584,carol_it2@mail.sjctni.edu
24UBC516,23UBC53SP01,"Self-Paced Learning: Cloud Computing",2,1,16TIT02,"Dr I Carol",8870078584,carol_it2@mail.sjctni.edu
24UBC517,23UBC53SP01,"Self-Paced Learning: Cloud Computing",2,1,16TIT02,"Dr I Carol",8870078584,carol_it2@mail.sjctni.edu
24UBC518,23UBC53SP01,"Self-Paced Learning: Cloud Computing",2,1,16TIT02,"Dr I Carol",8870078584,carol_it2@mail.sjctni.edu
24UBC519,23UBC53SP01,"Self-Paced Learning: Cloud Computing",2,1,16TIT02,"Dr I Carol",8870078584,carol_it2@mail.sjctni.edu
24UBC520,23UBC53SP01,"Self-Paced Learning: Cloud Computing",2,1,16TIT02,"Dr I Carol",8870078584,carol_it2@mail.sjctni.edu
24UBC521,23UBC53SP01,"Self-Paced Learning: Cloud Computing",2,1,16TIT02,"Dr I Carol",8870078584,carol_it2@mail.sjctni.edu
24UBC522,23UBC53SP01,"Self-Paced Learning: Cloud Computing",2,1,16TIT02,"Dr I Carol",8870078584,carol_it2@mail.sjctni.edu
24UBC523,23UBC53SP01,"Self-Paced Learning: Cloud Computing",2,1,16TIT02,"Dr I Carol",8870078584,carol_it2@mail.sjctni.edu
24UBC524,23UBC53SP01,"Self-Paced Learning: Cloud Computing",2,1,16TIT02,"Dr I Carol",8870078584,carol_it2@mail.sjctni.edu
24UBC525,23UBC53SP01,"Self-Paced Learning: Cloud Computing",2,1,16TIT02,"Dr I Carol",8870078584,carol_it2@mail.sjctni.edu
24UBC526,23UBC53SP01,"Self-Paced Learning: Cloud Computing",2,1,16TIT02,"Dr I Carol",8870078584,carol_it2@mail.sjctni.edu
24UBC527,23UBC53SP01,"Self-Paced Learning: Cloud Computing",2,1,16TIT02,"Dr I Carol",8870078584,carol_it2@mail.sjctni.edu
24UBC528,23UBC53SP01,"Self-Paced Learning: Cloud Computing",2,1,16TIT02,"Dr I Carol",8870078584,carol_it2@mail.sjctni.edu
24UBC529,23UBC53SP01,"Self-Paced Learning: Cloud Computing",2,1,16TIT02,"Dr I Carol",8870078584,carol_it2@mail.sjctni.edu
24UBC530,23UBC53SP01,"Self-Paced Learning: Cloud Computing",2,1,16TIT02,"Dr I Carol",8870078584,carol_it2@mail.sjctni.edu
24UBC531,23UBC53SP01,"Self-Paced Learning: Cloud Computing",2,1,16TIT02,"Dr I Carol",8870078584,carol_it2@mail.sjctni.edu
24UBC532,23UBC53SP01,"Self-Paced Learning: Cloud Computing",2,1,16TIT02,"Dr I Carol",8870078584,carol_it2@mail.sjctni.edu
24UBC533,23UBC53SP01,"Self-Paced Learning: Cloud Computing",2,1,16TIT02,"Dr I Carol",8870078584,carol_it2@mail.sjctni.edu
24UBC534,23UBC53SP01,"Self-Paced Learning: Cloud Computing",2,1,16TIT02,"Dr I Carol",8870078584,carol_it2@mail.sjctni.edu
24UBC535,23UBC53SP01,"Self-Paced Learning: Cloud Computing",2,1,16TIT02,"Dr I Carol",8870078584,carol_it2@mail.sjctni.edu
24UBC536,23UBC53SP01,"Self-Paced Learning: Cloud Computing",2,1,16TIT02,"Dr I Carol",8870078584,carol_it2@mail.sjctni.edu
24UBC537,23UBC53SP01,"Self-Paced Learning: Cloud Computing",2,1,16TIT02,"Dr I Carol",8870078584,carol_it2@mail.sjctni.edu
24UBC538,23UBC53SP01,"Self-Paced Learning: Cloud Computing",2,1,16TIT02,"Dr I Carol",8870078584,carol_it2@mail.sjctni.edu
24UBC539,23UBC53SP01,"Self-Paced Learning: Cloud Computing",2,1,16TIT02,"Dr I Carol",8870078584,carol_it2@mail.sjctni.edu
24UBC540,23UBC53SP01,"Self-Paced Learning: Cloud Computing",2,1,16TIT02,"Dr I Carol",8870078584,carol_it2@mail.sjctni.edu
24UBC541,23UBC53SP01,"Self-Paced Learning: Cloud Computing",2,1,16TIT02,"Dr I Carol",8870078584,carol_it2@mail.sjctni.edu
24UBC542,23UBC53SP01,"Self-Paced Learning: Cloud Computing",2,1,16TIT02,"Dr I Carol",8870078584,carol_it2@mail.sjctni.edu
24UBC543,23UBC53SP01,"Self-Paced Learning: Cloud Computing",2,1,16TIT02,"Dr I Carol",8870078584,carol_it2@mail.sjctni.edu
24UBC544,23UBC53SP01,"Self-Paced Learning: Cloud Computing",2,1,16TIT02,"Dr I Carol",8870078584,carol_it2@mail.sjctni.edu
24UBC545,23UBC53SP01,"Self-Paced Learning: Cloud Computing",2,1,16TIT02,"Dr I Carol",8870078584,carol_it2@mail.sjctni.edu
24UBC546,23UBC53SP01,"Self-Paced Learning: Cloud Computing",2,1,16TIT02,"Dr I Carol",8870078584,carol_it2@mail.sjctni.edu
24UBC547,23UBC53SP01,"Self-Paced Learning: Cloud Computing",2,1,16TIT02,"Dr I Carol",8870078584,carol_it2@mail.sjctni.edu
24UBC548,23UBC53SP01,"Self-Paced Learning: Cloud Computing",2,1,16TIT02,"Dr I Carol",8870078584,carol_it2@mail.sjctni.edu
24UBC549,23UBC53SP01,"Self-Paced Learning: Cloud Computing",2,1,16TIT02,"Dr I Carol",8870078584,carol_it2@mail.sjctni.edu
24UBC550,23UBC53SP01,"Self-Paced Learning: Cloud Computing",2,1,16TIT02,"Dr I Carol",8870078584,carol_it2@mail.sjctni.edu
24UBC551,23UBC53SP01,"Self-Paced Learning: Cloud Computing",2,1,16TIT02,"Dr I Carol",8870078584,carol_it2@mail.sjctni.edu
24UBC552,23UBC53SP01,"Self-Paced Learning: Cloud Computing",2,1,16TIT02,"Dr I Carol",8870078584,carol_it2@mail.sjctni.edu
24UBC553,23UBC53SP01,"Self-Paced Learning: Cloud Computing",2,1,16TIT02,"Dr I Carol",8870078584,carol_it2@mail.sjctni.edu
24UBC554,23UBC53SP01,"Self-Paced Learning: Cloud Computing",2,1,16TIT02,"Dr I Carol",8870078584,carol_it2@mail.sjctni.edu
24UBC555,23UBC53SP01,"Self-Paced Learning: Cloud Computing",2,1,16TIT02,"Dr I Carol",8870078584,carol_it2@mail.sjctni.edu
24UBC556,23UBC53SP01,"Self-Paced Learning: Cloud Computing",2,1,16TIT02,"Dr I Carol",8870078584,carol_it2@mail.sjctni.edu
24UBC557,23UBC53SP01,"Self-Paced Learning: Cloud Computing",2,1,16TIT02,"Dr I Carol",8870078584,carol_it2@mail.sjctni.edu
24UBC558,23UBC53SP01,"Self-Paced Learning: Cloud Computing",2,1,16TIT02,"Dr I Carol",8870078584,carol_it2@mail.sjctni.edu
24UBC559,23UBC53SP01,"Self-Paced Learning: Cloud Computing",2,1,16TIT02,"Dr I Carol",8870078584,carol_it2@mail.sjctni.edu
24UBC560,23UBC53SP01,"Self-Paced Learning: Cloud Computing",2,1,16TIT02,"Dr I Carol",8870078584,carol_it2@mail.sjctni.edu
24UBC561,23UBC53SP01,"Self-Paced Learning: Cloud Computing",2,1,16TIT02,"Dr I Carol",8870078584,carol_it2@mail.sjctni.edu
24UBC562,23UBC53SP01,"Self-Paced Learning: Cloud Computing",2,1,16TIT02,"Dr I Carol",8870078584,carol_it2@mail.sjctni.edu
24UBC563,23UBC53SP01,"Self-Paced Learning: Cloud Computing",2,1,16TIT02,"Dr I Carol",8870078584,carol_it2@mail.sjctni.edu
24UBC564,23UBC53SP01,"Self-Paced Learning: Cloud Computing",2,1,16TIT02,"Dr I Carol",8870078584,carol_it2@mail.sjctni.edu
24UBC565,23UBC53SP01,"Self-Paced Learning: Cloud Computing",2,1,16TIT02,"Dr I Carol",8870078584,carol_it2@mail.sjctni.edu
24UBC566,23UBC53SP01,"Self-Paced Learning: Cloud Computing",2,1,16TIT02,"Dr I Carol",8870078584,carol_it2@mail.sjctni.edu
24UBC601,23UBC53SP01,"Self-Paced Learning: Cloud Computing",2,2,23CIT51,"Dr T Nikil Prakash",9894777901,nikilprakasht_it2@mail.sjctni.edu
24UBC602,23UBC53SP01,"Self-Paced Learning: Cloud Computing",2,2,23CIT51,"Dr T Nikil Prakash",9894777901,nikilprakasht_it2@mail.sjctni.edu
24UBC603,23UBC53SP01,"Self-Paced Learning: Cloud Computing",2,2,23CIT51,"Dr T Nikil Prakash",9894777901,nikilprakasht_it2@mail.sjctni.edu
24UBC604,23UBC53SP01,"Self-Paced Learning: Cloud Computing",2,2,23CIT51,"Dr T Nikil Prakash",9894777901,nikilprakasht_it2@mail.sjctni.edu
24UBC605,23UBC53SP01,"Self-Paced Learning: Cloud Computing",2,2,23CIT51,"Dr T Nikil Prakash",9894777901,nikilprakasht_it2@mail.sjctni.edu
24UBC606,23UBC53SP01,"Self-Paced Learning: Cloud Computing",2,2,23CIT51,"Dr T Nikil Prakash",9894777901,nikilprakasht_it2@mail.sjctni.edu
24UBC607,23UBC53SP01,"Self-Paced Learning: Cloud Computing",2,2,23CIT51,"Dr T Nikil Prakash",9894777901,nikilprakasht_it2@mail.sjctni.edu
24UBC608,23UBC53SP01,"Self-Paced Learning: Cloud Computing",2,2,23CIT51,"Dr T Nikil Prakash",9894777901,nikilprakasht_it2@mail.sjctni.edu
24UBC609,23UBC53SP01,"Self-Paced Learning: Cloud Computing",2,2,23CIT51,"Dr T Nikil Prakash",9894777901,nikilprakasht_it2@mail.sjctni.edu
24UBC610,23UBC53SP01,"Self-Paced Learning: Cloud Computing",2,2,23CIT51,"Dr T Nikil Prakash",9894777901,nikilprakasht_it2@mail.sjctni.edu
24UBC611,23UBC53SP01,"Self-Paced Learning: Cloud Computing",2,2,23CIT51,"Dr T Nikil Prakash",9894777901,nikilprakasht_it2@mail.sjctni.edu
24UBC612,23UBC53SP01,"Self-Paced Learning: Cloud Computing",2,2,23CIT51,"Dr T Nikil Prakash",9894777901,nikilprakasht_it2@mail.sjctni.edu
24UBC613,23UBC53SP01,"Self-Paced Learning: Cloud Computing",2,2,23CIT51,"Dr T Nikil Prakash",9894777901,nikilprakasht_it2@mail.sjctni.edu
24UBC614,23UBC53SP01,"Self-Paced Learning: Cloud Computing",2,2,23CIT51,"Dr T Nikil Prakash",9894777901,nikilprakasht_it2@mail.sjctni.edu
24UBC615,23UBC53SP01,"Self-Paced Learning: Cloud Computing",2,2,23CIT51,"Dr T Nikil Prakash",9894777901,nikilprakasht_it2@mail.sjctni.edu
24UBC616,23UBC53SP01,"Self-Paced Learning: Cloud Computing",2,2,23CIT51,"Dr T Nikil Prakash",9894777901,nikilprakasht_it2@mail.sjctni.edu
24UBC617,23UBC53SP01,"Self-Paced Learning: Cloud Computing",2,2,23CIT51,"Dr T Nikil Prakash",9894777901,nikilprakasht_it2@mail.sjctni.edu
24UBC618,23UBC53SP01,"Self-Paced Learning: Cloud Computing",2,2,23CIT51,"Dr T Nikil Prakash",9894777901,nikilprakasht_it2@mail.sjctni.edu
24UBC619,23UBC53SP01,"Self-Paced Learning: Cloud Computing",2,2,23CIT51,"Dr T Nikil Prakash",9894777901,nikilprakasht_it2@mail.sjctni.edu
24UBC620,23UBC53SP01,"Self-Paced Learning: Cloud Computing",2,2,23CIT51,"Dr T Nikil Prakash",9894777901,nikilprakasht_it2@mail.sjctni.edu
24UBC621,23UBC53SP01,"Self-Paced Learning: Cloud Computing",2,2,23CIT51,"Dr T Nikil Prakash",9894777901,nikilprakasht_it2@mail.sjctni.edu
24UBC622,23UBC53SP01,"Self-Paced Learning: Cloud Computing",2,2,23CIT51,"Dr T Nikil Prakash",9894777901,nikilprakasht_it2@mail.sjctni.edu
24UBC623,23UBC53SP01,"Self-Paced Learning: Cloud Computing",2,2,23CIT51,"Dr T Nikil Prakash",9894777901,nikilprakasht_it2@mail.sjctni.edu
24UBC624,23UBC53SP01,"Self-Paced Learning: Cloud Computing",2,2,23CIT51,"Dr T Nikil Prakash",9894777901,nikilprakasht_it2@mail.sjctni.edu
24UBC625,23UBC53SP01,"Self-Paced Learning: Cloud Computing",2,2,23CIT51,"Dr T Nikil Prakash",9894777901,nikilprakasht_it2@mail.sjctni.edu
24UBC626,23UBC53SP01,"Self-Paced Learning: Cloud Computing",2,2,23CIT51,"Dr T Nikil Prakash",9894777901,nikilprakasht_it2@mail.sjctni.edu
24UBC627,23UBC53SP01,"Self-Paced Learning: Cloud Computing",2,2,23CIT51,"Dr T Nikil Prakash",9894777901,nikilprakasht_it2@mail.sjctni.edu
24UBC628,23UBC53SP01,"Self-Paced Learning: Cloud Computing",2,2,23CIT51,"Dr T Nikil Prakash",9894777901,nikilprakasht_it2@mail.sjctni.edu
24UBC629,23UBC53SP01,"Self-Paced Learning: Cloud Computing",2,2,23CIT51,"Dr T Nikil Prakash",9894777901,nikilprakasht_it2@mail.sjctni.edu
24UBC630,23UBC53SP01,"Self-Paced Learning: Cloud Computing",2,2,23CIT51,"Dr T Nikil Prakash",9894777901,nikilprakasht_it2@mail.sjctni.edu
24UBC631,23UBC53SP01,"Self-Paced Learning: Cloud Computing",2,2,23CIT51,"Dr T Nikil Prakash",9894777901,nikilprakasht_it2@mail.sjctni.edu
24UBC632,23UBC53SP01,"Self-Paced Learning: Cloud Computing",2,2,23CIT51,"Dr T Nikil Prakash",9894777901,nikilprakasht_it2@mail.sjctni.edu
24UBC633,23UBC53SP01,"Self-Paced Learning: Cloud Computing",2,2,23CIT51,"Dr T Nikil Prakash",9894777901,nikilprakasht_it2@mail.sjctni.edu
24UBC634,23UBC53SP01,"Self-Paced Learning: Cloud Computing",2,2,23CIT51,"Dr T Nikil Prakash",9894777901,nikilprakasht_it2@mail.sjctni.edu
24UBC636,23UBC53SP01,"Self-Paced Learning: Cloud Computing",2,2,23CIT51,"Dr T Nikil Prakash",9894777901,nikilprakasht_it2@mail.sjctni.edu
24UBC637,23UBC53SP01,"Self-Paced Learning: Cloud Computing",2,2,23CIT51,"Dr T Nikil Prakash",9894777901,nikilprakasht_it2@mail.sjctni.edu
24UBC638,23UBC53SP01,"Self-Paced Learning: Cloud Computing",2,2,23CIT51,"Dr T Nikil Prakash",9894777901,nikilprakasht_it2@mail.sjctni.edu
24UBC639,23UBC53SP01,"Self-Paced Learning: Cloud Computing",2,2,23CIT51,"Dr T Nikil Prakash",9894777901,nikilprakasht_it2@mail.sjctni.edu
24UBC640,23UBC53SP01,"Self-Paced Learning: Cloud Computing",2,2,23CIT51,"Dr T Nikil Prakash",9894777901,nikilprakasht_it2@mail.sjctni.edu
24UBC641,23UBC53SP01,"Self-Paced Learning: Cloud Computing",2,2,23CIT51,"Dr T Nikil Prakash",9894777901,nikilprakasht_it2@mail.sjctni.edu
24UBC642,23UBC53SP01,"Self-Paced Learning: Cloud Computing",2,2,23CIT51,"Dr T Nikil Prakash",9894777901,nikilprakasht_it2@mail.sjctni.edu
24UBC643,23UBC53SP01,"Self-Paced Learning: Cloud Computing",2,2,23CIT51,"Dr T Nikil Prakash",9894777901,nikilprakasht_it2@mail.sjctni.edu
24UBC644,23UBC53SP01,"Self-Paced Learning: Cloud Computing",2,2,23CIT51,"Dr T Nikil Prakash",9894777901,nikilprakasht_it2@mail.sjctni.edu
24UBC645,23UBC53SP01,"Self-Paced Learning: Cloud Computing",2,2,23CIT51,"Dr T Nikil Prakash",9894777901,nikilprakasht_it2@mail.sjctni.edu
24UBC646,23UBC53SP01,"Self-Paced Learning: Cloud Computing",2,2,23CIT51,"Dr T Nikil Prakash",9894777901,nikilprakasht_it2@mail.sjctni.edu
24UBC647,23UBC53SP01,"Self-Paced Learning: Cloud Computing",2,2,23CIT51,"Dr T Nikil Prakash",9894777901,nikilprakasht_it2@mail.sjctni.edu
24UBC648,23UBC53SP01,"Self-Paced Learning: Cloud Computing",2,2,23CIT51,"Dr T Nikil Prakash",9894777901,nikilprakasht_it2@mail.sjctni.edu
24UBC649,23UBC53SP01,"Self-Paced Learning: Cloud Computing",2,2,23CIT51,"Dr T Nikil Prakash",9894777901,nikilprakasht_it2@mail.sjctni.edu
24UBC650,23UBC53SP01,"Self-Paced Learning: Cloud Computing",2,2,23CIT51,"Dr T Nikil Prakash",9894777901,nikilprakasht_it2@mail.sjctni.edu
24UBC651,23UBC53SP01,"Self-Paced Learning: Cloud Computing",2,2,23CIT51,"Dr T Nikil Prakash",9894777901,nikilprakasht_it2@mail.sjctni.edu
24UBC652,23UBC53SP01,"Self-Paced Learning: Cloud Computing",2,2,23CIT51,"Dr T Nikil Prakash",9894777901,nikilprakasht_it2@mail.sjctni.edu
24UBC653,23UBC53SP01,"Self-Paced Learning: Cloud Computing",2,2,23CIT51,"Dr T Nikil Prakash",9894777901,nikilprakasht_it2@mail.sjctni.edu
24UBC654,23UBC53SP01,"Self-Paced Learning: Cloud Computing",2,2,23CIT51,"Dr T Nikil Prakash",9894777901,nikilprakasht_it2@mail.sjctni.edu
24UBC655,23UBC53SP01,"Self-Paced Learning: Cloud Computing",2,2,23CIT51,"Dr T Nikil Prakash",9894777901,nikilprakasht_it2@mail.sjctni.edu
24UBC656,23UBC53SP01,"Self-Paced Learning: Cloud Computing",2,2,23CIT51,"Dr T Nikil Prakash",9894777901,nikilprakasht_it2@mail.sjctni.edu
24UBC657,23UBC53SP01,"Self-Paced Learning: Cloud Computing",2,2,23CIT51,"Dr T Nikil Prakash",9894777901,nikilprakasht_it2@mail.sjctni.edu
24UBC658,23UBC53SP01,"Self-Paced Learning: Cloud Computing",2,2,23CIT51,"Dr T Nikil Prakash",9894777901,nikilprakasht_it2@mail.sjctni.edu
24UBC659,23UBC53SP01,"Self-Paced Learning: Cloud Computing",2,2,23CIT51,"Dr T Nikil Prakash",9894777901,nikilprakasht_it2@mail.sjctni.edu
24UBC660,23UBC53SP01,"Self-Paced Learning: Cloud Computing",2,2,23CIT51,"Dr T Nikil Prakash",9894777901,nikilprakasht_it2@mail.sjctni.edu
24UBC661,23UBC53SP01,"Self-Paced Learning: Cloud Computing",2,2,23CIT51,"Dr T Nikil Prakash",9894777901,nikilprakasht_it2@mail.sjctni.edu
24UBC662,23UBC53SP01,"Self-Paced Learning: Cloud Computing",2,2,23CIT51,"Dr T Nikil Prakash",9894777901,nikilprakasht_it2@mail.sjctni.edu
24UBC663,23UBC53SP01,"Self-Paced Learning: Cloud Computing",2,2,23CIT51,"Dr T Nikil Prakash",9894777901,nikilprakasht_it2@mail.sjctni.edu
24UBC665,23UBC53SP01,"Self-Paced Learning: Cloud Computing",2,2,23CIT51,"Dr T Nikil Prakash",9894777901,nikilprakasht_it2@mail.sjctni.edu
24UBC666,23UBC53SP01,"Self-Paced Learning: Cloud Computing",2,2,23CIT51,"Dr T Nikil Prakash",9894777901,nikilprakasht_it2@mail.sjctni.edu
24UBC667,23UBC53SP01,"Self-Paced Learning: Cloud Computing",2,2,23CIT51,"Dr T Nikil Prakash",9894777901,nikilprakasht_it2@mail.sjctni.edu
24UBO101,23UBO53SP01,"Self-paced Learning: Economic Botany",1,1,18FBO01,"Dr A Johny Kumar Tagore",9787393528,jktagore_bo1@mail.sjctni.edu
24UBO102,23UBO53SP01,"Self-paced Learning: Economic Botany",1,1,18FBO01,"Dr A Johny Kumar Tagore",9787393528,jktagore_bo1@mail.sjctni.edu
24UBO103,23UBO53SP01,"Self-paced Learning: Economic Botany",1,1,18FBO01,"Dr A Johny Kumar Tagore",9787393528,jktagore_bo1@mail.sjctni.edu
24UBO104,23UBO53SP01,"Self-paced Learning: Economic Botany",1,1,18FBO01,"Dr A Johny Kumar Tagore",9787393528,jktagore_bo1@mail.sjctni.edu
24UBO105,23UBO53SP01,"Self-paced Learning: Economic Botany",1,1,18FBO01,"Dr A Johny Kumar Tagore",9787393528,jktagore_bo1@mail.sjctni.edu
24UBO106,23UBO53SP01,"Self-paced Learning: Economic Botany",1,1,18FBO01,"Dr A Johny Kumar Tagore",9787393528,jktagore_bo1@mail.sjctni.edu
24UBO107,23UBO53SP01,"Self-paced Learning: Economic Botany",1,1,18FBO01,"Dr A Johny Kumar Tagore",9787393528,jktagore_bo1@mail.sjctni.edu
24UBO108,23UBO53SP01,"Self-paced Learning: Economic Botany",1,1,18FBO01,"Dr A Johny Kumar Tagore",9787393528,jktagore_bo1@mail.sjctni.edu
24UBO109,23UBO53SP01,"Self-paced Learning: Economic Botany",1,1,18FBO01,"Dr A Johny Kumar Tagore",9787393528,jktagore_bo1@mail.sjctni.edu
24UBO110,23UBO53SP01,"Self-paced Learning: Economic Botany",1,1,18FBO01,"Dr A Johny Kumar Tagore",9787393528,jktagore_bo1@mail.sjctni.edu
24UBO111,23UBO53SP01,"Self-paced Learning: Economic Botany",1,1,18FBO01,"Dr A Johny Kumar Tagore",9787393528,jktagore_bo1@mail.sjctni.edu
24UBO112,23UBO53SP01,"Self-paced Learning: Economic Botany",1,1,18FBO01,"Dr A Johny Kumar Tagore",9787393528,jktagore_bo1@mail.sjctni.edu
24UBO113,23UBO53SP01,"Self-paced Learning: Economic Botany",1,1,18FBO01,"Dr A Johny Kumar Tagore",9787393528,jktagore_bo1@mail.sjctni.edu
24UBO114,23UBO53SP01,"Self-paced Learning: Economic Botany",1,1,18FBO01,"Dr A Johny Kumar Tagore",9787393528,jktagore_bo1@mail.sjctni.edu
24UBO115,23UBO53SP01,"Self-paced Learning: Economic Botany",1,1,18FBO01,"Dr A Johny Kumar Tagore",9787393528,jktagore_bo1@mail.sjctni.edu
24UBO116,23UBO53SP01,"Self-paced Learning: Economic Botany",1,1,18FBO01,"Dr A Johny Kumar Tagore",9787393528,jktagore_bo1@mail.sjctni.edu
24UBO117,23UBO53SP01,"Self-paced Learning: Economic Botany",1,1,18FBO01,"Dr A Johny Kumar Tagore",9787393528,jktagore_bo1@mail.sjctni.edu
24UBO118,23UBO53SP01,"Self-paced Learning: Economic Botany",1,1,18FBO01,"Dr A Johny Kumar Tagore",9787393528,jktagore_bo1@mail.sjctni.edu
24UBO119,23UBO53SP01,"Self-paced Learning: Economic Botany",1,1,18FBO01,"Dr A Johny Kumar Tagore",9787393528,jktagore_bo1@mail.sjctni.edu
24UBO120,23UBO53SP01,"Self-paced Learning: Economic Botany",1,1,18FBO01,"Dr A Johny Kumar Tagore",9787393528,jktagore_bo1@mail.sjctni.edu
24UBO121,23UBO53SP01,"Self-paced Learning: Economic Botany",1,1,18FBO01,"Dr A Johny Kumar Tagore",9787393528,jktagore_bo1@mail.sjctni.edu
24UBO123,23UBO53SP01,"Self-paced Learning: Economic Botany",1,1,18FBO01,"Dr A Johny Kumar Tagore",9787393528,jktagore_bo1@mail.sjctni.edu
24UBO124,23UBO53SP01,"Self-paced Learning: Economic Botany",1,1,18FBO01,"Dr A Johny Kumar Tagore",9787393528,jktagore_bo1@mail.sjctni.edu
24UBO125,23UBO53SP01,"Self-paced Learning: Economic Botany",1,1,18FBO01,"Dr A Johny Kumar Tagore",9787393528,jktagore_bo1@mail.sjctni.edu
24UBO126,23UBO53SP01,"Self-paced Learning: Economic Botany",1,1,18FBO01,"Dr A Johny Kumar Tagore",9787393528,jktagore_bo1@mail.sjctni.edu
24UBO127,23UBO53SP01,"Self-paced Learning: Economic Botany",1,1,18FBO01,"Dr A Johny Kumar Tagore",9787393528,jktagore_bo1@mail.sjctni.edu
24UBO128,23UBO53SP01,"Self-paced Learning: Economic Botany",1,1,18FBO01,"Dr A Johny Kumar Tagore",9787393528,jktagore_bo1@mail.sjctni.edu
24UBO129,23UBO53SP01,"Self-paced Learning: Economic Botany",1,1,18FBO01,"Dr A Johny Kumar Tagore",9787393528,jktagore_bo1@mail.sjctni.edu
24UBO130,23UBO53SP01,"Self-paced Learning: Economic Botany",1,1,18FBO01,"Dr A Johny Kumar Tagore",9787393528,jktagore_bo1@mail.sjctni.edu
24UBO131,23UBO53SP01,"Self-paced Learning: Economic Botany",1,1,18FBO01,"Dr A Johny Kumar Tagore",9787393528,jktagore_bo1@mail.sjctni.edu
24UBO132,23UBO53SP01,"Self-paced Learning: Economic Botany",1,1,18FBO01,"Dr A Johny Kumar Tagore",9787393528,jktagore_bo1@mail.sjctni.edu
24UBO133,23UBO53SP01,"Self-paced Learning: Economic Botany",1,1,18FBO01,"Dr A Johny Kumar Tagore",9787393528,jktagore_bo1@mail.sjctni.edu
24UBO134,23UBO53SP01,"Self-paced Learning: Economic Botany",1,1,18FBO01,"Dr A Johny Kumar Tagore",9787393528,jktagore_bo1@mail.sjctni.edu
24UBO135,23UBO53SP01,"Self-paced Learning: Economic Botany",1,1,18FBO01,"Dr A Johny Kumar Tagore",9787393528,jktagore_bo1@mail.sjctni.edu
24UBO136,23UBO53SP01,"Self-paced Learning: Economic Botany",1,1,18FBO01,"Dr A Johny Kumar Tagore",9787393528,jktagore_bo1@mail.sjctni.edu
24UBO137,23UBO53SP01,"Self-paced Learning: Economic Botany",1,1,18FBO01,"Dr A Johny Kumar Tagore",9787393528,jktagore_bo1@mail.sjctni.edu
24UBO138,23UBO53SP01,"Self-paced Learning: Economic Botany",1,1,18FBO01,"Dr A Johny Kumar Tagore",9787393528,jktagore_bo1@mail.sjctni.edu
24UBO139,23UBO53SP01,"Self-paced Learning: Economic Botany",1,1,18FBO01,"Dr A Johny Kumar Tagore",9787393528,jktagore_bo1@mail.sjctni.edu
24UBO140,23UBO53SP01,"Self-paced Learning: Economic Botany",1,1,18FBO01,"Dr A Johny Kumar Tagore",9787393528,jktagore_bo1@mail.sjctni.edu
24UBO141,23UBO53SP01,"Self-paced Learning: Economic Botany",1,1,18FBO01,"Dr A Johny Kumar Tagore",9787393528,jktagore_bo1@mail.sjctni.edu
24UBO142,23UBO53SP01,"Self-paced Learning: Economic Botany",1,1,18FBO01,"Dr A Johny Kumar Tagore",9787393528,jktagore_bo1@mail.sjctni.edu
24UBO143,23UBO53SP01,"Self-paced Learning: Economic Botany",1,1,18FBO01,"Dr A Johny Kumar Tagore",9787393528,jktagore_bo1@mail.sjctni.edu
24UBO144,23UBO53SP01,"Self-paced Learning: Economic Botany",1,1,18FBO01,"Dr A Johny Kumar Tagore",9787393528,jktagore_bo1@mail.sjctni.edu
24UBO145,23UBO53SP01,"Self-paced Learning: Economic Botany",1,1,18FBO01,"Dr A Johny Kumar Tagore",9787393528,jktagore_bo1@mail.sjctni.edu
24UBO146,23UBO53SP01,"Self-paced Learning: Economic Botany",1,1,18FBO01,"Dr A Johny Kumar Tagore",9787393528,jktagore_bo1@mail.sjctni.edu
24UBO147,23UBO53SP01,"Self-paced Learning: Economic Botany",1,1,18FBO01,"Dr A Johny Kumar Tagore",9787393528,jktagore_bo1@mail.sjctni.edu
24UBO148,23UBO53SP01,"Self-paced Learning: Economic Botany",1,1,18FBO01,"Dr A Johny Kumar Tagore",9787393528,jktagore_bo1@mail.sjctni.edu
24UBO149,23UBO53SP01,"Self-paced Learning: Economic Botany",1,1,18FBO01,"Dr A Johny Kumar Tagore",9787393528,jktagore_bo1@mail.sjctni.edu
24UBO150,23UBO53SP01,"Self-paced Learning: Economic Botany",1,1,18FBO01,"Dr A Johny Kumar Tagore",9787393528,jktagore_bo1@mail.sjctni.edu
24UBO151,23UBO53SP01,"Self-paced Learning: Economic Botany",1,1,18FBO01,"Dr A Johny Kumar Tagore",9787393528,jktagore_bo1@mail.sjctni.edu
24UBO152,23UBO53SP01,"Self-paced Learning: Economic Botany",1,1,18FBO01,"Dr A Johny Kumar Tagore",9787393528,jktagore_bo1@mail.sjctni.edu
24UBO153,23UBO53SP01,"Self-paced Learning: Economic Botany",1,1,18FBO01,"Dr A Johny Kumar Tagore",9787393528,jktagore_bo1@mail.sjctni.edu
24UBU502,23UBU53SP01A,"Self-paced Learning: Advertising and sales Promotion",2,1,26SBU51,"Mr B Ananda Raj",NULL,anandaraj_bu2@mail.sjctni.edu
24UBU503,23UBU53SP01A,"Self-paced Learning: Advertising and sales Promotion",2,1,26SBU51,"Mr B Ananda Raj",NULL,anandaraj_bu2@mail.sjctni.edu
24UBU504,23UBU53SP01A,"Self-paced Learning: Advertising and sales Promotion",2,1,26SBU51,"Mr B Ananda Raj",NULL,anandaraj_bu2@mail.sjctni.edu
24UBU505,23UBU53SP01B,"Self-paced Learning: Customer Relationship Management",2,1,26SBU52,"Ms P Sindhuja",NULL,sindhuja_bu2@mail.sjctni.edu
24UBU506,23UBU53SP01A,"Self-paced Learning: Advertising and sales Promotion",2,1,26SBU51,"Mr B Ananda Raj",NULL,anandaraj_bu2@mail.sjctni.edu
24UBU507,23UBU53SP01A,"Self-paced Learning: Advertising and sales Promotion",2,1,26SBU51,"Mr B Ananda Raj",NULL,anandaraj_bu2@mail.sjctni.edu
24UBU508,23UBU53SP01B,"Self-paced Learning: Customer Relationship Management",2,1,26SBU52,"Ms P Sindhuja",NULL,sindhuja_bu2@mail.sjctni.edu
24UBU509,23UBU53SP01A,"Self-paced Learning: Advertising and sales Promotion",2,1,26SBU51,"Mr B Ananda Raj",NULL,anandaraj_bu2@mail.sjctni.edu
24UBU510,23UBU53SP01A,"Self-paced Learning: Advertising and sales Promotion",2,1,26SBU51,"Mr B Ananda Raj",NULL,anandaraj_bu2@mail.sjctni.edu
24UBU511,23UBU53SP01B,"Self-paced Learning: Customer Relationship Management",2,1,26SBU52,"Ms P Sindhuja",NULL,sindhuja_bu2@mail.sjctni.edu
24UBU512,23UBU53SP01A,"Self-paced Learning: Advertising and sales Promotion",2,1,26SBU51,"Mr B Ananda Raj",NULL,anandaraj_bu2@mail.sjctni.edu
24UBU513,23UBU53SP01B,"Self-paced Learning: Customer Relationship Management",2,1,26SBU52,"Ms P Sindhuja",NULL,sindhuja_bu2@mail.sjctni.edu
24UBU515,23UBU53SP01A,"Self-paced Learning: Advertising and sales Promotion",2,1,26SBU51,"Mr B Ananda Raj",NULL,anandaraj_bu2@mail.sjctni.edu
24UBU516,23UBU53SP01A,"Self-paced Learning: Advertising and sales Promotion",2,1,26SBU51,"Mr B Ananda Raj",NULL,anandaraj_bu2@mail.sjctni.edu
24UBU517,23UBU53SP01A,"Self-paced Learning: Advertising and sales Promotion",2,1,26SBU51,"Mr B Ananda Raj",NULL,anandaraj_bu2@mail.sjctni.edu
24UBU518,23UBU53SP01A,"Self-paced Learning: Advertising and sales Promotion",2,1,26SBU51,"Mr B Ananda Raj",NULL,anandaraj_bu2@mail.sjctni.edu
24UBU519,23UBU53SP01B,"Self-paced Learning: Customer Relationship Management",2,1,26SBU52,"Ms P Sindhuja",NULL,sindhuja_bu2@mail.sjctni.edu
24UBU520,23UBU53SP01B,"Self-paced Learning: Customer Relationship Management",2,1,26SBU52,"Ms P Sindhuja",NULL,sindhuja_bu2@mail.sjctni.edu
24UBU521,23UBU53SP01B,"Self-paced Learning: Customer Relationship Management",2,1,26SBU52,"Ms P Sindhuja",NULL,sindhuja_bu2@mail.sjctni.edu
24UBU522,23UBU53SP01B,"Self-paced Learning: Customer Relationship Management",2,1,26SBU52,"Ms P Sindhuja",NULL,sindhuja_bu2@mail.sjctni.edu
24UBU523,23UBU53SP01B,"Self-paced Learning: Customer Relationship Management",2,1,26SBU52,"Ms P Sindhuja",NULL,sindhuja_bu2@mail.sjctni.edu
24UBU524,23UBU53SP01A,"Self-paced Learning: Advertising and sales Promotion",2,1,26SBU51,"Mr B Ananda Raj",NULL,anandaraj_bu2@mail.sjctni.edu
24UBU525,23UBU53SP01B,"Self-paced Learning: Customer Relationship Management",2,1,26SBU52,"Ms P Sindhuja",NULL,sindhuja_bu2@mail.sjctni.edu
24UBU526,23UBU53SP01B,"Self-paced Learning: Customer Relationship Management",2,1,26SBU52,"Ms P Sindhuja",NULL,sindhuja_bu2@mail.sjctni.edu
24UBU527,23UBU53SP01A,"Self-paced Learning: Advertising and sales Promotion",2,1,26SBU51,"Mr B Ananda Raj",NULL,anandaraj_bu2@mail.sjctni.edu
24UBU528,23UBU53SP01B,"Self-paced Learning: Customer Relationship Management",2,1,26SBU52,"Ms P Sindhuja",NULL,sindhuja_bu2@mail.sjctni.edu
24UBU529,23UBU53SP01B,"Self-paced Learning: Customer Relationship Management",2,1,26SBU52,"Ms P Sindhuja",NULL,sindhuja_bu2@mail.sjctni.edu
24UBU530,23UBU53SP01A,"Self-paced Learning: Advertising and sales Promotion",2,1,26SBU51,"Mr B Ananda Raj",NULL,anandaraj_bu2@mail.sjctni.edu
24UBU531,23UBU53SP01A,"Self-paced Learning: Advertising and sales Promotion",2,1,26SBU51,"Mr B Ananda Raj",NULL,anandaraj_bu2@mail.sjctni.edu
24UBU532,23UBU53SP01A,"Self-paced Learning: Advertising and sales Promotion",2,1,26SBU51,"Mr B Ananda Raj",NULL,anandaraj_bu2@mail.sjctni.edu
24UBU533,23UBU53SP01A,"Self-paced Learning: Advertising and sales Promotion",2,1,26SBU51,"Mr B Ananda Raj",NULL,anandaraj_bu2@mail.sjctni.edu
24UBU534,23UBU53SP01B,"Self-paced Learning: Customer Relationship Management",2,1,26SBU52,"Ms P Sindhuja",NULL,sindhuja_bu2@mail.sjctni.edu
24UBU535,23UBU53SP01B,"Self-paced Learning: Customer Relationship Management",2,1,26SBU52,"Ms P Sindhuja",NULL,sindhuja_bu2@mail.sjctni.edu
24UBU536,23UBU53SP01A,"Self-paced Learning: Advertising and sales Promotion",2,1,26SBU51,"Mr B Ananda Raj",NULL,anandaraj_bu2@mail.sjctni.edu
24UBU537,23UBU53SP01B,"Self-paced Learning: Customer Relationship Management",2,1,26SBU52,"Ms P Sindhuja",NULL,sindhuja_bu2@mail.sjctni.edu
24UBU538,23UBU53SP01B,"Self-paced Learning: Customer Relationship Management",2,1,26SBU52,"Ms P Sindhuja",NULL,sindhuja_bu2@mail.sjctni.edu
24UBU539,23UBU53SP01B,"Self-paced Learning: Customer Relationship Management",2,1,26SBU52,"Ms P Sindhuja",NULL,sindhuja_bu2@mail.sjctni.edu
24UBU540,23UBU53SP01B,"Self-paced Learning: Customer Relationship Management",2,1,26SBU52,"Ms P Sindhuja",NULL,sindhuja_bu2@mail.sjctni.edu
24UBU541,23UBU53SP01B,"Self-paced Learning: Customer Relationship Management",2,1,26SBU52,"Ms P Sindhuja",NULL,sindhuja_bu2@mail.sjctni.edu
24UBU542,23UBU53SP01B,"Self-paced Learning: Customer Relationship Management",2,1,26SBU52,"Ms P Sindhuja",NULL,sindhuja_bu2@mail.sjctni.edu
24UBU543,23UBU53SP01B,"Self-paced Learning: Customer Relationship Management",2,1,26SBU52,"Ms P Sindhuja",NULL,sindhuja_bu2@mail.sjctni.edu
24UBU544,23UBU53SP01B,"Self-paced Learning: Customer Relationship Management",2,1,26SBU52,"Ms P Sindhuja",NULL,sindhuja_bu2@mail.sjctni.edu
24UBU545,23UBU53SP01B,"Self-paced Learning: Customer Relationship Management",2,1,26SBU52,"Ms P Sindhuja",NULL,sindhuja_bu2@mail.sjctni.edu
24UBU546,23UBU53SP01A,"Self-paced Learning: Advertising and sales Promotion",2,1,26SBU51,"Mr B Ananda Raj",NULL,anandaraj_bu2@mail.sjctni.edu
24UBU547,23UBU53SP01B,"Self-paced Learning: Customer Relationship Management",2,1,26SBU52,"Ms P Sindhuja",NULL,sindhuja_bu2@mail.sjctni.edu
24UBU548,23UBU53SP01A,"Self-paced Learning: Advertising and sales Promotion",2,1,26SBU51,"Mr B Ananda Raj",NULL,anandaraj_bu2@mail.sjctni.edu
24UBU549,23UBU53SP01A,"Self-paced Learning: Advertising and sales Promotion",2,1,26SBU51,"Mr B Ananda Raj",NULL,anandaraj_bu2@mail.sjctni.edu
24UBU550,23UBU53SP01B,"Self-paced Learning: Customer Relationship Management",2,1,26SBU52,"Ms P Sindhuja",NULL,sindhuja_bu2@mail.sjctni.edu
24UBU551,23UBU53SP01B,"Self-paced Learning: Customer Relationship Management",2,1,26SBU52,"Ms P Sindhuja",NULL,sindhuja_bu2@mail.sjctni.edu
24UBU552,23UBU53SP01B,"Self-paced Learning: Customer Relationship Management",2,1,26SBU52,"Ms P Sindhuja",NULL,sindhuja_bu2@mail.sjctni.edu
24UBU553,23UBU53SP01A,"Self-paced Learning: Advertising and sales Promotion",2,1,26SBU51,"Mr B Ananda Raj",NULL,anandaraj_bu2@mail.sjctni.edu
24UBU554,23UBU53SP01B,"Self-paced Learning: Customer Relationship Management",2,1,26SBU52,"Ms P Sindhuja",NULL,sindhuja_bu2@mail.sjctni.edu
24UBU555,23UBU53SP01B,"Self-paced Learning: Customer Relationship Management",2,1,26SBU52,"Ms P Sindhuja",NULL,sindhuja_bu2@mail.sjctni.edu
24UBU556,23UBU53SP01A,"Self-paced Learning: Advertising and sales Promotion",2,1,26SBU51,"Mr B Ananda Raj",NULL,anandaraj_bu2@mail.sjctni.edu
24UBU557,23UBU53SP01A,"Self-paced Learning: Advertising and sales Promotion",2,1,26SBU51,"Mr B Ananda Raj",NULL,anandaraj_bu2@mail.sjctni.edu
24UBU558,23UBU53SP01A,"Self-paced Learning: Advertising and sales Promotion",2,1,26SBU51,"Mr B Ananda Raj",NULL,anandaraj_bu2@mail.sjctni.edu
24UBU559,23UBU53SP01A,"Self-paced Learning: Advertising and sales Promotion",2,1,26SBU51,"Mr B Ananda Raj",NULL,anandaraj_bu2@mail.sjctni.edu
24UBU560,23UBU53SP01B,"Self-paced Learning: Customer Relationship Management",2,1,26SBU52,"Ms P Sindhuja",NULL,sindhuja_bu2@mail.sjctni.edu
24UBU561,23UBU53SP01B,"Self-paced Learning: Customer Relationship Management",2,1,26SBU52,"Ms P Sindhuja",NULL,sindhuja_bu2@mail.sjctni.edu
24UBU562,23UBU53SP01A,"Self-paced Learning: Advertising and sales Promotion",2,1,26SBU51,"Mr B Ananda Raj",NULL,anandaraj_bu2@mail.sjctni.edu
24UBU563,23UBU53SP01B,"Self-paced Learning: Customer Relationship Management",2,1,26SBU52,"Ms P Sindhuja",NULL,sindhuja_bu2@mail.sjctni.edu
24UBU564,23UBU53SP01B,"Self-paced Learning: Customer Relationship Management",2,1,26SBU52,"Ms P Sindhuja",NULL,sindhuja_bu2@mail.sjctni.edu
24UBU565,23UBU53SP01B,"Self-paced Learning: Customer Relationship Management",2,1,26SBU52,"Ms P Sindhuja",NULL,sindhuja_bu2@mail.sjctni.edu
24UBU566,23UBU53SP01A,"Self-paced Learning: Advertising and sales Promotion",2,1,26SBU51,"Mr B Ananda Raj",NULL,anandaraj_bu2@mail.sjctni.edu
24UBU601,23UBU53SP01A,"Self-paced Learning: Advertising and sales Promotion",2,1,26SBU51,"Mr B Ananda Raj",NULL,anandaraj_bu2@mail.sjctni.edu
24UBU602,23UBU53SP01B,"Self-paced Learning: Customer Relationship Management",2,1,26SBU52,"Ms P Sindhuja",NULL,sindhuja_bu2@mail.sjctni.edu
24UBU603,23UBU53SP01A,"Self-paced Learning: Advertising and sales Promotion",2,1,26SBU51,"Mr B Ananda Raj",NULL,anandaraj_bu2@mail.sjctni.edu
24UBU604,23UBU53SP01A,"Self-paced Learning: Advertising and sales Promotion",2,1,26SBU51,"Mr B Ananda Raj",NULL,anandaraj_bu2@mail.sjctni.edu
24UBU605,23UBU53SP01A,"Self-paced Learning: Advertising and sales Promotion",2,1,26SBU51,"Mr B Ananda Raj",NULL,anandaraj_bu2@mail.sjctni.edu
24UBU606,23UBU53SP01A,"Self-paced Learning: Advertising and sales Promotion",2,1,26SBU51,"Mr B Ananda Raj",NULL,anandaraj_bu2@mail.sjctni.edu
24UBU608,23UBU53SP01B,"Self-paced Learning: Customer Relationship Management",2,1,26SBU52,"Ms P Sindhuja",NULL,sindhuja_bu2@mail.sjctni.edu
24UBU609,23UBU53SP01A,"Self-paced Learning: Advertising and sales Promotion",2,1,26SBU51,"Mr B Ananda Raj",NULL,anandaraj_bu2@mail.sjctni.edu
24UBU610,23UBU53SP01B,"Self-paced Learning: Customer Relationship Management",2,1,26SBU52,"Ms P Sindhuja",NULL,sindhuja_bu2@mail.sjctni.edu
24UBU613,23UBU53SP01B,"Self-paced Learning: Customer Relationship Management",2,1,26SBU52,"Ms P Sindhuja",NULL,sindhuja_bu2@mail.sjctni.edu
24UBU614,23UBU53SP01A,"Self-paced Learning: Advertising and sales Promotion",2,1,26SBU51,"Mr B Ananda Raj",NULL,anandaraj_bu2@mail.sjctni.edu
24UBU615,23UBU53SP01A,"Self-paced Learning: Advertising and sales Promotion",2,1,26SBU51,"Mr B Ananda Raj",NULL,anandaraj_bu2@mail.sjctni.edu
24UBU616,23UBU53SP01A,"Self-paced Learning: Advertising and sales Promotion",2,1,26SBU51,"Mr B Ananda Raj",NULL,anandaraj_bu2@mail.sjctni.edu
24UBU617,23UBU53SP01B,"Self-paced Learning: Customer Relationship Management",2,1,26SBU52,"Ms P Sindhuja",NULL,sindhuja_bu2@mail.sjctni.edu
24UBU619,23UBU53SP01B,"Self-paced Learning: Customer Relationship Management",2,1,26SBU52,"Ms P Sindhuja",NULL,sindhuja_bu2@mail.sjctni.edu
24UBU620,23UBU53SP01A,"Self-paced Learning: Advertising and sales Promotion",2,1,26SBU51,"Mr B Ananda Raj",NULL,anandaraj_bu2@mail.sjctni.edu
24UBU621,23UBU53SP01B,"Self-paced Learning: Customer Relationship Management",2,1,26SBU52,"Ms P Sindhuja",NULL,sindhuja_bu2@mail.sjctni.edu
24UBU622,23UBU53SP01B,"Self-paced Learning: Customer Relationship Management",2,1,26SBU52,"Ms P Sindhuja",NULL,sindhuja_bu2@mail.sjctni.edu
24UBU623,23UBU53SP01B,"Self-paced Learning: Customer Relationship Management",2,1,26SBU52,"Ms P Sindhuja",NULL,sindhuja_bu2@mail.sjctni.edu
24UBU624,23UBU53SP01B,"Self-paced Learning: Customer Relationship Management",2,1,26SBU52,"Ms P Sindhuja",NULL,sindhuja_bu2@mail.sjctni.edu
24UBU625,23UBU53SP01B,"Self-paced Learning: Customer Relationship Management",2,1,26SBU52,"Ms P Sindhuja",NULL,sindhuja_bu2@mail.sjctni.edu
24UBU626,23UBU53SP01A,"Self-paced Learning: Advertising and sales Promotion",2,1,26SBU51,"Mr B Ananda Raj",NULL,anandaraj_bu2@mail.sjctni.edu
24UBU629,23UBU53SP01A,"Self-paced Learning: Advertising and sales Promotion",2,1,26SBU51,"Mr B Ananda Raj",NULL,anandaraj_bu2@mail.sjctni.edu
24UBU630,23UBU53SP01B,"Self-paced Learning: Customer Relationship Management",2,1,26SBU52,"Ms P Sindhuja",NULL,sindhuja_bu2@mail.sjctni.edu
24UBU631,23UBU53SP01B,"Self-paced Learning: Customer Relationship Management",2,1,26SBU52,"Ms P Sindhuja",NULL,sindhuja_bu2@mail.sjctni.edu
24UBU632,23UBU53SP01B,"Self-paced Learning: Customer Relationship Management",2,1,26SBU52,"Ms P Sindhuja",NULL,sindhuja_bu2@mail.sjctni.edu
24UBU633,23UBU53SP01A,"Self-paced Learning: Advertising and sales Promotion",2,1,26SBU51,"Mr B Ananda Raj",NULL,anandaraj_bu2@mail.sjctni.edu
24UBU634,23UBU53SP01B,"Self-paced Learning: Customer Relationship Management",2,1,26SBU52,"Ms P Sindhuja",NULL,sindhuja_bu2@mail.sjctni.edu
24UBU635,23UBU53SP01A,"Self-paced Learning: Advertising and sales Promotion",2,1,26SBU51,"Mr B Ananda Raj",NULL,anandaraj_bu2@mail.sjctni.edu
24UBU636,23UBU53SP01A,"Self-paced Learning: Advertising and sales Promotion",2,1,26SBU51,"Mr B Ananda Raj",NULL,anandaraj_bu2@mail.sjctni.edu
24UBU637,23UBU53SP01A,"Self-paced Learning: Advertising and sales Promotion",2,1,26SBU51,"Mr B Ananda Raj",NULL,anandaraj_bu2@mail.sjctni.edu
24UBU639,23UBU53SP01B,"Self-paced Learning: Customer Relationship Management",2,1,26SBU52,"Ms P Sindhuja",NULL,sindhuja_bu2@mail.sjctni.edu
24UBU640,23UBU53SP01B,"Self-paced Learning: Customer Relationship Management",2,1,26SBU52,"Ms P Sindhuja",NULL,sindhuja_bu2@mail.sjctni.edu
24UBU641,23UBU53SP01A,"Self-paced Learning: Advertising and sales Promotion",2,1,26SBU51,"Mr B Ananda Raj",NULL,anandaraj_bu2@mail.sjctni.edu
24UBU642,23UBU53SP01A,"Self-paced Learning: Advertising and sales Promotion",2,1,26SBU51,"Mr B Ananda Raj",NULL,anandaraj_bu2@mail.sjctni.edu
24UBU644,23UBU53SP01B,"Self-paced Learning: Customer Relationship Management",2,1,26SBU52,"Ms P Sindhuja",NULL,sindhuja_bu2@mail.sjctni.edu
24UBU645,23UBU53SP01B,"Self-paced Learning: Customer Relationship Management",2,1,26SBU52,"Ms P Sindhuja",NULL,sindhuja_bu2@mail.sjctni.edu
24UBU646,23UBU53SP01A,"Self-paced Learning: Advertising and sales Promotion",2,1,26SBU51,"Mr B Ananda Raj",NULL,anandaraj_bu2@mail.sjctni.edu
24UBU647,23UBU53SP01B,"Self-paced Learning: Customer Relationship Management",2,1,26SBU52,"Ms P Sindhuja",NULL,sindhuja_bu2@mail.sjctni.edu
24UBU649,23UBU53SP01A,"Self-paced Learning: Advertising and sales Promotion",2,1,26SBU51,"Mr B Ananda Raj",NULL,anandaraj_bu2@mail.sjctni.edu
24UBU650,23UBU53SP01B,"Self-paced Learning: Customer Relationship Management",2,1,26SBU52,"Ms P Sindhuja",NULL,sindhuja_bu2@mail.sjctni.edu
24UBU651,23UBU53SP01A,"Self-paced Learning: Advertising and sales Promotion",2,1,26SBU51,"Mr B Ananda Raj",NULL,anandaraj_bu2@mail.sjctni.edu
24UBU652,23UBU53SP01B,"Self-paced Learning: Customer Relationship Management",2,1,26SBU52,"Ms P Sindhuja",NULL,sindhuja_bu2@mail.sjctni.edu
24UBU654,23UBU53SP01B,"Self-paced Learning: Customer Relationship Management",2,1,26SBU52,"Ms P Sindhuja",NULL,sindhuja_bu2@mail.sjctni.edu
24UBU656,23UBU53SP01A,"Self-paced Learning: Advertising and sales Promotion",2,1,26SBU51,"Mr B Ananda Raj",NULL,anandaraj_bu2@mail.sjctni.edu
24UBU657,23UBU53SP01A,"Self-paced Learning: Advertising and sales Promotion",2,1,26SBU51,"Mr B Ananda Raj",NULL,anandaraj_bu2@mail.sjctni.edu
24UBU658,23UBU53SP01B,"Self-paced Learning: Customer Relationship Management",2,1,26SBU52,"Ms P Sindhuja",NULL,sindhuja_bu2@mail.sjctni.edu
24UBU659,23UBU53SP01A,"Self-paced Learning: Advertising and sales Promotion",2,1,26SBU51,"Mr B Ananda Raj",NULL,anandaraj_bu2@mail.sjctni.edu
24UBU662,23UBU53SP01A,"Self-paced Learning: Advertising and sales Promotion",2,1,26SBU51,"Mr B Ananda Raj",NULL,anandaraj_bu2@mail.sjctni.edu
24UBU664,23UBU53SP01A,"Self-paced Learning: Advertising and sales Promotion",2,1,26SBU51,"Mr B Ananda Raj",NULL,anandaraj_bu2@mail.sjctni.edu
24UBU666,23UBU53SP01B,"Self-paced Learning: Customer Relationship Management",2,1,26SBU52,"Ms P Sindhuja",NULL,sindhuja_bu2@mail.sjctni.edu
24UBU668,23UBU53SP01B,"Self-paced Learning: Customer Relationship Management",2,1,26SBU52,"Ms P Sindhuja",NULL,sindhuja_bu2@mail.sjctni.edu
24UCB501,24UCB53SP01,"Self-paced Learning: Innovation Management",2,1,26SCB51,"Dr V Benhar Charles",NULL,benharcharles_cb2@mail.sjctni.edu
24UCB502,24UCB53SP01,"Self-paced Learning: Innovation Management",2,1,26SCB51,"Dr V Benhar Charles",NULL,benharcharles_cb2@mail.sjctni.edu
24UCB503,24UCB53SP01,"Self-paced Learning: Innovation Management",2,1,26SCB51,"Dr V Benhar Charles",NULL,benharcharles_cb2@mail.sjctni.edu
24UCB504,24UCB53SP01,"Self-paced Learning: Innovation Management",2,1,26SCB51,"Dr V Benhar Charles",NULL,benharcharles_cb2@mail.sjctni.edu
24UCB505,24UCB53SP01,"Self-paced Learning: Innovation Management",2,1,26SCB51,"Dr V Benhar Charles",NULL,benharcharles_cb2@mail.sjctni.edu
24UCB506,24UCB53SP01,"Self-paced Learning: Innovation Management",2,1,26SCB51,"Dr V Benhar Charles",NULL,benharcharles_cb2@mail.sjctni.edu
24UCB507,24UCB53SP01,"Self-paced Learning: Innovation Management",2,1,26SCB51,"Dr V Benhar Charles",NULL,benharcharles_cb2@mail.sjctni.edu
24UCB508,24UCB53SP01,"Self-paced Learning: Innovation Management",2,1,26SCB51,"Dr V Benhar Charles",NULL,benharcharles_cb2@mail.sjctni.edu
24UCB509,24UCB53SP01,"Self-paced Learning: Innovation Management",2,1,26SCB51,"Dr V Benhar Charles",NULL,benharcharles_cb2@mail.sjctni.edu
24UCB510,24UCB53SP01,"Self-paced Learning: Innovation Management",2,1,26SCB51,"Dr V Benhar Charles",NULL,benharcharles_cb2@mail.sjctni.edu
24UCB511,24UCB53SP01,"Self-paced Learning: Innovation Management",2,1,26SCB51,"Dr V Benhar Charles",NULL,benharcharles_cb2@mail.sjctni.edu
24UCB512,24UCB53SP01,"Self-paced Learning: Innovation Management",2,1,26SCB51,"Dr V Benhar Charles",NULL,benharcharles_cb2@mail.sjctni.edu
24UCB513,24UCB53SP01,"Self-paced Learning: Innovation Management",2,1,26SCB51,"Dr V Benhar Charles",NULL,benharcharles_cb2@mail.sjctni.edu
24UCB514,24UCB53SP01,"Self-paced Learning: Innovation Management",2,1,26SCB51,"Dr V Benhar Charles",NULL,benharcharles_cb2@mail.sjctni.edu
24UCB515,24UCB53SP01,"Self-paced Learning: Innovation Management",2,1,26SCB51,"Dr V Benhar Charles",NULL,benharcharles_cb2@mail.sjctni.edu
24UCB516,24UCB53SP01,"Self-paced Learning: Innovation Management",2,1,26SCB51,"Dr V Benhar Charles",NULL,benharcharles_cb2@mail.sjctni.edu
24UCB517,24UCB53SP01,"Self-paced Learning: Innovation Management",2,1,26SCB51,"Dr V Benhar Charles",NULL,benharcharles_cb2@mail.sjctni.edu
24UCB518,24UCB53SP01,"Self-paced Learning: Innovation Management",2,1,26SCB51,"Dr V Benhar Charles",NULL,benharcharles_cb2@mail.sjctni.edu
24UCB519,24UCB53SP01,"Self-paced Learning: Innovation Management",2,1,26SCB51,"Dr V Benhar Charles",NULL,benharcharles_cb2@mail.sjctni.edu
24UCB520,24UCB53SP01,"Self-paced Learning: Innovation Management",2,1,26SCB51,"Dr V Benhar Charles",NULL,benharcharles_cb2@mail.sjctni.edu
24UCB521,24UCB53SP01,"Self-paced Learning: Innovation Management",2,1,26SCB51,"Dr V Benhar Charles",NULL,benharcharles_cb2@mail.sjctni.edu
24UCB522,24UCB53SP01,"Self-paced Learning: Innovation Management",2,1,26SCB51,"Dr V Benhar Charles",NULL,benharcharles_cb2@mail.sjctni.edu
24UCB523,24UCB53SP01,"Self-paced Learning: Innovation Management",2,1,26SCB51,"Dr V Benhar Charles",NULL,benharcharles_cb2@mail.sjctni.edu
24UCB524,24UCB53SP01,"Self-paced Learning: Innovation Management",2,1,26SCB51,"Dr V Benhar Charles",NULL,benharcharles_cb2@mail.sjctni.edu
24UCB525,24UCB53SP01,"Self-paced Learning: Innovation Management",2,1,26SCB51,"Dr V Benhar Charles",NULL,benharcharles_cb2@mail.sjctni.edu
24UCB526,24UCB53SP01,"Self-paced Learning: Innovation Management",2,1,26SCB51,"Dr V Benhar Charles",NULL,benharcharles_cb2@mail.sjctni.edu
24UCB527,24UCB53SP01,"Self-paced Learning: Innovation Management",2,1,26SCB51,"Dr V Benhar Charles",NULL,benharcharles_cb2@mail.sjctni.edu
24UCB528,24UCB53SP01,"Self-paced Learning: Innovation Management",2,1,26SCB51,"Dr V Benhar Charles",NULL,benharcharles_cb2@mail.sjctni.edu
24UCB529,24UCB53SP01,"Self-paced Learning: Innovation Management",2,1,26SCB51,"Dr V Benhar Charles",NULL,benharcharles_cb2@mail.sjctni.edu
24UCB530,24UCB53SP01,"Self-paced Learning: Innovation Management",2,1,26SCB51,"Dr V Benhar Charles",NULL,benharcharles_cb2@mail.sjctni.edu
24UCB531,24UCB53SP01,"Self-paced Learning: Innovation Management",2,1,26SCB51,"Dr V Benhar Charles",NULL,benharcharles_cb2@mail.sjctni.edu
24UCB532,24UCB53SP01,"Self-paced Learning: Innovation Management",2,1,26SCB51,"Dr V Benhar Charles",NULL,benharcharles_cb2@mail.sjctni.edu
24UCB533,24UCB53SP01,"Self-paced Learning: Innovation Management",2,1,26SCB51,"Dr V Benhar Charles",NULL,benharcharles_cb2@mail.sjctni.edu
24UCB534,24UCB53SP01,"Self-paced Learning: Innovation Management",2,1,26SCB51,"Dr V Benhar Charles",NULL,benharcharles_cb2@mail.sjctni.edu
24UCB535,24UCB53SP01,"Self-paced Learning: Innovation Management",2,1,26SCB51,"Dr V Benhar Charles",NULL,benharcharles_cb2@mail.sjctni.edu
24UCB536,24UCB53SP01,"Self-paced Learning: Innovation Management",2,1,26SCB51,"Dr V Benhar Charles",NULL,benharcharles_cb2@mail.sjctni.edu
24UCB537,24UCB53SP01,"Self-paced Learning: Innovation Management",2,1,26SCB51,"Dr V Benhar Charles",NULL,benharcharles_cb2@mail.sjctni.edu
24UCB538,24UCB53SP01,"Self-paced Learning: Innovation Management",2,1,26SCB51,"Dr V Benhar Charles",NULL,benharcharles_cb2@mail.sjctni.edu
24UCB539,24UCB53SP01,"Self-paced Learning: Innovation Management",2,1,26SCB51,"Dr V Benhar Charles",NULL,benharcharles_cb2@mail.sjctni.edu
24UCB540,24UCB53SP01,"Self-paced Learning: Innovation Management",2,1,26SCB51,"Dr V Benhar Charles",NULL,benharcharles_cb2@mail.sjctni.edu
24UCB541,24UCB53SP01,"Self-paced Learning: Innovation Management",2,1,26SCB51,"Dr V Benhar Charles",NULL,benharcharles_cb2@mail.sjctni.edu
24UCB542,24UCB53SP01,"Self-paced Learning: Innovation Management",2,1,26SCB51,"Dr V Benhar Charles",NULL,benharcharles_cb2@mail.sjctni.edu
24UCB543,24UCB53SP01,"Self-paced Learning: Innovation Management",2,1,26SCB51,"Dr V Benhar Charles",NULL,benharcharles_cb2@mail.sjctni.edu
24UCB544,24UCB53SP01,"Self-paced Learning: Innovation Management",2,1,26SCB51,"Dr V Benhar Charles",NULL,benharcharles_cb2@mail.sjctni.edu
24UCB545,24UCB53SP01,"Self-paced Learning: Innovation Management",2,1,26SCB51,"Dr V Benhar Charles",NULL,benharcharles_cb2@mail.sjctni.edu
24UCB546,24UCB53SP01,"Self-paced Learning: Innovation Management",2,1,26SCB51,"Dr V Benhar Charles",NULL,benharcharles_cb2@mail.sjctni.edu
24UCC501,23UCC53SP01A,"Self-paced Learning: Event Management",2,1,12TCM06,"Dr J Arputha Sahaya Raj",9842825478,arputhasahayaraj_cc2@mail.sjctni.edu
24UCC502,23UCC53SP01A,"Self-paced Learning: Event Management",2,1,12TCM06,"Dr J Arputha Sahaya Raj",9842825478,arputhasahayaraj_cc2@mail.sjctni.edu
24UCC503,23UCC53SP01A,"Self-paced Learning: Event Management",2,1,12TCM06,"Dr J Arputha Sahaya Raj",9842825478,arputhasahayaraj_cc2@mail.sjctni.edu
24UCC504,23UCC53SP01B,"Self-paced Learning: Information Security",2,1,14tcc01,"Dr B Fathima Mary",9629482064,fathimamary_cc2@mail.sjctni.edu
24UCC505,23UCC53SP01A,"Self-paced Learning: Event Management",2,1,12TCM06,"Dr J Arputha Sahaya Raj",9842825478,arputhasahayaraj_cc2@mail.sjctni.edu
24UCC506,23UCC53SP01B,"Self-paced Learning: Information Security",2,1,14tcc01,"Dr B Fathima Mary",9629482064,fathimamary_cc2@mail.sjctni.edu
24UCC507,23UCC53SP01B,"Self-paced Learning: Information Security",2,1,14tcc01,"Dr B Fathima Mary",9629482064,fathimamary_cc2@mail.sjctni.edu
24UCC508,23UCC53SP01B,"Self-paced Learning: Information Security",2,1,14tcc01,"Dr B Fathima Mary",9629482064,fathimamary_cc2@mail.sjctni.edu
24UCC509,23UCC53SP01B,"Self-paced Learning: Information Security",2,1,14tcc01,"Dr B Fathima Mary",9629482064,fathimamary_cc2@mail.sjctni.edu
24UCC510,23UCC53SP01B,"Self-paced Learning: Information Security",2,1,14tcc01,"Dr B Fathima Mary",9629482064,fathimamary_cc2@mail.sjctni.edu
24UCC511,23UCC53SP01A,"Self-paced Learning: Event Management",2,1,12TCM06,"Dr J Arputha Sahaya Raj",9842825478,arputhasahayaraj_cc2@mail.sjctni.edu
24UCC512,23UCC53SP01B,"Self-paced Learning: Information Security",2,1,14tcc01,"Dr B Fathima Mary",9629482064,fathimamary_cc2@mail.sjctni.edu
24UCC513,23UCC53SP01A,"Self-paced Learning: Event Management",2,1,12TCM06,"Dr J Arputha Sahaya Raj",9842825478,arputhasahayaraj_cc2@mail.sjctni.edu
24UCC514,23UCC53SP01B,"Self-paced Learning: Information Security",2,1,14tcc01,"Dr B Fathima Mary",9629482064,fathimamary_cc2@mail.sjctni.edu
24UCC515,23UCC53SP01B,"Self-paced Learning: Information Security",2,1,14tcc01,"Dr B Fathima Mary",9629482064,fathimamary_cc2@mail.sjctni.edu
24UCC516,23UCC53SP01B,"Self-paced Learning: Information Security",2,1,14tcc01,"Dr B Fathima Mary",9629482064,fathimamary_cc2@mail.sjctni.edu
24UCC517,23UCC53SP01B,"Self-paced Learning: Information Security",2,1,14tcc01,"Dr B Fathima Mary",9629482064,fathimamary_cc2@mail.sjctni.edu
24UCC518,23UCC53SP01A,"Self-paced Learning: Event Management",2,1,12TCM06,"Dr J Arputha Sahaya Raj",9842825478,arputhasahayaraj_cc2@mail.sjctni.edu
24UCC519,23UCC53SP01A,"Self-paced Learning: Event Management",2,1,12TCM06,"Dr J Arputha Sahaya Raj",9842825478,arputhasahayaraj_cc2@mail.sjctni.edu
24UCC520,23UCC53SP01A,"Self-paced Learning: Event Management",2,1,12TCM06,"Dr J Arputha Sahaya Raj",9842825478,arputhasahayaraj_cc2@mail.sjctni.edu
24UCC521,23UCC53SP01B,"Self-paced Learning: Information Security",2,1,14tcc01,"Dr B Fathima Mary",9629482064,fathimamary_cc2@mail.sjctni.edu
24UCC522,23UCC53SP01B,"Self-paced Learning: Information Security",2,1,14tcc01,"Dr B Fathima Mary",9629482064,fathimamary_cc2@mail.sjctni.edu
24UCC523,23UCC53SP01A,"Self-paced Learning: Event Management",2,1,12TCM06,"Dr J Arputha Sahaya Raj",9842825478,arputhasahayaraj_cc2@mail.sjctni.edu
24UCC524,23UCC53SP01A,"Self-paced Learning: Event Management",2,1,12TCM06,"Dr J Arputha Sahaya Raj",9842825478,arputhasahayaraj_cc2@mail.sjctni.edu
24UCC525,23UCC53SP01B,"Self-paced Learning: Information Security",2,1,14tcc01,"Dr B Fathima Mary",9629482064,fathimamary_cc2@mail.sjctni.edu
24UCC526,23UCC53SP01B,"Self-paced Learning: Information Security",2,1,14tcc01,"Dr B Fathima Mary",9629482064,fathimamary_cc2@mail.sjctni.edu
24UCC527,23UCC53SP01B,"Self-paced Learning: Information Security",2,1,14tcc01,"Dr B Fathima Mary",9629482064,fathimamary_cc2@mail.sjctni.edu
24UCC528,23UCC53SP01B,"Self-paced Learning: Information Security",2,1,14tcc01,"Dr B Fathima Mary",9629482064,fathimamary_cc2@mail.sjctni.edu
24UCC529,23UCC53SP01A,"Self-paced Learning: Event Management",2,1,12TCM06,"Dr J Arputha Sahaya Raj",9842825478,arputhasahayaraj_cc2@mail.sjctni.edu
24UCC530,23UCC53SP01A,"Self-paced Learning: Event Management",2,1,12TCM06,"Dr J Arputha Sahaya Raj",9842825478,arputhasahayaraj_cc2@mail.sjctni.edu
24UCC531,23UCC53SP01A,"Self-paced Learning: Event Management",2,1,12TCM06,"Dr J Arputha Sahaya Raj",9842825478,arputhasahayaraj_cc2@mail.sjctni.edu
24UCC533,23UCC53SP01B,"Self-paced Learning: Information Security",2,1,14tcc01,"Dr B Fathima Mary",9629482064,fathimamary_cc2@mail.sjctni.edu
24UCC534,23UCC53SP01A,"Self-paced Learning: Event Management",2,1,12TCM06,"Dr J Arputha Sahaya Raj",9842825478,arputhasahayaraj_cc2@mail.sjctni.edu
24UCC535,23UCC53SP01A,"Self-paced Learning: Event Management",2,1,12TCM06,"Dr J Arputha Sahaya Raj",9842825478,arputhasahayaraj_cc2@mail.sjctni.edu
24UCC536,23UCC53SP01B,"Self-paced Learning: Information Security",2,1,14tcc01,"Dr B Fathima Mary",9629482064,fathimamary_cc2@mail.sjctni.edu
24UCC537,23UCC53SP01A,"Self-paced Learning: Event Management",2,1,12TCM06,"Dr J Arputha Sahaya Raj",9842825478,arputhasahayaraj_cc2@mail.sjctni.edu
24UCC538,23UCC53SP01B,"Self-paced Learning: Information Security",2,1,14tcc01,"Dr B Fathima Mary",9629482064,fathimamary_cc2@mail.sjctni.edu
24UCC539,23UCC53SP01B,"Self-paced Learning: Information Security",2,1,14tcc01,"Dr B Fathima Mary",9629482064,fathimamary_cc2@mail.sjctni.edu
24UCC540,23UCC53SP01B,"Self-paced Learning: Information Security",2,1,14tcc01,"Dr B Fathima Mary",9629482064,fathimamary_cc2@mail.sjctni.edu
24UCC541,23UCC53SP01A,"Self-paced Learning: Event Management",2,1,12TCM06,"Dr J Arputha Sahaya Raj",9842825478,arputhasahayaraj_cc2@mail.sjctni.edu
24UCC542,23UCC53SP01B,"Self-paced Learning: Information Security",2,1,14tcc01,"Dr B Fathima Mary",9629482064,fathimamary_cc2@mail.sjctni.edu
24UCC543,23UCC53SP01A,"Self-paced Learning: Event Management",2,1,12TCM06,"Dr J Arputha Sahaya Raj",9842825478,arputhasahayaraj_cc2@mail.sjctni.edu
24UCC544,23UCC53SP01A,"Self-paced Learning: Event Management",2,1,12TCM06,"Dr J Arputha Sahaya Raj",9842825478,arputhasahayaraj_cc2@mail.sjctni.edu
24UCC545,23UCC53SP01A,"Self-paced Learning: Event Management",2,1,12TCM06,"Dr J Arputha Sahaya Raj",9842825478,arputhasahayaraj_cc2@mail.sjctni.edu
24UCC546,23UCC53SP01B,"Self-paced Learning: Information Security",2,1,14tcc01,"Dr B Fathima Mary",9629482064,fathimamary_cc2@mail.sjctni.edu
24UCC547,23UCC53SP01A,"Self-paced Learning: Event Management",2,1,12TCM06,"Dr J Arputha Sahaya Raj",9842825478,arputhasahayaraj_cc2@mail.sjctni.edu
24UCC548,23UCC53SP01A,"Self-paced Learning: Event Management",2,1,12TCM06,"Dr J Arputha Sahaya Raj",9842825478,arputhasahayaraj_cc2@mail.sjctni.edu
24UCC549,23UCC53SP01B,"Self-paced Learning: Information Security",2,1,14tcc01,"Dr B Fathima Mary",9629482064,fathimamary_cc2@mail.sjctni.edu
24UCC550,23UCC53SP01A,"Self-paced Learning: Event Management",2,1,12TCM06,"Dr J Arputha Sahaya Raj",9842825478,arputhasahayaraj_cc2@mail.sjctni.edu
24UCC551,23UCC53SP01B,"Self-paced Learning: Information Security",2,1,14tcc01,"Dr B Fathima Mary",9629482064,fathimamary_cc2@mail.sjctni.edu
24UCC552,23UCC53SP01A,"Self-paced Learning: Event Management",2,1,12TCM06,"Dr J Arputha Sahaya Raj",9842825478,arputhasahayaraj_cc2@mail.sjctni.edu
24UCC554,23UCC53SP01A,"Self-paced Learning: Event Management",2,1,12TCM06,"Dr J Arputha Sahaya Raj",9842825478,arputhasahayaraj_cc2@mail.sjctni.edu
24UCC555,23UCC53SP01B,"Self-paced Learning: Information Security",2,1,14tcc01,"Dr B Fathima Mary",9629482064,fathimamary_cc2@mail.sjctni.edu
24UCC556,23UCC53SP01B,"Self-paced Learning: Information Security",2,1,14tcc01,"Dr B Fathima Mary",9629482064,fathimamary_cc2@mail.sjctni.edu
24UCC557,23UCC53SP01A,"Self-paced Learning: Event Management",2,1,12TCM06,"Dr J Arputha Sahaya Raj",9842825478,arputhasahayaraj_cc2@mail.sjctni.edu
24UCC558,23UCC53SP01B,"Self-paced Learning: Information Security",2,1,14tcc01,"Dr B Fathima Mary",9629482064,fathimamary_cc2@mail.sjctni.edu
24UCC559,23UCC53SP01A,"Self-paced Learning: Event Management",2,1,12TCM06,"Dr J Arputha Sahaya Raj",9842825478,arputhasahayaraj_cc2@mail.sjctni.edu
24UCC560,23UCC53SP01A,"Self-paced Learning: Event Management",2,1,12TCM06,"Dr J Arputha Sahaya Raj",9842825478,arputhasahayaraj_cc2@mail.sjctni.edu
24UCC561,23UCC53SP01A,"Self-paced Learning: Event Management",2,1,12TCM06,"Dr J Arputha Sahaya Raj",9842825478,arputhasahayaraj_cc2@mail.sjctni.edu
24UCC562,23UCC53SP01B,"Self-paced Learning: Information Security",2,1,14tcc01,"Dr B Fathima Mary",9629482064,fathimamary_cc2@mail.sjctni.edu
24UCC563,23UCC53SP01B,"Self-paced Learning: Information Security",2,1,14tcc01,"Dr B Fathima Mary",9629482064,fathimamary_cc2@mail.sjctni.edu
24UCC564,23UCC53SP01B,"Self-paced Learning: Information Security",2,1,14tcc01,"Dr B Fathima Mary",9629482064,fathimamary_cc2@mail.sjctni.edu
24UCC565,23UCC53SP01A,"Self-paced Learning: Event Management",2,1,12TCM06,"Dr J Arputha Sahaya Raj",9842825478,arputhasahayaraj_cc2@mail.sjctni.edu
24UCC566,23UCC53SP01B,"Self-paced Learning: Information Security",2,1,14tcc01,"Dr B Fathima Mary",9629482064,fathimamary_cc2@mail.sjctni.edu
24UCC567,23UCC53SP01A,"Self-paced Learning: Event Management",2,1,12TCM06,"Dr J Arputha Sahaya Raj",9842825478,arputhasahayaraj_cc2@mail.sjctni.edu
24UCC601,23UCC53SP01A,"Self-paced Learning: Event Management",2,1,12TCM06,"Dr J Arputha Sahaya Raj",9842825478,arputhasahayaraj_cc2@mail.sjctni.edu
24UCC602,23UCC53SP01B,"Self-paced Learning: Information Security",2,1,14tcc01,"Dr B Fathima Mary",9629482064,fathimamary_cc2@mail.sjctni.edu
24UCC603,23UCC53SP01A,"Self-paced Learning: Event Management",2,1,12TCM06,"Dr J Arputha Sahaya Raj",9842825478,arputhasahayaraj_cc2@mail.sjctni.edu
24UCC604,23UCC53SP01B,"Self-paced Learning: Information Security",2,1,14tcc01,"Dr B Fathima Mary",9629482064,fathimamary_cc2@mail.sjctni.edu
24UCC605,23UCC53SP01A,"Self-paced Learning: Event Management",2,1,12TCM06,"Dr J Arputha Sahaya Raj",9842825478,arputhasahayaraj_cc2@mail.sjctni.edu
24UCC606,23UCC53SP01A,"Self-paced Learning: Event Management",2,1,12TCM06,"Dr J Arputha Sahaya Raj",9842825478,arputhasahayaraj_cc2@mail.sjctni.edu
24UCC607,23UCC53SP01B,"Self-paced Learning: Information Security",2,1,14tcc01,"Dr B Fathima Mary",9629482064,fathimamary_cc2@mail.sjctni.edu
24UCC608,23UCC53SP01B,"Self-paced Learning: Information Security",2,1,14tcc01,"Dr B Fathima Mary",9629482064,fathimamary_cc2@mail.sjctni.edu
24UCC610,23UCC53SP01B,"Self-paced Learning: Information Security",2,1,14tcc01,"Dr B Fathima Mary",9629482064,fathimamary_cc2@mail.sjctni.edu
24UCC611,23UCC53SP01B,"Self-paced Learning: Information Security",2,1,14tcc01,"Dr B Fathima Mary",9629482064,fathimamary_cc2@mail.sjctni.edu
24UCC612,23UCC53SP01A,"Self-paced Learning: Event Management",2,1,12TCM06,"Dr J Arputha Sahaya Raj",9842825478,arputhasahayaraj_cc2@mail.sjctni.edu
24UCC613,23UCC53SP01B,"Self-paced Learning: Information Security",2,1,14tcc01,"Dr B Fathima Mary",9629482064,fathimamary_cc2@mail.sjctni.edu
24UCC614,23UCC53SP01A,"Self-paced Learning: Event Management",2,1,12TCM06,"Dr J Arputha Sahaya Raj",9842825478,arputhasahayaraj_cc2@mail.sjctni.edu
24UCC616,23UCC53SP01A,"Self-paced Learning: Event Management",2,1,12TCM06,"Dr J Arputha Sahaya Raj",9842825478,arputhasahayaraj_cc2@mail.sjctni.edu
24UCC617,23UCC53SP01A,"Self-paced Learning: Event Management",2,1,12TCM06,"Dr J Arputha Sahaya Raj",9842825478,arputhasahayaraj_cc2@mail.sjctni.edu
24UCC618,23UCC53SP01B,"Self-paced Learning: Information Security",2,1,14tcc01,"Dr B Fathima Mary",9629482064,fathimamary_cc2@mail.sjctni.edu
24UCC620,23UCC53SP01B,"Self-paced Learning: Information Security",2,1,14tcc01,"Dr B Fathima Mary",9629482064,fathimamary_cc2@mail.sjctni.edu
24UCC621,23UCC53SP01B,"Self-paced Learning: Information Security",2,1,14tcc01,"Dr B Fathima Mary",9629482064,fathimamary_cc2@mail.sjctni.edu
24UCC624,23UCC53SP01B,"Self-paced Learning: Information Security",2,1,14tcc01,"Dr B Fathima Mary",9629482064,fathimamary_cc2@mail.sjctni.edu
24UCC625,23UCC53SP01B,"Self-paced Learning: Information Security",2,1,14tcc01,"Dr B Fathima Mary",9629482064,fathimamary_cc2@mail.sjctni.edu
24UCC626,23UCC53SP01A,"Self-paced Learning: Event Management",2,1,12TCM06,"Dr J Arputha Sahaya Raj",9842825478,arputhasahayaraj_cc2@mail.sjctni.edu
24UCC627,23UCC53SP01B,"Self-paced Learning: Information Security",2,1,14tcc01,"Dr B Fathima Mary",9629482064,fathimamary_cc2@mail.sjctni.edu
24UCC628,23UCC53SP01A,"Self-paced Learning: Event Management",2,1,12TCM06,"Dr J Arputha Sahaya Raj",9842825478,arputhasahayaraj_cc2@mail.sjctni.edu
24UCC629,23UCC53SP01A,"Self-paced Learning: Event Management",2,1,12TCM06,"Dr J Arputha Sahaya Raj",9842825478,arputhasahayaraj_cc2@mail.sjctni.edu
24UCC630,23UCC53SP01B,"Self-paced Learning: Information Security",2,1,14tcc01,"Dr B Fathima Mary",9629482064,fathimamary_cc2@mail.sjctni.edu
24UCC631,23UCC53SP01B,"Self-paced Learning: Information Security",2,1,14tcc01,"Dr B Fathima Mary",9629482064,fathimamary_cc2@mail.sjctni.edu
24UCC632,23UCC53SP01B,"Self-paced Learning: Information Security",2,1,14tcc01,"Dr B Fathima Mary",9629482064,fathimamary_cc2@mail.sjctni.edu
24UCC633,23UCC53SP01B,"Self-paced Learning: Information Security",2,1,14tcc01,"Dr B Fathima Mary",9629482064,fathimamary_cc2@mail.sjctni.edu
24UCC634,23UCC53SP01A,"Self-paced Learning: Event Management",2,1,12TCM06,"Dr J Arputha Sahaya Raj",9842825478,arputhasahayaraj_cc2@mail.sjctni.edu
24UCC635,23UCC53SP01A,"Self-paced Learning: Event Management",2,1,12TCM06,"Dr J Arputha Sahaya Raj",9842825478,arputhasahayaraj_cc2@mail.sjctni.edu
24UCC637,23UCC53SP01A,"Self-paced Learning: Event Management",2,1,12TCM06,"Dr J Arputha Sahaya Raj",9842825478,arputhasahayaraj_cc2@mail.sjctni.edu
24UCC638,23UCC53SP01A,"Self-paced Learning: Event Management",2,1,12TCM06,"Dr J Arputha Sahaya Raj",9842825478,arputhasahayaraj_cc2@mail.sjctni.edu
24UCC640,23UCC53SP01A,"Self-paced Learning: Event Management",2,1,12TCM06,"Dr J Arputha Sahaya Raj",9842825478,arputhasahayaraj_cc2@mail.sjctni.edu
24UCC641,23UCC53SP01B,"Self-paced Learning: Information Security",2,1,14tcc01,"Dr B Fathima Mary",9629482064,fathimamary_cc2@mail.sjctni.edu
24UCC642,23UCC53SP01B,"Self-paced Learning: Information Security",2,1,14tcc01,"Dr B Fathima Mary",9629482064,fathimamary_cc2@mail.sjctni.edu
24UCC643,23UCC53SP01B,"Self-paced Learning: Information Security",2,1,14tcc01,"Dr B Fathima Mary",9629482064,fathimamary_cc2@mail.sjctni.edu
24UCC644,23UCC53SP01A,"Self-paced Learning: Event Management",2,1,12TCM06,"Dr J Arputha Sahaya Raj",9842825478,arputhasahayaraj_cc2@mail.sjctni.edu
24UCC645,23UCC53SP01A,"Self-paced Learning: Event Management",2,1,12TCM06,"Dr J Arputha Sahaya Raj",9842825478,arputhasahayaraj_cc2@mail.sjctni.edu
24UCC646,23UCC53SP01B,"Self-paced Learning: Information Security",2,1,14tcc01,"Dr B Fathima Mary",9629482064,fathimamary_cc2@mail.sjctni.edu
24UCC647,23UCC53SP01B,"Self-paced Learning: Information Security",2,1,14tcc01,"Dr B Fathima Mary",9629482064,fathimamary_cc2@mail.sjctni.edu
24UCC649,23UCC53SP01A,"Self-paced Learning: Event Management",2,1,12TCM06,"Dr J Arputha Sahaya Raj",9842825478,arputhasahayaraj_cc2@mail.sjctni.edu
24UCC650,23UCC53SP01A,"Self-paced Learning: Event Management",2,1,12TCM06,"Dr J Arputha Sahaya Raj",9842825478,arputhasahayaraj_cc2@mail.sjctni.edu
24UCC651,23UCC53SP01A,"Self-paced Learning: Event Management",2,1,12TCM06,"Dr J Arputha Sahaya Raj",9842825478,arputhasahayaraj_cc2@mail.sjctni.edu
24UCC652,23UCC53SP01A,"Self-paced Learning: Event Management",2,1,12TCM06,"Dr J Arputha Sahaya Raj",9842825478,arputhasahayaraj_cc2@mail.sjctni.edu
24UCC654,23UCC53SP01B,"Self-paced Learning: Information Security",2,1,14tcc01,"Dr B Fathima Mary",9629482064,fathimamary_cc2@mail.sjctni.edu
24UCC655,23UCC53SP01A,"Self-paced Learning: Event Management",2,1,12TCM06,"Dr J Arputha Sahaya Raj",9842825478,arputhasahayaraj_cc2@mail.sjctni.edu
24UCC657,23UCC53SP01A,"Self-paced Learning: Event Management",2,1,12TCM06,"Dr J Arputha Sahaya Raj",9842825478,arputhasahayaraj_cc2@mail.sjctni.edu
24UCC658,23UCC53SP01A,"Self-paced Learning: Event Management",2,1,12TCM06,"Dr J Arputha Sahaya Raj",9842825478,arputhasahayaraj_cc2@mail.sjctni.edu
24UCC659,23UCC53SP01A,"Self-paced Learning: Event Management",2,1,12TCM06,"Dr J Arputha Sahaya Raj",9842825478,arputhasahayaraj_cc2@mail.sjctni.edu
24UCC660,23UCC53SP01B,"Self-paced Learning: Information Security",2,1,14tcc01,"Dr B Fathima Mary",9629482064,fathimamary_cc2@mail.sjctni.edu
24UCC661,23UCC53SP01A,"Self-paced Learning: Event Management",2,1,12TCM06,"Dr J Arputha Sahaya Raj",9842825478,arputhasahayaraj_cc2@mail.sjctni.edu
24UCC662,23UCC53SP01A,"Self-paced Learning: Event Management",2,1,12TCM06,"Dr J Arputha Sahaya Raj",9842825478,arputhasahayaraj_cc2@mail.sjctni.edu
24UCC663,23UCC53SP01B,"Self-paced Learning: Information Security",2,1,14tcc01,"Dr B Fathima Mary",9629482064,fathimamary_cc2@mail.sjctni.edu
24UCC664,23UCC53SP01A,"Self-paced Learning: Event Management",2,1,12TCM06,"Dr J Arputha Sahaya Raj",9842825478,arputhasahayaraj_cc2@mail.sjctni.edu
24UCC665,23UCC53SP01A,"Self-paced Learning: Event Management",2,1,12TCM06,"Dr J Arputha Sahaya Raj",9842825478,arputhasahayaraj_cc2@mail.sjctni.edu
24UCH101,23UCH53SP01,"Self-paced Learning: Essentials of Chemistry",1,1,12FCH02,"Dr A S Stella Shalini",9600295818,stellashalini_ch1@mail.sjctni.edu
24UCH102,23UCH53SP01,"Self-paced Learning: Essentials of Chemistry",1,1,12FCH02,"Dr A S Stella Shalini",9600295818,stellashalini_ch1@mail.sjctni.edu
24UCH103,23UCH53SP01,"Self-paced Learning: Essentials of Chemistry",1,1,12FCH02,"Dr A S Stella Shalini",9600295818,stellashalini_ch1@mail.sjctni.edu
24UCH104,23UCH53SP01,"Self-paced Learning: Essentials of Chemistry",1,1,12FCH02,"Dr A S Stella Shalini",9600295818,stellashalini_ch1@mail.sjctni.edu
24UCH105,23UCH53SP01,"Self-paced Learning: Essentials of Chemistry",1,1,12FCH02,"Dr A S Stella Shalini",9600295818,stellashalini_ch1@mail.sjctni.edu
24UCH106,23UCH53SP01,"Self-paced Learning: Essentials of Chemistry",1,1,12FCH02,"Dr A S Stella Shalini",9600295818,stellashalini_ch1@mail.sjctni.edu
24UCH107,23UCH53SP01,"Self-paced Learning: Essentials of Chemistry",1,1,12FCH02,"Dr A S Stella Shalini",9600295818,stellashalini_ch1@mail.sjctni.edu
24UCH108,23UCH53SP01,"Self-paced Learning: Essentials of Chemistry",1,1,12FCH02,"Dr A S Stella Shalini",9600295818,stellashalini_ch1@mail.sjctni.edu
24UCH109,23UCH53SP01,"Self-paced Learning: Essentials of Chemistry",1,1,12FCH02,"Dr A S Stella Shalini",9600295818,stellashalini_ch1@mail.sjctni.edu
24UCH110,23UCH53SP01,"Self-paced Learning: Essentials of Chemistry",1,1,12FCH02,"Dr A S Stella Shalini",9600295818,stellashalini_ch1@mail.sjctni.edu
24UCH111,23UCH53SP01,"Self-paced Learning: Essentials of Chemistry",1,1,12FCH02,"Dr A S Stella Shalini",9600295818,stellashalini_ch1@mail.sjctni.edu
24UCH112,23UCH53SP01,"Self-paced Learning: Essentials of Chemistry",1,1,12FCH02,"Dr A S Stella Shalini",9600295818,stellashalini_ch1@mail.sjctni.edu
24UCH113,23UCH53SP01,"Self-paced Learning: Essentials of Chemistry",1,1,12FCH02,"Dr A S Stella Shalini",9600295818,stellashalini_ch1@mail.sjctni.edu
24UCH114,23UCH53SP01,"Self-paced Learning: Essentials of Chemistry",1,1,12FCH02,"Dr A S Stella Shalini",9600295818,stellashalini_ch1@mail.sjctni.edu
24UCH115,23UCH53SP01,"Self-paced Learning: Essentials of Chemistry",1,1,12FCH02,"Dr A S Stella Shalini",9600295818,stellashalini_ch1@mail.sjctni.edu
24UCH116,23UCH53SP01,"Self-paced Learning: Essentials of Chemistry",1,1,12FCH02,"Dr A S Stella Shalini",9600295818,stellashalini_ch1@mail.sjctni.edu
24UCH117,23UCH53SP01,"Self-paced Learning: Essentials of Chemistry",1,1,12FCH02,"Dr A S Stella Shalini",9600295818,stellashalini_ch1@mail.sjctni.edu
24UCH118,23UCH53SP01,"Self-paced Learning: Essentials of Chemistry",1,1,12FCH02,"Dr A S Stella Shalini",9600295818,stellashalini_ch1@mail.sjctni.edu
24UCH119,23UCH53SP01,"Self-paced Learning: Essentials of Chemistry",1,1,12FCH02,"Dr A S Stella Shalini",9600295818,stellashalini_ch1@mail.sjctni.edu
24UCH120,23UCH53SP01,"Self-paced Learning: Essentials of Chemistry",1,1,12FCH02,"Dr A S Stella Shalini",9600295818,stellashalini_ch1@mail.sjctni.edu
24UCH121,23UCH53SP01,"Self-paced Learning: Essentials of Chemistry",1,1,12FCH02,"Dr A S Stella Shalini",9600295818,stellashalini_ch1@mail.sjctni.edu
24UCH122,23UCH53SP01,"Self-paced Learning: Essentials of Chemistry",1,1,12FCH02,"Dr A S Stella Shalini",9600295818,stellashalini_ch1@mail.sjctni.edu
24UCH123,23UCH53SP01,"Self-paced Learning: Essentials of Chemistry",1,1,12FCH02,"Dr A S Stella Shalini",9600295818,stellashalini_ch1@mail.sjctni.edu
24UCH124,23UCH53SP01,"Self-paced Learning: Essentials of Chemistry",1,1,12FCH02,"Dr A S Stella Shalini",9600295818,stellashalini_ch1@mail.sjctni.edu
24UCH125,23UCH53SP01,"Self-paced Learning: Essentials of Chemistry",1,1,12FCH02,"Dr A S Stella Shalini",9600295818,stellashalini_ch1@mail.sjctni.edu
24UCH126,23UCH53SP01,"Self-paced Learning: Essentials of Chemistry",1,1,12FCH02,"Dr A S Stella Shalini",9600295818,stellashalini_ch1@mail.sjctni.edu
24UCH127,23UCH53SP01,"Self-paced Learning: Essentials of Chemistry",1,1,12FCH02,"Dr A S Stella Shalini",9600295818,stellashalini_ch1@mail.sjctni.edu
24UCH128,23UCH53SP01,"Self-paced Learning: Essentials of Chemistry",1,1,12FCH02,"Dr A S Stella Shalini",9600295818,stellashalini_ch1@mail.sjctni.edu
24UCH129,23UCH53SP01,"Self-paced Learning: Essentials of Chemistry",1,1,12FCH02,"Dr A S Stella Shalini",9600295818,stellashalini_ch1@mail.sjctni.edu
24UCH130,23UCH53SP01,"Self-paced Learning: Essentials of Chemistry",1,1,12FCH02,"Dr A S Stella Shalini",9600295818,stellashalini_ch1@mail.sjctni.edu
24UCH131,23UCH53SP01,"Self-paced Learning: Essentials of Chemistry",1,1,12FCH02,"Dr A S Stella Shalini",9600295818,stellashalini_ch1@mail.sjctni.edu
24UCH132,23UCH53SP01,"Self-paced Learning: Essentials of Chemistry",1,1,12FCH02,"Dr A S Stella Shalini",9600295818,stellashalini_ch1@mail.sjctni.edu
24UCH133,23UCH53SP01,"Self-paced Learning: Essentials of Chemistry",1,1,12FCH02,"Dr A S Stella Shalini",9600295818,stellashalini_ch1@mail.sjctni.edu
24UCH134,23UCH53SP01,"Self-paced Learning: Essentials of Chemistry",1,1,12FCH02,"Dr A S Stella Shalini",9600295818,stellashalini_ch1@mail.sjctni.edu
24UCH135,23UCH53SP01,"Self-paced Learning: Essentials of Chemistry",1,1,12FCH02,"Dr A S Stella Shalini",9600295818,stellashalini_ch1@mail.sjctni.edu
24UCH136,23UCH53SP01,"Self-paced Learning: Essentials of Chemistry",1,1,12FCH02,"Dr A S Stella Shalini",9600295818,stellashalini_ch1@mail.sjctni.edu
24UCH137,23UCH53SP01,"Self-paced Learning: Essentials of Chemistry",1,1,12FCH02,"Dr A S Stella Shalini",9600295818,stellashalini_ch1@mail.sjctni.edu
24UCH138,23UCH53SP01,"Self-paced Learning: Essentials of Chemistry",1,1,12FCH02,"Dr A S Stella Shalini",9600295818,stellashalini_ch1@mail.sjctni.edu
24UCH139,23UCH53SP01,"Self-paced Learning: Essentials of Chemistry",1,1,12FCH02,"Dr A S Stella Shalini",9600295818,stellashalini_ch1@mail.sjctni.edu
24UCH140,23UCH53SP01,"Self-paced Learning: Essentials of Chemistry",1,1,12FCH02,"Dr A S Stella Shalini",9600295818,stellashalini_ch1@mail.sjctni.edu
24UCH141,23UCH53SP01,"Self-paced Learning: Essentials of Chemistry",1,1,12FCH02,"Dr A S Stella Shalini",9600295818,stellashalini_ch1@mail.sjctni.edu
24UCH142,23UCH53SP01,"Self-paced Learning: Essentials of Chemistry",1,1,12FCH02,"Dr A S Stella Shalini",9600295818,stellashalini_ch1@mail.sjctni.edu
24UCH143,23UCH53SP01,"Self-paced Learning: Essentials of Chemistry",1,1,12FCH02,"Dr A S Stella Shalini",9600295818,stellashalini_ch1@mail.sjctni.edu
24UCH144,23UCH53SP01,"Self-paced Learning: Essentials of Chemistry",1,1,12FCH02,"Dr A S Stella Shalini",9600295818,stellashalini_ch1@mail.sjctni.edu
24UCH145,23UCH53SP01,"Self-paced Learning: Essentials of Chemistry",1,1,12FCH02,"Dr A S Stella Shalini",9600295818,stellashalini_ch1@mail.sjctni.edu
24UCH146,23UCH53SP01,"Self-paced Learning: Essentials of Chemistry",1,1,12FCH02,"Dr A S Stella Shalini",9600295818,stellashalini_ch1@mail.sjctni.edu
24UCH147,23UCH53SP01,"Self-paced Learning: Essentials of Chemistry",1,1,12FCH02,"Dr A S Stella Shalini",9600295818,stellashalini_ch1@mail.sjctni.edu
24UCH201,23UCH53SP01,"Self-paced Learning: Essentials of Chemistry",1,2,19FCH01,"Dr A Arun Viveke",9841947674,arunviveke_ch1@mail.sjctni.edu
24UCH202,23UCH53SP01,"Self-paced Learning: Essentials of Chemistry",1,2,19FCH01,"Dr A Arun Viveke",9841947674,arunviveke_ch1@mail.sjctni.edu
24UCH203,23UCH53SP01,"Self-paced Learning: Essentials of Chemistry",1,2,19FCH01,"Dr A Arun Viveke",9841947674,arunviveke_ch1@mail.sjctni.edu
24UCH204,23UCH53SP01,"Self-paced Learning: Essentials of Chemistry",1,2,19FCH01,"Dr A Arun Viveke",9841947674,arunviveke_ch1@mail.sjctni.edu
24UCH205,23UCH53SP01,"Self-paced Learning: Essentials of Chemistry",1,2,19FCH01,"Dr A Arun Viveke",9841947674,arunviveke_ch1@mail.sjctni.edu
24UCH206,23UCH53SP01,"Self-paced Learning: Essentials of Chemistry",1,2,19FCH01,"Dr A Arun Viveke",9841947674,arunviveke_ch1@mail.sjctni.edu
24UCH207,23UCH53SP01,"Self-paced Learning: Essentials of Chemistry",1,2,19FCH01,"Dr A Arun Viveke",9841947674,arunviveke_ch1@mail.sjctni.edu
24UCH208,23UCH53SP01,"Self-paced Learning: Essentials of Chemistry",1,2,19FCH01,"Dr A Arun Viveke",9841947674,arunviveke_ch1@mail.sjctni.edu
24UCH209,23UCH53SP01,"Self-paced Learning: Essentials of Chemistry",1,2,19FCH01,"Dr A Arun Viveke",9841947674,arunviveke_ch1@mail.sjctni.edu
24UCH210,23UCH53SP01,"Self-paced Learning: Essentials of Chemistry",1,2,19FCH01,"Dr A Arun Viveke",9841947674,arunviveke_ch1@mail.sjctni.edu
24UCH211,23UCH53SP01,"Self-paced Learning: Essentials of Chemistry",1,2,19FCH01,"Dr A Arun Viveke",9841947674,arunviveke_ch1@mail.sjctni.edu
24UCH212,23UCH53SP01,"Self-paced Learning: Essentials of Chemistry",1,2,19FCH01,"Dr A Arun Viveke",9841947674,arunviveke_ch1@mail.sjctni.edu
24UCH213,23UCH53SP01,"Self-paced Learning: Essentials of Chemistry",1,2,19FCH01,"Dr A Arun Viveke",9841947674,arunviveke_ch1@mail.sjctni.edu
24UCH214,23UCH53SP01,"Self-paced Learning: Essentials of Chemistry",1,2,19FCH01,"Dr A Arun Viveke",9841947674,arunviveke_ch1@mail.sjctni.edu
24UCH215,23UCH53SP01,"Self-paced Learning: Essentials of Chemistry",1,2,19FCH01,"Dr A Arun Viveke",9841947674,arunviveke_ch1@mail.sjctni.edu
24UCH216,23UCH53SP01,"Self-paced Learning: Essentials of Chemistry",1,2,19FCH01,"Dr A Arun Viveke",9841947674,arunviveke_ch1@mail.sjctni.edu
24UCH217,23UCH53SP01,"Self-paced Learning: Essentials of Chemistry",1,2,19FCH01,"Dr A Arun Viveke",9841947674,arunviveke_ch1@mail.sjctni.edu
24UCH218,23UCH53SP01,"Self-paced Learning: Essentials of Chemistry",1,2,19FCH01,"Dr A Arun Viveke",9841947674,arunviveke_ch1@mail.sjctni.edu
24UCH219,23UCH53SP01,"Self-paced Learning: Essentials of Chemistry",1,2,19FCH01,"Dr A Arun Viveke",9841947674,arunviveke_ch1@mail.sjctni.edu
24UCH220,23UCH53SP01,"Self-paced Learning: Essentials of Chemistry",1,2,19FCH01,"Dr A Arun Viveke",9841947674,arunviveke_ch1@mail.sjctni.edu
24UCH221,23UCH53SP01,"Self-paced Learning: Essentials of Chemistry",1,2,19FCH01,"Dr A Arun Viveke",9841947674,arunviveke_ch1@mail.sjctni.edu
24UCH222,23UCH53SP01,"Self-paced Learning: Essentials of Chemistry",1,2,19FCH01,"Dr A Arun Viveke",9841947674,arunviveke_ch1@mail.sjctni.edu
24UCH223,23UCH53SP01,"Self-paced Learning: Essentials of Chemistry",1,2,19FCH01,"Dr A Arun Viveke",9841947674,arunviveke_ch1@mail.sjctni.edu
24UCH224,23UCH53SP01,"Self-paced Learning: Essentials of Chemistry",1,2,19FCH01,"Dr A Arun Viveke",9841947674,arunviveke_ch1@mail.sjctni.edu
24UCH225,23UCH53SP01,"Self-paced Learning: Essentials of Chemistry",1,2,19FCH01,"Dr A Arun Viveke",9841947674,arunviveke_ch1@mail.sjctni.edu
24UCH226,23UCH53SP01,"Self-paced Learning: Essentials of Chemistry",1,2,19FCH01,"Dr A Arun Viveke",9841947674,arunviveke_ch1@mail.sjctni.edu
24UCH227,23UCH53SP01,"Self-paced Learning: Essentials of Chemistry",1,2,19FCH01,"Dr A Arun Viveke",9841947674,arunviveke_ch1@mail.sjctni.edu
24UCH228,23UCH53SP01,"Self-paced Learning: Essentials of Chemistry",1,2,19FCH01,"Dr A Arun Viveke",9841947674,arunviveke_ch1@mail.sjctni.edu
24UCH229,23UCH53SP01,"Self-paced Learning: Essentials of Chemistry",1,2,19FCH01,"Dr A Arun Viveke",9841947674,arunviveke_ch1@mail.sjctni.edu
24UCH230,23UCH53SP01,"Self-paced Learning: Essentials of Chemistry",1,2,19FCH01,"Dr A Arun Viveke",9841947674,arunviveke_ch1@mail.sjctni.edu
24UCH231,23UCH53SP01,"Self-paced Learning: Essentials of Chemistry",1,2,19FCH01,"Dr A Arun Viveke",9841947674,arunviveke_ch1@mail.sjctni.edu
24UCH232,23UCH53SP01,"Self-paced Learning: Essentials of Chemistry",1,2,19FCH01,"Dr A Arun Viveke",9841947674,arunviveke_ch1@mail.sjctni.edu
24UCH233,23UCH53SP01,"Self-paced Learning: Essentials of Chemistry",1,2,19FCH01,"Dr A Arun Viveke",9841947674,arunviveke_ch1@mail.sjctni.edu
24UCH234,23UCH53SP01,"Self-paced Learning: Essentials of Chemistry",1,2,19FCH01,"Dr A Arun Viveke",9841947674,arunviveke_ch1@mail.sjctni.edu
24UCH235,23UCH53SP01,"Self-paced Learning: Essentials of Chemistry",1,2,19FCH01,"Dr A Arun Viveke",9841947674,arunviveke_ch1@mail.sjctni.edu
24UCH236,23UCH53SP01,"Self-paced Learning: Essentials of Chemistry",1,2,19FCH01,"Dr A Arun Viveke",9841947674,arunviveke_ch1@mail.sjctni.edu
24UCH237,23UCH53SP01,"Self-paced Learning: Essentials of Chemistry",1,2,19FCH01,"Dr A Arun Viveke",9841947674,arunviveke_ch1@mail.sjctni.edu
24UCH238,23UCH53SP01,"Self-paced Learning: Essentials of Chemistry",1,2,19FCH01,"Dr A Arun Viveke",9841947674,arunviveke_ch1@mail.sjctni.edu
24UCH239,23UCH53SP01,"Self-paced Learning: Essentials of Chemistry",1,2,19FCH01,"Dr A Arun Viveke",9841947674,arunviveke_ch1@mail.sjctni.edu
24UCH240,23UCH53SP01,"Self-paced Learning: Essentials of Chemistry",1,2,19FCH01,"Dr A Arun Viveke",9841947674,arunviveke_ch1@mail.sjctni.edu
24UCH241,23UCH53SP01,"Self-paced Learning: Essentials of Chemistry",1,2,19FCH01,"Dr A Arun Viveke",9841947674,arunviveke_ch1@mail.sjctni.edu
24UCH242,23UCH53SP01,"Self-paced Learning: Essentials of Chemistry",1,2,19FCH01,"Dr A Arun Viveke",9841947674,arunviveke_ch1@mail.sjctni.edu
24UCH243,23UCH53SP01,"Self-paced Learning: Essentials of Chemistry",1,2,19FCH01,"Dr A Arun Viveke",9841947674,arunviveke_ch1@mail.sjctni.edu
24UCH244,23UCH53SP01,"Self-paced Learning: Essentials of Chemistry",1,2,19FCH01,"Dr A Arun Viveke",9841947674,arunviveke_ch1@mail.sjctni.edu
24UCH245,23UCH53SP01,"Self-paced Learning: Essentials of Chemistry",1,2,19FCH01,"Dr A Arun Viveke",9841947674,arunviveke_ch1@mail.sjctni.edu
24UCH246,23UCH53SP01,"Self-paced Learning: Essentials of Chemistry",1,2,19FCH01,"Dr A Arun Viveke",9841947674,arunviveke_ch1@mail.sjctni.edu
24UCH247,23UCH53SP01,"Self-paced Learning: Essentials of Chemistry",1,2,19FCH01,"Dr A Arun Viveke",9841947674,arunviveke_ch1@mail.sjctni.edu
24UCH248,23UCH53SP01,"Self-paced Learning: Essentials of Chemistry",1,2,19FCH01,"Dr A Arun Viveke",9841947674,arunviveke_ch1@mail.sjctni.edu
24UCO101,23UCO53SP01A,"Self-paced Learning: Social Networking Services",1,1,18FCO03,"Dr S Aruldass",9489573319,aruldass_co1@mail.sjctni.edu
24UCO102,23UCO53SP01A,"Self-paced Learning: Social Networking Services",1,1,18FCO03,"Dr S Aruldass",9489573319,aruldass_co1@mail.sjctni.edu
24UCO103,23UCO53SP01A,"Self-paced Learning: Social Networking Services",1,1,18FCO03,"Dr S Aruldass",9489573319,aruldass_co1@mail.sjctni.edu
24UCO104,23UCO53SP01A,"Self-paced Learning: Social Networking Services",1,1,18FCO03,"Dr S Aruldass",9489573319,aruldass_co1@mail.sjctni.edu
24UCO105,23UCO53SP01A,"Self-paced Learning: Social Networking Services",1,1,18FCO03,"Dr S Aruldass",9489573319,aruldass_co1@mail.sjctni.edu
24UCO106,23UCO53SP01A,"Self-paced Learning: Social Networking Services",1,1,18FCO03,"Dr S Aruldass",9489573319,aruldass_co1@mail.sjctni.edu
24UCO107,23UCO53SP01A,"Self-paced Learning: Social Networking Services",1,1,18FCO03,"Dr S Aruldass",9489573319,aruldass_co1@mail.sjctni.edu
24UCO108,23UCO53SP01A,"Self-paced Learning: Social Networking Services",1,1,18FCO03,"Dr S Aruldass",9489573319,aruldass_co1@mail.sjctni.edu
24UCO109,23UCO53SP01A,"Self-paced Learning: Social Networking Services",1,1,18FCO03,"Dr S Aruldass",9489573319,aruldass_co1@mail.sjctni.edu
24UCO110,23UCO53SP01A,"Self-paced Learning: Social Networking Services",1,1,18FCO03,"Dr S Aruldass",9489573319,aruldass_co1@mail.sjctni.edu
24UCO111,23UCO53SP01A,"Self-paced Learning: Social Networking Services",1,1,18FCO03,"Dr S Aruldass",9489573319,aruldass_co1@mail.sjctni.edu
24UCO112,23UCO53SP01A,"Self-paced Learning: Social Networking Services",1,1,18FCO03,"Dr S Aruldass",9489573319,aruldass_co1@mail.sjctni.edu
24UCO113,23UCO53SP01A,"Self-paced Learning: Social Networking Services",1,1,18FCO03,"Dr S Aruldass",9489573319,aruldass_co1@mail.sjctni.edu
24UCO114,23UCO53SP01A,"Self-paced Learning: Social Networking Services",1,1,18FCO03,"Dr S Aruldass",9489573319,aruldass_co1@mail.sjctni.edu
24UCO115,23UCO53SP01A,"Self-paced Learning: Social Networking Services",1,1,18FCO03,"Dr S Aruldass",9489573319,aruldass_co1@mail.sjctni.edu
24UCO116,23UCO53SP01A,"Self-paced Learning: Social Networking Services",1,1,18FCO03,"Dr S Aruldass",9489573319,aruldass_co1@mail.sjctni.edu
24UCO117,23UCO53SP01A,"Self-paced Learning: Social Networking Services",1,1,18FCO03,"Dr S Aruldass",9489573319,aruldass_co1@mail.sjctni.edu
24UCO118,23UCO53SP01A,"Self-paced Learning: Social Networking Services",1,1,18FCO03,"Dr S Aruldass",9489573319,aruldass_co1@mail.sjctni.edu
24UCO119,23UCO53SP01A,"Self-paced Learning: Social Networking Services",1,1,18FCO03,"Dr S Aruldass",9489573319,aruldass_co1@mail.sjctni.edu
24UCO120,23UCO53SP01A,"Self-paced Learning: Social Networking Services",1,1,18FCO03,"Dr S Aruldass",9489573319,aruldass_co1@mail.sjctni.edu
24UCO121,23UCO53SP01A,"Self-paced Learning: Social Networking Services",1,1,18FCO03,"Dr S Aruldass",9489573319,aruldass_co1@mail.sjctni.edu
24UCO122,23UCO53SP01A,"Self-paced Learning: Social Networking Services",1,1,18FCO03,"Dr S Aruldass",9489573319,aruldass_co1@mail.sjctni.edu
24UCO123,23UCO53SP01A,"Self-paced Learning: Social Networking Services",1,1,18FCO03,"Dr S Aruldass",9489573319,aruldass_co1@mail.sjctni.edu
24UCO124,23UCO53SP01A,"Self-paced Learning: Social Networking Services",1,1,18FCO03,"Dr S Aruldass",9489573319,aruldass_co1@mail.sjctni.edu
24UCO125,23UCO53SP01A,"Self-paced Learning: Social Networking Services",1,1,18FCO03,"Dr S Aruldass",9489573319,aruldass_co1@mail.sjctni.edu
24UCO126,23UCO53SP01A,"Self-paced Learning: Social Networking Services",1,1,18FCO03,"Dr S Aruldass",9489573319,aruldass_co1@mail.sjctni.edu
24UCO127,23UCO53SP01A,"Self-paced Learning: Social Networking Services",1,1,18FCO03,"Dr S Aruldass",9489573319,aruldass_co1@mail.sjctni.edu
24UCO128,23UCO53SP01A,"Self-paced Learning: Social Networking Services",1,1,18FCO03,"Dr S Aruldass",9489573319,aruldass_co1@mail.sjctni.edu
24UCO129,23UCO53SP01A,"Self-paced Learning: Social Networking Services",1,1,18FCO03,"Dr S Aruldass",9489573319,aruldass_co1@mail.sjctni.edu
24UCO130,23UCO53SP01A,"Self-paced Learning: Social Networking Services",1,1,18FCO03,"Dr S Aruldass",9489573319,aruldass_co1@mail.sjctni.edu
24UCO131,23UCO53SP01A,"Self-paced Learning: Social Networking Services",1,1,18FCO03,"Dr S Aruldass",9489573319,aruldass_co1@mail.sjctni.edu
24UCO132,23UCO53SP01A,"Self-paced Learning: Social Networking Services",1,1,18FCO03,"Dr S Aruldass",9489573319,aruldass_co1@mail.sjctni.edu
24UCO133,23UCO53SP01A,"Self-paced Learning: Social Networking Services",1,1,18FCO03,"Dr S Aruldass",9489573319,aruldass_co1@mail.sjctni.edu
24UCO134,23UCO53SP01A,"Self-paced Learning: Social Networking Services",1,1,18FCO03,"Dr S Aruldass",9489573319,aruldass_co1@mail.sjctni.edu
24UCO135,23UCO53SP01A,"Self-paced Learning: Social Networking Services",1,1,18FCO03,"Dr S Aruldass",9489573319,aruldass_co1@mail.sjctni.edu
24UCO136,23UCO53SP01A,"Self-paced Learning: Social Networking Services",1,1,18FCO03,"Dr S Aruldass",9489573319,aruldass_co1@mail.sjctni.edu
24UCO137,23UCO53SP01A,"Self-paced Learning: Social Networking Services",1,1,18FCO03,"Dr S Aruldass",9489573319,aruldass_co1@mail.sjctni.edu
24UCO138,23UCO53SP01A,"Self-paced Learning: Social Networking Services",1,1,18FCO03,"Dr S Aruldass",9489573319,aruldass_co1@mail.sjctni.edu
24UCO139,23UCO53SP01A,"Self-paced Learning: Social Networking Services",1,1,18FCO03,"Dr S Aruldass",9489573319,aruldass_co1@mail.sjctni.edu
24UCO140,23UCO53SP01A,"Self-paced Learning: Social Networking Services",1,1,18FCO03,"Dr S Aruldass",9489573319,aruldass_co1@mail.sjctni.edu
24UCO141,23UCO53SP01A,"Self-paced Learning: Social Networking Services",1,1,18FCO03,"Dr S Aruldass",9489573319,aruldass_co1@mail.sjctni.edu
24UCO142,23UCO53SP01A,"Self-paced Learning: Social Networking Services",1,1,18FCO03,"Dr S Aruldass",9489573319,aruldass_co1@mail.sjctni.edu
24UCO143,23UCO53SP01A,"Self-paced Learning: Social Networking Services",1,1,18FCO03,"Dr S Aruldass",9489573319,aruldass_co1@mail.sjctni.edu
24UCO144,23UCO53SP01A,"Self-paced Learning: Social Networking Services",1,1,18FCO03,"Dr S Aruldass",9489573319,aruldass_co1@mail.sjctni.edu
24UCO145,23UCO53SP01A,"Self-paced Learning: Social Networking Services",1,1,18FCO03,"Dr S Aruldass",9489573319,aruldass_co1@mail.sjctni.edu
24UCO146,23UCO53SP01A,"Self-paced Learning: Social Networking Services",1,1,18FCO03,"Dr S Aruldass",9489573319,aruldass_co1@mail.sjctni.edu
24UCO147,23UCO53SP01A,"Self-paced Learning: Social Networking Services",1,1,18FCO03,"Dr S Aruldass",9489573319,aruldass_co1@mail.sjctni.edu
24UCO148,23UCO53SP01A,"Self-paced Learning: Social Networking Services",1,1,18FCO03,"Dr S Aruldass",9489573319,aruldass_co1@mail.sjctni.edu
24UCO149,23UCO53SP01A,"Self-paced Learning: Social Networking Services",1,1,18FCO03,"Dr S Aruldass",9489573319,aruldass_co1@mail.sjctni.edu
24UCO150,23UCO53SP01A,"Self-paced Learning: Social Networking Services",1,1,18FCO03,"Dr S Aruldass",9489573319,aruldass_co1@mail.sjctni.edu
24UCO151,23UCO53SP01A,"Self-paced Learning: Social Networking Services",1,1,18FCO03,"Dr S Aruldass",9489573319,aruldass_co1@mail.sjctni.edu
24UCO152,23UCO53SP01A,"Self-paced Learning: Social Networking Services",1,1,18FCO03,"Dr S Aruldass",9489573319,aruldass_co1@mail.sjctni.edu
24UCO153,23UCO53SP01A,"Self-paced Learning: Social Networking Services",1,1,18FCO03,"Dr S Aruldass",9489573319,aruldass_co1@mail.sjctni.edu
24UCO154,23UCO53SP01A,"Self-paced Learning: Social Networking Services",1,1,18FCO03,"Dr S Aruldass",9489573319,aruldass_co1@mail.sjctni.edu
24UCO155,23UCO53SP01A,"Self-paced Learning: Social Networking Services",1,1,18FCO03,"Dr S Aruldass",9489573319,aruldass_co1@mail.sjctni.edu
24UCO156,23UCO53SP01A,"Self-paced Learning: Social Networking Services",1,1,18FCO03,"Dr S Aruldass",9489573319,aruldass_co1@mail.sjctni.edu
24UCO157,23UCO53SP01A,"Self-paced Learning: Social Networking Services",1,1,18FCO03,"Dr S Aruldass",9489573319,aruldass_co1@mail.sjctni.edu
24UCO158,23UCO53SP01A,"Self-paced Learning: Social Networking Services",1,1,18FCO03,"Dr S Aruldass",9489573319,aruldass_co1@mail.sjctni.edu
24UCO159,23UCO53SP01A,"Self-paced Learning: Social Networking Services",1,1,18FCO03,"Dr S Aruldass",9489573319,aruldass_co1@mail.sjctni.edu
24UCO160,23UCO53SP01A,"Self-paced Learning: Social Networking Services",1,1,18FCO03,"Dr S Aruldass",9489573319,aruldass_co1@mail.sjctni.edu
24UCO161,23UCO53SP01A,"Self-paced Learning: Social Networking Services",1,1,18FCO03,"Dr S Aruldass",9489573319,aruldass_co1@mail.sjctni.edu
24UCO163,23UCO53SP01A,"Self-paced Learning: Social Networking Services",1,1,18FCO03,"Dr S Aruldass",9489573319,aruldass_co1@mail.sjctni.edu
24UCO164,23UCO53SP01A,"Self-paced Learning: Social Networking Services",1,1,18FCO03,"Dr S Aruldass",9489573319,aruldass_co1@mail.sjctni.edu
24UCO165,23UCO53SP01A,"Self-paced Learning: Social Networking Services",1,1,18FCO03,"Dr S Aruldass",9489573319,aruldass_co1@mail.sjctni.edu
24UCO166,23UCO53SP01A,"Self-paced Learning: Social Networking Services",1,1,18FCO03,"Dr S Aruldass",9489573319,aruldass_co1@mail.sjctni.edu
24UCO167,23UCO53SP01A,"Self-paced Learning: Social Networking Services",1,1,18FCO03,"Dr S Aruldass",9489573319,aruldass_co1@mail.sjctni.edu
24UCO168,23UCO53SP01A,"Self-paced Learning: Social Networking Services",1,1,18FCO03,"Dr S Aruldass",9489573319,aruldass_co1@mail.sjctni.edu
24UCO169,23UCO53SP01A,"Self-paced Learning: Social Networking Services",1,1,18FCO03,"Dr S Aruldass",9489573319,aruldass_co1@mail.sjctni.edu
24UCO170,23UCO53SP01A,"Self-paced Learning: Social Networking Services",1,1,18FCO03,"Dr S Aruldass",9489573319,aruldass_co1@mail.sjctni.edu
24UCO171,23UCO53SP01A,"Self-paced Learning: Social Networking Services",1,1,18FCO03,"Dr S Aruldass",9489573319,aruldass_co1@mail.sjctni.edu
24UCO172,23UCO53SP01A,"Self-paced Learning: Social Networking Services",1,1,18FCO03,"Dr S Aruldass",9489573319,aruldass_co1@mail.sjctni.edu
24UCO173,23UCO53SP01A,"Self-paced Learning: Social Networking Services",1,1,18FCO03,"Dr S Aruldass",9489573319,aruldass_co1@mail.sjctni.edu
24UCO174,23UCO53SP01A,"Self-paced Learning: Social Networking Services",1,1,18FCO03,"Dr S Aruldass",9489573319,aruldass_co1@mail.sjctni.edu
24UCO175,23UCO53SP01A,"Self-paced Learning: Social Networking Services",1,1,18FCO03,"Dr S Aruldass",9489573319,aruldass_co1@mail.sjctni.edu
24UCO176,23UCO53SP01A,"Self-paced Learning: Social Networking Services",1,1,18FCO03,"Dr S Aruldass",9489573319,aruldass_co1@mail.sjctni.edu
24UCO201,23UCO53SP01A,"Self-paced Learning: Social Networking Services",1,2,18FCO03,"Dr S Aruldass",9489573319,aruldass_co1@mail.sjctni.edu
24UCO202,23UCO53SP01A,"Self-paced Learning: Social Networking Services",1,2,18FCO03,"Dr S Aruldass",9489573319,aruldass_co1@mail.sjctni.edu
24UCO203,23UCO53SP01A,"Self-paced Learning: Social Networking Services",1,2,18FCO03,"Dr S Aruldass",9489573319,aruldass_co1@mail.sjctni.edu
24UCO204,23UCO53SP01A,"Self-paced Learning: Social Networking Services",1,2,18FCO03,"Dr S Aruldass",9489573319,aruldass_co1@mail.sjctni.edu
24UCO205,23UCO53SP01A,"Self-paced Learning: Social Networking Services",1,2,18FCO03,"Dr S Aruldass",9489573319,aruldass_co1@mail.sjctni.edu
24UCO206,23UCO53SP01A,"Self-paced Learning: Social Networking Services",1,2,18FCO03,"Dr S Aruldass",9489573319,aruldass_co1@mail.sjctni.edu
24UCO207,23UCO53SP01A,"Self-paced Learning: Social Networking Services",1,2,18FCO03,"Dr S Aruldass",9489573319,aruldass_co1@mail.sjctni.edu
24UCO208,23UCO53SP01A,"Self-paced Learning: Social Networking Services",1,2,18FCO03,"Dr S Aruldass",9489573319,aruldass_co1@mail.sjctni.edu
24UCO209,23UCO53SP01A,"Self-paced Learning: Social Networking Services",1,2,18FCO03,"Dr S Aruldass",9489573319,aruldass_co1@mail.sjctni.edu
24UCO210,23UCO53SP01A,"Self-paced Learning: Social Networking Services",1,2,18FCO03,"Dr S Aruldass",9489573319,aruldass_co1@mail.sjctni.edu
24UCO211,23UCO53SP01A,"Self-paced Learning: Social Networking Services",1,2,18FCO03,"Dr S Aruldass",9489573319,aruldass_co1@mail.sjctni.edu
24UCO212,23UCO53SP01A,"Self-paced Learning: Social Networking Services",1,2,18FCO03,"Dr S Aruldass",9489573319,aruldass_co1@mail.sjctni.edu
24UCO213,23UCO53SP01A,"Self-paced Learning: Social Networking Services",1,2,18FCO03,"Dr S Aruldass",9489573319,aruldass_co1@mail.sjctni.edu
24UCO214,23UCO53SP01A,"Self-paced Learning: Social Networking Services",1,2,18FCO03,"Dr S Aruldass",9489573319,aruldass_co1@mail.sjctni.edu
24UCO215,23UCO53SP01A,"Self-paced Learning: Social Networking Services",1,2,18FCO03,"Dr S Aruldass",9489573319,aruldass_co1@mail.sjctni.edu
24UCO216,23UCO53SP01A,"Self-paced Learning: Social Networking Services",1,2,18FCO03,"Dr S Aruldass",9489573319,aruldass_co1@mail.sjctni.edu
24UCO217,23UCO53SP01A,"Self-paced Learning: Social Networking Services",1,2,18FCO03,"Dr S Aruldass",9489573319,aruldass_co1@mail.sjctni.edu
24UCO218,23UCO53SP01A,"Self-paced Learning: Social Networking Services",1,2,18FCO03,"Dr S Aruldass",9489573319,aruldass_co1@mail.sjctni.edu
24UCO219,23UCO53SP01A,"Self-paced Learning: Social Networking Services",1,2,18FCO03,"Dr S Aruldass",9489573319,aruldass_co1@mail.sjctni.edu
24UCO220,23UCO53SP01A,"Self-paced Learning: Social Networking Services",1,2,18FCO03,"Dr S Aruldass",9489573319,aruldass_co1@mail.sjctni.edu
24UCO221,23UCO53SP01A,"Self-paced Learning: Social Networking Services",1,2,18FCO03,"Dr S Aruldass",9489573319,aruldass_co1@mail.sjctni.edu
24UCO222,23UCO53SP01A,"Self-paced Learning: Social Networking Services",1,2,18FCO03,"Dr S Aruldass",9489573319,aruldass_co1@mail.sjctni.edu
24UCO223,23UCO53SP01A,"Self-paced Learning: Social Networking Services",1,2,18FCO03,"Dr S Aruldass",9489573319,aruldass_co1@mail.sjctni.edu
24UCO224,23UCO53SP01A,"Self-paced Learning: Social Networking Services",1,2,18FCO03,"Dr S Aruldass",9489573319,aruldass_co1@mail.sjctni.edu
24UCO225,23UCO53SP01A,"Self-paced Learning: Social Networking Services",1,2,18FCO03,"Dr S Aruldass",9489573319,aruldass_co1@mail.sjctni.edu
24UCO226,23UCO53SP01A,"Self-paced Learning: Social Networking Services",1,2,18FCO03,"Dr S Aruldass",9489573319,aruldass_co1@mail.sjctni.edu
24UCO227,23UCO53SP01A,"Self-paced Learning: Social Networking Services",1,2,18FCO03,"Dr S Aruldass",9489573319,aruldass_co1@mail.sjctni.edu
24UCO228,23UCO53SP01A,"Self-paced Learning: Social Networking Services",1,2,18FCO03,"Dr S Aruldass",9489573319,aruldass_co1@mail.sjctni.edu
24UCO229,23UCO53SP01A,"Self-paced Learning: Social Networking Services",1,2,18FCO03,"Dr S Aruldass",9489573319,aruldass_co1@mail.sjctni.edu
24UCO230,23UCO53SP01A,"Self-paced Learning: Social Networking Services",1,2,18FCO03,"Dr S Aruldass",9489573319,aruldass_co1@mail.sjctni.edu
24UCO231,23UCO53SP01A,"Self-paced Learning: Social Networking Services",1,2,18FCO03,"Dr S Aruldass",9489573319,aruldass_co1@mail.sjctni.edu
24UCO232,23UCO53SP01A,"Self-paced Learning: Social Networking Services",1,2,18FCO03,"Dr S Aruldass",9489573319,aruldass_co1@mail.sjctni.edu
24UCO233,23UCO53SP01A,"Self-paced Learning: Social Networking Services",1,2,18FCO03,"Dr S Aruldass",9489573319,aruldass_co1@mail.sjctni.edu
24UCO234,23UCO53SP01A,"Self-paced Learning: Social Networking Services",1,2,18FCO03,"Dr S Aruldass",9489573319,aruldass_co1@mail.sjctni.edu
24UCO235,23UCO53SP01A,"Self-paced Learning: Social Networking Services",1,2,18FCO03,"Dr S Aruldass",9489573319,aruldass_co1@mail.sjctni.edu
24UCO236,23UCO53SP01A,"Self-paced Learning: Social Networking Services",1,2,18FCO03,"Dr S Aruldass",9489573319,aruldass_co1@mail.sjctni.edu
24UCO237,23UCO53SP01A,"Self-paced Learning: Social Networking Services",1,2,18FCO03,"Dr S Aruldass",9489573319,aruldass_co1@mail.sjctni.edu
24UCO238,23UCO53SP01A,"Self-paced Learning: Social Networking Services",1,2,18FCO03,"Dr S Aruldass",9489573319,aruldass_co1@mail.sjctni.edu
24UCO239,23UCO53SP01A,"Self-paced Learning: Social Networking Services",1,2,18FCO03,"Dr S Aruldass",9489573319,aruldass_co1@mail.sjctni.edu
24UCO240,23UCO53SP01A,"Self-paced Learning: Social Networking Services",1,2,18FCO03,"Dr S Aruldass",9489573319,aruldass_co1@mail.sjctni.edu
24UCO241,23UCO53SP01A,"Self-paced Learning: Social Networking Services",1,2,18FCO03,"Dr S Aruldass",9489573319,aruldass_co1@mail.sjctni.edu
24UCO242,23UCO53SP01A,"Self-paced Learning: Social Networking Services",1,2,18FCO03,"Dr S Aruldass",9489573319,aruldass_co1@mail.sjctni.edu
24UCO243,23UCO53SP01A,"Self-paced Learning: Social Networking Services",1,2,18FCO03,"Dr S Aruldass",9489573319,aruldass_co1@mail.sjctni.edu
24UCO244,23UCO53SP01A,"Self-paced Learning: Social Networking Services",1,2,18FCO03,"Dr S Aruldass",9489573319,aruldass_co1@mail.sjctni.edu
24UCO245,23UCO53SP01A,"Self-paced Learning: Social Networking Services",1,2,18FCO03,"Dr S Aruldass",9489573319,aruldass_co1@mail.sjctni.edu
24UCO246,23UCO53SP01A,"Self-paced Learning: Social Networking Services",1,2,18FCO03,"Dr S Aruldass",9489573319,aruldass_co1@mail.sjctni.edu
24UCO247,23UCO53SP01A,"Self-paced Learning: Social Networking Services",1,2,18FCO03,"Dr S Aruldass",9489573319,aruldass_co1@mail.sjctni.edu
24UCO248,23UCO53SP01A,"Self-paced Learning: Social Networking Services",1,2,18FCO03,"Dr S Aruldass",9489573319,aruldass_co1@mail.sjctni.edu
24UCO249,23UCO53SP01A,"Self-paced Learning: Social Networking Services",1,2,18FCO03,"Dr S Aruldass",9489573319,aruldass_co1@mail.sjctni.edu
24UCO250,23UCO53SP01A,"Self-paced Learning: Social Networking Services",1,2,18FCO03,"Dr S Aruldass",9489573319,aruldass_co1@mail.sjctni.edu
24UCO251,23UCO53SP01A,"Self-paced Learning: Social Networking Services",1,2,18FCO03,"Dr S Aruldass",9489573319,aruldass_co1@mail.sjctni.edu
24UCO252,23UCO53SP01A,"Self-paced Learning: Social Networking Services",1,2,18FCO03,"Dr S Aruldass",9489573319,aruldass_co1@mail.sjctni.edu
24UCO253,23UCO53SP01A,"Self-paced Learning: Social Networking Services",1,2,18FCO03,"Dr S Aruldass",9489573319,aruldass_co1@mail.sjctni.edu
24UCO254,23UCO53SP01A,"Self-paced Learning: Social Networking Services",1,2,18FCO03,"Dr S Aruldass",9489573319,aruldass_co1@mail.sjctni.edu
24UCO255,23UCO53SP01A,"Self-paced Learning: Social Networking Services",1,2,18FCO03,"Dr S Aruldass",9489573319,aruldass_co1@mail.sjctni.edu
24UCO256,23UCO53SP01A,"Self-paced Learning: Social Networking Services",1,2,18FCO03,"Dr S Aruldass",9489573319,aruldass_co1@mail.sjctni.edu
24UCO257,23UCO53SP01A,"Self-paced Learning: Social Networking Services",1,2,18FCO03,"Dr S Aruldass",9489573319,aruldass_co1@mail.sjctni.edu
24UCO258,23UCO53SP01A,"Self-paced Learning: Social Networking Services",1,2,18FCO03,"Dr S Aruldass",9489573319,aruldass_co1@mail.sjctni.edu
24UCO259,23UCO53SP01A,"Self-paced Learning: Social Networking Services",1,2,18FCO03,"Dr S Aruldass",9489573319,aruldass_co1@mail.sjctni.edu
24UCO260,23UCO53SP01A,"Self-paced Learning: Social Networking Services",1,2,18FCO03,"Dr S Aruldass",9489573319,aruldass_co1@mail.sjctni.edu
24UCO261,23UCO53SP01A,"Self-paced Learning: Social Networking Services",1,2,18FCO03,"Dr S Aruldass",9489573319,aruldass_co1@mail.sjctni.edu
24UCO262,23UCO53SP01A,"Self-paced Learning: Social Networking Services",1,2,18FCO03,"Dr S Aruldass",9489573319,aruldass_co1@mail.sjctni.edu
24UCO263,23UCO53SP01A,"Self-paced Learning: Social Networking Services",1,2,18FCO03,"Dr S Aruldass",9489573319,aruldass_co1@mail.sjctni.edu
24UCO264,23UCO53SP01A,"Self-paced Learning: Social Networking Services",1,2,18FCO03,"Dr S Aruldass",9489573319,aruldass_co1@mail.sjctni.edu
24UCO265,23UCO53SP01A,"Self-paced Learning: Social Networking Services",1,2,18FCO03,"Dr S Aruldass",9489573319,aruldass_co1@mail.sjctni.edu
24UCO266,23UCO53SP01A,"Self-paced Learning: Social Networking Services",1,2,18FCO03,"Dr S Aruldass",9489573319,aruldass_co1@mail.sjctni.edu
24UCO267,23UCO53SP01A,"Self-paced Learning: Social Networking Services",1,2,18FCO03,"Dr S Aruldass",9489573319,aruldass_co1@mail.sjctni.edu
24UCO268,23UCO53SP01A,"Self-paced Learning: Social Networking Services",1,2,18FCO03,"Dr S Aruldass",9489573319,aruldass_co1@mail.sjctni.edu
24UCO269,23UCO53SP01A,"Self-paced Learning: Social Networking Services",1,2,18FCO03,"Dr S Aruldass",9489573319,aruldass_co1@mail.sjctni.edu
24UCO270,23UCO53SP01A,"Self-paced Learning: Social Networking Services",1,2,18FCO03,"Dr S Aruldass",9489573319,aruldass_co1@mail.sjctni.edu
24UCO271,23UCO53SP01A,"Self-paced Learning: Social Networking Services",1,2,18FCO03,"Dr S Aruldass",9489573319,aruldass_co1@mail.sjctni.edu
24UCO272,23UCO53SP01A,"Self-paced Learning: Social Networking Services",1,2,18FCO03,"Dr S Aruldass",9489573319,aruldass_co1@mail.sjctni.edu
24UCO273,23UCO53SP01A,"Self-paced Learning: Social Networking Services",1,2,18FCO03,"Dr S Aruldass",9489573319,aruldass_co1@mail.sjctni.edu
24UCO274,23UCO53SP01A,"Self-paced Learning: Social Networking Services",1,2,18FCO03,"Dr S Aruldass",9489573319,aruldass_co1@mail.sjctni.edu
24UCO275,23UCO53SP01A,"Self-paced Learning: Social Networking Services",1,2,18FCO03,"Dr S Aruldass",9489573319,aruldass_co1@mail.sjctni.edu
24UCO276,23UCO53SP01A,"Self-paced Learning: Social Networking Services",1,2,18FCO03,"Dr S Aruldass",9489573319,aruldass_co1@mail.sjctni.edu
24UCO277,23UCO53SP01A,"Self-paced Learning: Social Networking Services",1,2,18FCO03,"Dr S Aruldass",9489573319,aruldass_co1@mail.sjctni.edu
24UCO505,23UCO53SP01A,"Self-paced Learning: Social Networking Services",2,1,23CCO54,"Mr V Perumal",9600818149,perumal_co2@mail.sjctni.edu
24UCO508,23UCO53SP01A,"Self-paced Learning: Social Networking Services",2,1,23CCO54,"Mr V Perumal",9600818149,perumal_co2@mail.sjctni.edu
24UCO509,23UCO53SP01A,"Self-paced Learning: Social Networking Services",2,1,23CCO54,"Mr V Perumal",9600818149,perumal_co2@mail.sjctni.edu
24UCO510,23UCO53SP01A,"Self-paced Learning: Social Networking Services",2,1,23CCO54,"Mr V Perumal",9600818149,perumal_co2@mail.sjctni.edu
24UCO511,23UCO53SP01A,"Self-paced Learning: Social Networking Services",2,1,23CCO54,"Mr V Perumal",9600818149,perumal_co2@mail.sjctni.edu
24UCO512,23UCO53SP01A,"Self-paced Learning: Social Networking Services",2,1,23CCO54,"Mr V Perumal",9600818149,perumal_co2@mail.sjctni.edu
24UCO513,23UCO53SP01A,"Self-paced Learning: Social Networking Services",2,1,23CCO54,"Mr V Perumal",9600818149,perumal_co2@mail.sjctni.edu
24UCO514,23UCO53SP01A,"Self-paced Learning: Social Networking Services",2,1,23CCO54,"Mr V Perumal",9600818149,perumal_co2@mail.sjctni.edu
24UCO515,23UCO53SP01A,"Self-paced Learning: Social Networking Services",2,1,23CCO54,"Mr V Perumal",9600818149,perumal_co2@mail.sjctni.edu
24UCO516,23UCO53SP01A,"Self-paced Learning: Social Networking Services",2,1,23CCO54,"Mr V Perumal",9600818149,perumal_co2@mail.sjctni.edu
24UCO518,23UCO53SP01A,"Self-paced Learning: Social Networking Services",2,1,23CCO54,"Mr V Perumal",9600818149,perumal_co2@mail.sjctni.edu
24UCO519,23UCO53SP01A,"Self-paced Learning: Social Networking Services",2,1,23CCO54,"Mr V Perumal",9600818149,perumal_co2@mail.sjctni.edu
24UCO520,23UCO53SP01A,"Self-paced Learning: Social Networking Services",2,1,23CCO54,"Mr V Perumal",9600818149,perumal_co2@mail.sjctni.edu
24UCO521,23UCO53SP01A,"Self-paced Learning: Social Networking Services",2,1,23CCO54,"Mr V Perumal",9600818149,perumal_co2@mail.sjctni.edu
24UCO522,23UCO53SP01A,"Self-paced Learning: Social Networking Services",2,1,23CCO54,"Mr V Perumal",9600818149,perumal_co2@mail.sjctni.edu
24UCO524,23UCO53SP01A,"Self-paced Learning: Social Networking Services",2,1,23CCO54,"Mr V Perumal",9600818149,perumal_co2@mail.sjctni.edu
24UCO526,23UCO53SP01A,"Self-paced Learning: Social Networking Services",2,1,23CCO54,"Mr V Perumal",9600818149,perumal_co2@mail.sjctni.edu
24UCO527,23UCO53SP01A,"Self-paced Learning: Social Networking Services",2,1,23CCO54,"Mr V Perumal",9600818149,perumal_co2@mail.sjctni.edu
24UCO528,23UCO53SP01A,"Self-paced Learning: Social Networking Services",2,1,23CCO54,"Mr V Perumal",9600818149,perumal_co2@mail.sjctni.edu
24UCO529,23UCO53SP01A,"Self-paced Learning: Social Networking Services",2,1,23CCO54,"Mr V Perumal",9600818149,perumal_co2@mail.sjctni.edu
24UCO530,23UCO53SP01A,"Self-paced Learning: Social Networking Services",2,1,23CCO54,"Mr V Perumal",9600818149,perumal_co2@mail.sjctni.edu
24UCO531,23UCO53SP01A,"Self-paced Learning: Social Networking Services",2,1,23CCO54,"Mr V Perumal",9600818149,perumal_co2@mail.sjctni.edu
24UCO533,23UCO53SP01A,"Self-paced Learning: Social Networking Services",2,1,23CCO54,"Mr V Perumal",9600818149,perumal_co2@mail.sjctni.edu
24UCO534,23UCO53SP01A,"Self-paced Learning: Social Networking Services",2,1,23CCO54,"Mr V Perumal",9600818149,perumal_co2@mail.sjctni.edu
24UCO535,23UCO53SP01A,"Self-paced Learning: Social Networking Services",2,1,23CCO54,"Mr V Perumal",9600818149,perumal_co2@mail.sjctni.edu
24UCO536,23UCO53SP01A,"Self-paced Learning: Social Networking Services",2,1,23CCO54,"Mr V Perumal",9600818149,perumal_co2@mail.sjctni.edu
24UCO537,23UCO53SP01A,"Self-paced Learning: Social Networking Services",2,1,23CCO54,"Mr V Perumal",9600818149,perumal_co2@mail.sjctni.edu
24UCO538,23UCO53SP01A,"Self-paced Learning: Social Networking Services",2,1,23CCO54,"Mr V Perumal",9600818149,perumal_co2@mail.sjctni.edu
24UCO540,23UCO53SP01A,"Self-paced Learning: Social Networking Services",2,1,23CCO54,"Mr V Perumal",9600818149,perumal_co2@mail.sjctni.edu
24UCO541,23UCO53SP01A,"Self-paced Learning: Social Networking Services",2,1,23CCO54,"Mr V Perumal",9600818149,perumal_co2@mail.sjctni.edu
24UCO543,23UCO53SP01A,"Self-paced Learning: Social Networking Services",2,1,23CCO54,"Mr V Perumal",9600818149,perumal_co2@mail.sjctni.edu
24UCO544,23UCO53SP01A,"Self-paced Learning: Social Networking Services",2,1,23CCO54,"Mr V Perumal",9600818149,perumal_co2@mail.sjctni.edu
24UCO545,23UCO53SP01A,"Self-paced Learning: Social Networking Services",2,1,23CCO54,"Mr V Perumal",9600818149,perumal_co2@mail.sjctni.edu
24UCO546,23UCO53SP01A,"Self-paced Learning: Social Networking Services",2,1,23CCO54,"Mr V Perumal",9600818149,perumal_co2@mail.sjctni.edu
24UCO547,23UCO53SP01A,"Self-paced Learning: Social Networking Services",2,1,23CCO54,"Mr V Perumal",9600818149,perumal_co2@mail.sjctni.edu
24UCO548,23UCO53SP01A,"Self-paced Learning: Social Networking Services",2,1,23CCO54,"Mr V Perumal",9600818149,perumal_co2@mail.sjctni.edu
24UCO549,23UCO53SP01A,"Self-paced Learning: Social Networking Services",2,1,23CCO54,"Mr V Perumal",9600818149,perumal_co2@mail.sjctni.edu
24UCO550,23UCO53SP01A,"Self-paced Learning: Social Networking Services",2,1,23CCO54,"Mr V Perumal",9600818149,perumal_co2@mail.sjctni.edu
24UCO551,23UCO53SP01A,"Self-paced Learning: Social Networking Services",2,1,23CCO54,"Mr V Perumal",9600818149,perumal_co2@mail.sjctni.edu
24UCO554,23UCO53SP01A,"Self-paced Learning: Social Networking Services",2,1,23CCO54,"Mr V Perumal",9600818149,perumal_co2@mail.sjctni.edu
24UCO555,23UCO53SP01A,"Self-paced Learning: Social Networking Services",2,1,23CCO54,"Mr V Perumal",9600818149,perumal_co2@mail.sjctni.edu
24UCO556,23UCO53SP01A,"Self-paced Learning: Social Networking Services",2,1,23CCO54,"Mr V Perumal",9600818149,perumal_co2@mail.sjctni.edu
24UCO557,23UCO53SP01A,"Self-paced Learning: Social Networking Services",2,1,23CCO54,"Mr V Perumal",9600818149,perumal_co2@mail.sjctni.edu
24UCO558,23UCO53SP01A,"Self-paced Learning: Social Networking Services",2,1,23CCO54,"Mr V Perumal",9600818149,perumal_co2@mail.sjctni.edu
24UCO559,23UCO53SP01A,"Self-paced Learning: Social Networking Services",2,1,23CCO54,"Mr V Perumal",9600818149,perumal_co2@mail.sjctni.edu
24UCO560,23UCO53SP01A,"Self-paced Learning: Social Networking Services",2,1,23CCO54,"Mr V Perumal",9600818149,perumal_co2@mail.sjctni.edu
24UCO564,23UCO53SP01A,"Self-paced Learning: Social Networking Services",2,1,23CCO54,"Mr V Perumal",9600818149,perumal_co2@mail.sjctni.edu
24UCO565,23UCO53SP01A,"Self-paced Learning: Social Networking Services",2,1,23CCO54,"Mr V Perumal",9600818149,perumal_co2@mail.sjctni.edu
24UCO566,23UCO53SP01A,"Self-paced Learning: Social Networking Services",2,1,23CCO54,"Mr V Perumal",9600818149,perumal_co2@mail.sjctni.edu
24UCO568,23UCO53SP01A,"Self-paced Learning: Social Networking Services",2,1,23CCO54,"Mr V Perumal",9600818149,perumal_co2@mail.sjctni.edu
24UCO569,23UCO53SP01A,"Self-paced Learning: Social Networking Services",2,1,23CCO54,"Mr V Perumal",9600818149,perumal_co2@mail.sjctni.edu
24UCO572,23UCO53SP01A,"Self-paced Learning: Social Networking Services",2,1,23CCO54,"Mr V Perumal",9600818149,perumal_co2@mail.sjctni.edu
24UCO574,23UCO53SP01A,"Self-paced Learning: Social Networking Services",2,1,23CCO54,"Mr V Perumal",9600818149,perumal_co2@mail.sjctni.edu
24UCO575,23UCO53SP01A,"Self-paced Learning: Social Networking Services",2,1,23CCO54,"Mr V Perumal",9600818149,perumal_co2@mail.sjctni.edu
24UCO576,23UCO53SP01A,"Self-paced Learning: Social Networking Services",2,1,23CCO54,"Mr V Perumal",9600818149,perumal_co2@mail.sjctni.edu
24UCO577,23UCO53SP01A,"Self-paced Learning: Social Networking Services",2,1,23CCO54,"Mr V Perumal",9600818149,perumal_co2@mail.sjctni.edu
24UCO578,23UCO53SP01A,"Self-paced Learning: Social Networking Services",2,1,23CCO54,"Mr V Perumal",9600818149,perumal_co2@mail.sjctni.edu
24UCO580,23UCO53SP01A,"Self-paced Learning: Social Networking Services",2,1,23CCO54,"Mr V Perumal",9600818149,perumal_co2@mail.sjctni.edu
24UCO581,23UCO53SP01A,"Self-paced Learning: Social Networking Services",2,1,23CCO54,"Mr V Perumal",9600818149,perumal_co2@mail.sjctni.edu
24UCO582,23UCO53SP01A,"Self-paced Learning: Social Networking Services",2,1,23CCO54,"Mr V Perumal",9600818149,perumal_co2@mail.sjctni.edu
24UCO583,23UCO53SP01A,"Self-paced Learning: Social Networking Services",2,1,23CCO54,"Mr V Perumal",9600818149,perumal_co2@mail.sjctni.edu
24UCO584,23UCO53SP01A,"Self-paced Learning: Social Networking Services",2,1,23CCO54,"Mr V Perumal",9600818149,perumal_co2@mail.sjctni.edu
24UCO586,23UCO53SP01A,"Self-paced Learning: Social Networking Services",2,1,23CCO54,"Mr V Perumal",9600818149,perumal_co2@mail.sjctni.edu
24UCO587,23UCO53SP01A,"Self-paced Learning: Social Networking Services",2,1,23CCO54,"Mr V Perumal",9600818149,perumal_co2@mail.sjctni.edu
24UCO588,23UCO53SP01A,"Self-paced Learning: Social Networking Services",2,1,23CCO54,"Mr V Perumal",9600818149,perumal_co2@mail.sjctni.edu
24UCO589,23UCO53SP01A,"Self-paced Learning: Social Networking Services",2,1,23CCO54,"Mr V Perumal",9600818149,perumal_co2@mail.sjctni.edu
24UCO591,23UCO53SP01A,"Self-paced Learning: Social Networking Services",2,1,23CCO54,"Mr V Perumal",9600818149,perumal_co2@mail.sjctni.edu
24UCO593,23UCO53SP01A,"Self-paced Learning: Social Networking Services",2,1,23CCO54,"Mr V Perumal",9600818149,perumal_co2@mail.sjctni.edu
24UCO594,23UCO53SP01A,"Self-paced Learning: Social Networking Services",2,1,23CCO54,"Mr V Perumal",9600818149,perumal_co2@mail.sjctni.edu
24UCO595,23UCO53SP01A,"Self-paced Learning: Social Networking Services",2,1,23CCO54,"Mr V Perumal",9600818149,perumal_co2@mail.sjctni.edu
24UCO602,23UCO53SP01A,"Self-paced Learning: Social Networking Services",2,2,23CCO54,"Mr V Perumal",9600818149,perumal_co2@mail.sjctni.edu
24UCO603,23UCO53SP01A,"Self-paced Learning: Social Networking Services",2,2,23CCO54,"Mr V Perumal",9600818149,perumal_co2@mail.sjctni.edu
24UCO604,23UCO53SP01A,"Self-paced Learning: Social Networking Services",2,2,23CCO54,"Mr V Perumal",9600818149,perumal_co2@mail.sjctni.edu
24UCO606,23UCO53SP01A,"Self-paced Learning: Social Networking Services",2,2,23CCO54,"Mr V Perumal",9600818149,perumal_co2@mail.sjctni.edu
24UCO607,23UCO53SP01A,"Self-paced Learning: Social Networking Services",2,2,23CCO54,"Mr V Perumal",9600818149,perumal_co2@mail.sjctni.edu
24UCO608,23UCO53SP01A,"Self-paced Learning: Social Networking Services",2,2,23CCO54,"Mr V Perumal",9600818149,perumal_co2@mail.sjctni.edu
24UCO609,23UCO53SP01A,"Self-paced Learning: Social Networking Services",2,2,23CCO54,"Mr V Perumal",9600818149,perumal_co2@mail.sjctni.edu
24UCO610,23UCO53SP01A,"Self-paced Learning: Social Networking Services",2,2,23CCO54,"Mr V Perumal",9600818149,perumal_co2@mail.sjctni.edu
24UCO611,23UCO53SP01A,"Self-paced Learning: Social Networking Services",2,2,23CCO54,"Mr V Perumal",9600818149,perumal_co2@mail.sjctni.edu
24UCO612,23UCO53SP01A,"Self-paced Learning: Social Networking Services",2,2,23CCO54,"Mr V Perumal",9600818149,perumal_co2@mail.sjctni.edu
24UCO613,23UCO53SP01A,"Self-paced Learning: Social Networking Services",2,2,23CCO54,"Mr V Perumal",9600818149,perumal_co2@mail.sjctni.edu
24UCO614,23UCO53SP01A,"Self-paced Learning: Social Networking Services",2,2,23CCO54,"Mr V Perumal",9600818149,perumal_co2@mail.sjctni.edu
24UCO615,23UCO53SP01A,"Self-paced Learning: Social Networking Services",2,2,23CCO54,"Mr V Perumal",9600818149,perumal_co2@mail.sjctni.edu
24UCO616,23UCO53SP01A,"Self-paced Learning: Social Networking Services",2,2,23CCO54,"Mr V Perumal",9600818149,perumal_co2@mail.sjctni.edu
24UCO617,23UCO53SP01A,"Self-paced Learning: Social Networking Services",2,2,23CCO54,"Mr V Perumal",9600818149,perumal_co2@mail.sjctni.edu
24UCO618,23UCO53SP01A,"Self-paced Learning: Social Networking Services",2,2,23CCO54,"Mr V Perumal",9600818149,perumal_co2@mail.sjctni.edu
24UCO619,23UCO53SP01A,"Self-paced Learning: Social Networking Services",2,2,23CCO54,"Mr V Perumal",9600818149,perumal_co2@mail.sjctni.edu
24UCO620,23UCO53SP01A,"Self-paced Learning: Social Networking Services",2,2,23CCO54,"Mr V Perumal",9600818149,perumal_co2@mail.sjctni.edu
24UCO621,23UCO53SP01A,"Self-paced Learning: Social Networking Services",2,2,23CCO54,"Mr V Perumal",9600818149,perumal_co2@mail.sjctni.edu
24UCO622,23UCO53SP01A,"Self-paced Learning: Social Networking Services",2,2,23CCO54,"Mr V Perumal",9600818149,perumal_co2@mail.sjctni.edu
24UCO623,23UCO53SP01A,"Self-paced Learning: Social Networking Services",2,2,23CCO54,"Mr V Perumal",9600818149,perumal_co2@mail.sjctni.edu
24UCO624,23UCO53SP01A,"Self-paced Learning: Social Networking Services",2,2,23CCO54,"Mr V Perumal",9600818149,perumal_co2@mail.sjctni.edu
24UCO625,23UCO53SP01A,"Self-paced Learning: Social Networking Services",2,2,23CCO54,"Mr V Perumal",9600818149,perumal_co2@mail.sjctni.edu
24UCO627,23UCO53SP01A,"Self-paced Learning: Social Networking Services",2,2,23CCO54,"Mr V Perumal",9600818149,perumal_co2@mail.sjctni.edu
24UCO629,23UCO53SP01A,"Self-paced Learning: Social Networking Services",2,2,23CCO54,"Mr V Perumal",9600818149,perumal_co2@mail.sjctni.edu
24UCO630,23UCO53SP01A,"Self-paced Learning: Social Networking Services",2,2,23CCO54,"Mr V Perumal",9600818149,perumal_co2@mail.sjctni.edu
24UCO631,23UCO53SP01A,"Self-paced Learning: Social Networking Services",2,2,23CCO54,"Mr V Perumal",9600818149,perumal_co2@mail.sjctni.edu
24UCO632,23UCO53SP01A,"Self-paced Learning: Social Networking Services",2,2,23CCO54,"Mr V Perumal",9600818149,perumal_co2@mail.sjctni.edu
24UCO633,23UCO53SP01A,"Self-paced Learning: Social Networking Services",2,2,23CCO54,"Mr V Perumal",9600818149,perumal_co2@mail.sjctni.edu
24UCO634,23UCO53SP01A,"Self-paced Learning: Social Networking Services",2,2,23CCO54,"Mr V Perumal",9600818149,perumal_co2@mail.sjctni.edu
24UCO635,23UCO53SP01A,"Self-paced Learning: Social Networking Services",2,2,23CCO54,"Mr V Perumal",9600818149,perumal_co2@mail.sjctni.edu
24UCO636,23UCO53SP01A,"Self-paced Learning: Social Networking Services",2,2,23CCO54,"Mr V Perumal",9600818149,perumal_co2@mail.sjctni.edu
24UCO637,23UCO53SP01A,"Self-paced Learning: Social Networking Services",2,2,23CCO54,"Mr V Perumal",9600818149,perumal_co2@mail.sjctni.edu
24UCO638,23UCO53SP01A,"Self-paced Learning: Social Networking Services",2,2,23CCO54,"Mr V Perumal",9600818149,perumal_co2@mail.sjctni.edu
24UCO639,23UCO53SP01A,"Self-paced Learning: Social Networking Services",2,2,23CCO54,"Mr V Perumal",9600818149,perumal_co2@mail.sjctni.edu
24UCO640,23UCO53SP01A,"Self-paced Learning: Social Networking Services",2,2,23CCO54,"Mr V Perumal",9600818149,perumal_co2@mail.sjctni.edu
24UCO641,23UCO53SP01A,"Self-paced Learning: Social Networking Services",2,2,23CCO54,"Mr V Perumal",9600818149,perumal_co2@mail.sjctni.edu
24UCO643,23UCO53SP01A,"Self-paced Learning: Social Networking Services",2,2,23CCO54,"Mr V Perumal",9600818149,perumal_co2@mail.sjctni.edu
24UCO644,23UCO53SP01A,"Self-paced Learning: Social Networking Services",2,2,23CCO54,"Mr V Perumal",9600818149,perumal_co2@mail.sjctni.edu
24UCO645,23UCO53SP01A,"Self-paced Learning: Social Networking Services",2,2,23CCO54,"Mr V Perumal",9600818149,perumal_co2@mail.sjctni.edu
24UCO646,23UCO53SP01A,"Self-paced Learning: Social Networking Services",2,2,23CCO54,"Mr V Perumal",9600818149,perumal_co2@mail.sjctni.edu
24UCO647,23UCO53SP01A,"Self-paced Learning: Social Networking Services",2,2,23CCO54,"Mr V Perumal",9600818149,perumal_co2@mail.sjctni.edu
24UCO648,23UCO53SP01A,"Self-paced Learning: Social Networking Services",2,2,23CCO54,"Mr V Perumal",9600818149,perumal_co2@mail.sjctni.edu
24UCO649,23UCO53SP01A,"Self-paced Learning: Social Networking Services",2,2,23CCO54,"Mr V Perumal",9600818149,perumal_co2@mail.sjctni.edu
24UCO650,23UCO53SP01A,"Self-paced Learning: Social Networking Services",2,2,23CCO54,"Mr V Perumal",9600818149,perumal_co2@mail.sjctni.edu
24UCO651,23UCO53SP01A,"Self-paced Learning: Social Networking Services",2,2,23CCO54,"Mr V Perumal",9600818149,perumal_co2@mail.sjctni.edu
24UCO653,23UCO53SP01A,"Self-paced Learning: Social Networking Services",2,2,23CCO54,"Mr V Perumal",9600818149,perumal_co2@mail.sjctni.edu
24UCO654,23UCO53SP01A,"Self-paced Learning: Social Networking Services",2,2,23CCO54,"Mr V Perumal",9600818149,perumal_co2@mail.sjctni.edu
24UCO656,23UCO53SP01A,"Self-paced Learning: Social Networking Services",2,2,23CCO54,"Mr V Perumal",9600818149,perumal_co2@mail.sjctni.edu
24UCO657,23UCO53SP01A,"Self-paced Learning: Social Networking Services",2,2,23CCO54,"Mr V Perumal",9600818149,perumal_co2@mail.sjctni.edu
24UCO658,23UCO53SP01A,"Self-paced Learning: Social Networking Services",2,2,23CCO54,"Mr V Perumal",9600818149,perumal_co2@mail.sjctni.edu
24UCO659,23UCO53SP01A,"Self-paced Learning: Social Networking Services",2,2,23CCO54,"Mr V Perumal",9600818149,perumal_co2@mail.sjctni.edu
24UCO661,23UCO53SP01A,"Self-paced Learning: Social Networking Services",2,2,23CCO54,"Mr V Perumal",9600818149,perumal_co2@mail.sjctni.edu
24UCO662,23UCO53SP01A,"Self-paced Learning: Social Networking Services",2,2,23CCO54,"Mr V Perumal",9600818149,perumal_co2@mail.sjctni.edu
24UCO663,23UCO53SP01A,"Self-paced Learning: Social Networking Services",2,2,23CCO54,"Mr V Perumal",9600818149,perumal_co2@mail.sjctni.edu
24UCO664,23UCO53SP01A,"Self-paced Learning: Social Networking Services",2,2,23CCO54,"Mr V Perumal",9600818149,perumal_co2@mail.sjctni.edu
24UCO665,23UCO53SP01A,"Self-paced Learning: Social Networking Services",2,2,23CCO54,"Mr V Perumal",9600818149,perumal_co2@mail.sjctni.edu
24UCO666,23UCO53SP01A,"Self-paced Learning: Social Networking Services",2,2,23CCO54,"Mr V Perumal",9600818149,perumal_co2@mail.sjctni.edu
24UCO667,23UCO53SP01A,"Self-paced Learning: Social Networking Services",2,2,23CCO54,"Mr V Perumal",9600818149,perumal_co2@mail.sjctni.edu
24UCO668,23UCO53SP01A,"Self-paced Learning: Social Networking Services",2,2,23CCO54,"Mr V Perumal",9600818149,perumal_co2@mail.sjctni.edu
24UCO669,23UCO53SP01A,"Self-paced Learning: Social Networking Services",2,2,23CCO54,"Mr V Perumal",9600818149,perumal_co2@mail.sjctni.edu
24UCO670,23UCO53SP01A,"Self-paced Learning: Social Networking Services",2,2,23CCO54,"Mr V Perumal",9600818149,perumal_co2@mail.sjctni.edu
24UCO671,23UCO53SP01A,"Self-paced Learning: Social Networking Services",2,2,23CCO54,"Mr V Perumal",9600818149,perumal_co2@mail.sjctni.edu
24UCO672,23UCO53SP01A,"Self-paced Learning: Social Networking Services",2,2,23CCO54,"Mr V Perumal",9600818149,perumal_co2@mail.sjctni.edu
24UCO673,23UCO53SP01A,"Self-paced Learning: Social Networking Services",2,2,23CCO54,"Mr V Perumal",9600818149,perumal_co2@mail.sjctni.edu
24UCO675,23UCO53SP01A,"Self-paced Learning: Social Networking Services",2,2,23CCO54,"Mr V Perumal",9600818149,perumal_co2@mail.sjctni.edu
24UCO676,23UCO53SP01A,"Self-paced Learning: Social Networking Services",2,2,23CCO54,"Mr V Perumal",9600818149,perumal_co2@mail.sjctni.edu
24UCO678,23UCO53SP01A,"Self-paced Learning: Social Networking Services",2,2,23CCO54,"Mr V Perumal",9600818149,perumal_co2@mail.sjctni.edu
24UCO679,23UCO53SP01A,"Self-paced Learning: Social Networking Services",2,2,23CCO54,"Mr V Perumal",9600818149,perumal_co2@mail.sjctni.edu
24UCO680,23UCO53SP01A,"Self-paced Learning: Social Networking Services",2,2,23CCO54,"Mr V Perumal",9600818149,perumal_co2@mail.sjctni.edu
24UCO701,23UCO53SP01A,"Self-paced Learning: Social Networking Services",2,3,23CCO54,"Mr V Perumal",9600818149,perumal_co2@mail.sjctni.edu
24UCO702,23UCO53SP01A,"Self-paced Learning: Social Networking Services",2,3,23CCO54,"Mr V Perumal",9600818149,perumal_co2@mail.sjctni.edu
24UCO703,23UCO53SP01A,"Self-paced Learning: Social Networking Services",2,3,23CCO54,"Mr V Perumal",9600818149,perumal_co2@mail.sjctni.edu
24UCO705,23UCO53SP01A,"Self-paced Learning: Social Networking Services",2,3,23CCO54,"Mr V Perumal",9600818149,perumal_co2@mail.sjctni.edu
24UCO706,23UCO53SP01A,"Self-paced Learning: Social Networking Services",2,3,23CCO54,"Mr V Perumal",9600818149,perumal_co2@mail.sjctni.edu
24UCO707,23UCO53SP01A,"Self-paced Learning: Social Networking Services",2,3,23CCO54,"Mr V Perumal",9600818149,perumal_co2@mail.sjctni.edu
24UCO708,23UCO53SP01A,"Self-paced Learning: Social Networking Services",2,3,23CCO54,"Mr V Perumal",9600818149,perumal_co2@mail.sjctni.edu
24UCO710,23UCO53SP01A,"Self-paced Learning: Social Networking Services",2,3,23CCO54,"Mr V Perumal",9600818149,perumal_co2@mail.sjctni.edu
24UCO712,23UCO53SP01A,"Self-paced Learning: Social Networking Services",2,3,23CCO54,"Mr V Perumal",9600818149,perumal_co2@mail.sjctni.edu
24UCO713,23UCO53SP01A,"Self-paced Learning: Social Networking Services",2,3,23CCO54,"Mr V Perumal",9600818149,perumal_co2@mail.sjctni.edu
24UCO714,23UCO53SP01A,"Self-paced Learning: Social Networking Services",2,3,23CCO54,"Mr V Perumal",9600818149,perumal_co2@mail.sjctni.edu
24UCO715,23UCO53SP01A,"Self-paced Learning: Social Networking Services",2,3,23CCO54,"Mr V Perumal",9600818149,perumal_co2@mail.sjctni.edu
24UCO717,23UCO53SP01A,"Self-paced Learning: Social Networking Services",2,3,23CCO54,"Mr V Perumal",9600818149,perumal_co2@mail.sjctni.edu
24UCO719,23UCO53SP01A,"Self-paced Learning: Social Networking Services",2,3,23CCO54,"Mr V Perumal",9600818149,perumal_co2@mail.sjctni.edu
24UCO720,23UCO53SP01A,"Self-paced Learning: Social Networking Services",2,3,23CCO54,"Mr V Perumal",9600818149,perumal_co2@mail.sjctni.edu
24UCO721,23UCO53SP01A,"Self-paced Learning: Social Networking Services",2,3,23CCO54,"Mr V Perumal",9600818149,perumal_co2@mail.sjctni.edu
24UCO723,23UCO53SP01A,"Self-paced Learning: Social Networking Services",2,3,23CCO54,"Mr V Perumal",9600818149,perumal_co2@mail.sjctni.edu
24UCO724,23UCO53SP01A,"Self-paced Learning: Social Networking Services",2,3,23CCO54,"Mr V Perumal",9600818149,perumal_co2@mail.sjctni.edu
24UCO725,23UCO53SP01A,"Self-paced Learning: Social Networking Services",2,3,23CCO54,"Mr V Perumal",9600818149,perumal_co2@mail.sjctni.edu
24UCO726,23UCO53SP01A,"Self-paced Learning: Social Networking Services",2,3,23CCO54,"Mr V Perumal",9600818149,perumal_co2@mail.sjctni.edu
24UCO727,23UCO53SP01A,"Self-paced Learning: Social Networking Services",2,3,23CCO54,"Mr V Perumal",9600818149,perumal_co2@mail.sjctni.edu
24UCO728,23UCO53SP01A,"Self-paced Learning: Social Networking Services",2,3,23CCO54,"Mr V Perumal",9600818149,perumal_co2@mail.sjctni.edu
24UCO729,23UCO53SP01A,"Self-paced Learning: Social Networking Services",2,3,23CCO54,"Mr V Perumal",9600818149,perumal_co2@mail.sjctni.edu
24UCO730,23UCO53SP01A,"Self-paced Learning: Social Networking Services",2,3,23CCO54,"Mr V Perumal",9600818149,perumal_co2@mail.sjctni.edu
24UCO731,23UCO53SP01A,"Self-paced Learning: Social Networking Services",2,3,23CCO54,"Mr V Perumal",9600818149,perumal_co2@mail.sjctni.edu
24UCO732,23UCO53SP01A,"Self-paced Learning: Social Networking Services",2,3,23CCO54,"Mr V Perumal",9600818149,perumal_co2@mail.sjctni.edu
24UCO734,23UCO53SP01A,"Self-paced Learning: Social Networking Services",2,3,23CCO54,"Mr V Perumal",9600818149,perumal_co2@mail.sjctni.edu
24UCO735,23UCO53SP01A,"Self-paced Learning: Social Networking Services",2,3,23CCO54,"Mr V Perumal",9600818149,perumal_co2@mail.sjctni.edu
24UCO736,23UCO53SP01A,"Self-paced Learning: Social Networking Services",2,3,23CCO54,"Mr V Perumal",9600818149,perumal_co2@mail.sjctni.edu
24UCO737,23UCO53SP01A,"Self-paced Learning: Social Networking Services",2,3,23CCO54,"Mr V Perumal",9600818149,perumal_co2@mail.sjctni.edu
24UCO738,23UCO53SP01A,"Self-paced Learning: Social Networking Services",2,3,23CCO54,"Mr V Perumal",9600818149,perumal_co2@mail.sjctni.edu
24UCO739,23UCO53SP01A,"Self-paced Learning: Social Networking Services",2,3,23CCO54,"Mr V Perumal",9600818149,perumal_co2@mail.sjctni.edu
24UCO740,23UCO53SP01A,"Self-paced Learning: Social Networking Services",2,3,23CCO54,"Mr V Perumal",9600818149,perumal_co2@mail.sjctni.edu
24UCO741,23UCO53SP01A,"Self-paced Learning: Social Networking Services",2,3,23CCO54,"Mr V Perumal",9600818149,perumal_co2@mail.sjctni.edu
24UCO742,23UCO53SP01A,"Self-paced Learning: Social Networking Services",2,3,23CCO54,"Mr V Perumal",9600818149,perumal_co2@mail.sjctni.edu
24UCO743,23UCO53SP01A,"Self-paced Learning: Social Networking Services",2,3,23CCO54,"Mr V Perumal",9600818149,perumal_co2@mail.sjctni.edu
24UCO744,23UCO53SP01A,"Self-paced Learning: Social Networking Services",2,3,23CCO54,"Mr V Perumal",9600818149,perumal_co2@mail.sjctni.edu
24UCO745,23UCO53SP01A,"Self-paced Learning: Social Networking Services",2,3,23CCO54,"Mr V Perumal",9600818149,perumal_co2@mail.sjctni.edu
24UCO746,23UCO53SP01A,"Self-paced Learning: Social Networking Services",2,3,23CCO54,"Mr V Perumal",9600818149,perumal_co2@mail.sjctni.edu
24UCO747,23UCO53SP01A,"Self-paced Learning: Social Networking Services",2,3,23CCO54,"Mr V Perumal",9600818149,perumal_co2@mail.sjctni.edu
24UCO748,23UCO53SP01A,"Self-paced Learning: Social Networking Services",2,3,23CCO54,"Mr V Perumal",9600818149,perumal_co2@mail.sjctni.edu
24UCO749,23UCO53SP01A,"Self-paced Learning: Social Networking Services",2,3,23CCO54,"Mr V Perumal",9600818149,perumal_co2@mail.sjctni.edu
24UCO750,23UCO53SP01A,"Self-paced Learning: Social Networking Services",2,3,23CCO54,"Mr V Perumal",9600818149,perumal_co2@mail.sjctni.edu
24UCO751,23UCO53SP01A,"Self-paced Learning: Social Networking Services",2,3,23CCO54,"Mr V Perumal",9600818149,perumal_co2@mail.sjctni.edu
24UCO752,23UCO53SP01A,"Self-paced Learning: Social Networking Services",2,3,23CCO54,"Mr V Perumal",9600818149,perumal_co2@mail.sjctni.edu
24UCO753,23UCO53SP01A,"Self-paced Learning: Social Networking Services",2,3,23CCO54,"Mr V Perumal",9600818149,perumal_co2@mail.sjctni.edu
24UCO754,23UCO53SP01A,"Self-paced Learning: Social Networking Services",2,3,23CCO54,"Mr V Perumal",9600818149,perumal_co2@mail.sjctni.edu
24UCO755,23UCO53SP01A,"Self-paced Learning: Social Networking Services",2,3,23CCO54,"Mr V Perumal",9600818149,perumal_co2@mail.sjctni.edu
24UCO756,23UCO53SP01A,"Self-paced Learning: Social Networking Services",2,3,23CCO54,"Mr V Perumal",9600818149,perumal_co2@mail.sjctni.edu
24UCO757,23UCO53SP01A,"Self-paced Learning: Social Networking Services",2,3,23CCO54,"Mr V Perumal",9600818149,perumal_co2@mail.sjctni.edu
24UCO758,23UCO53SP01A,"Self-paced Learning: Social Networking Services",2,3,23CCO54,"Mr V Perumal",9600818149,perumal_co2@mail.sjctni.edu
24UCO760,23UCO53SP01A,"Self-paced Learning: Social Networking Services",2,3,23CCO54,"Mr V Perumal",9600818149,perumal_co2@mail.sjctni.edu
24UCO762,23UCO53SP01A,"Self-paced Learning: Social Networking Services",2,3,23CCO54,"Mr V Perumal",9600818149,perumal_co2@mail.sjctni.edu
24UCO763,23UCO53SP01A,"Self-paced Learning: Social Networking Services",2,3,23CCO54,"Mr V Perumal",9600818149,perumal_co2@mail.sjctni.edu
24UCO764,23UCO53SP01A,"Self-paced Learning: Social Networking Services",2,3,23CCO54,"Mr V Perumal",9600818149,perumal_co2@mail.sjctni.edu
24UCO765,23UCO53SP01A,"Self-paced Learning: Social Networking Services",2,3,23CCO54,"Mr V Perumal",9600818149,perumal_co2@mail.sjctni.edu
24UCO766,23UCO53SP01A,"Self-paced Learning: Social Networking Services",2,3,23CCO54,"Mr V Perumal",9600818149,perumal_co2@mail.sjctni.edu
24UCO767,23UCO53SP01A,"Self-paced Learning: Social Networking Services",2,3,23CCO54,"Mr V Perumal",9600818149,perumal_co2@mail.sjctni.edu
24UCO768,23UCO53SP01A,"Self-paced Learning: Social Networking Services",2,3,23CCO54,"Mr V Perumal",9600818149,perumal_co2@mail.sjctni.edu
24UCO769,23UCO53SP01A,"Self-paced Learning: Social Networking Services",2,3,23CCO54,"Mr V Perumal",9600818149,perumal_co2@mail.sjctni.edu
24UCO770,23UCO53SP01A,"Self-paced Learning: Social Networking Services",2,3,23CCO54,"Mr V Perumal",9600818149,perumal_co2@mail.sjctni.edu
24UCO771,23UCO53SP01A,"Self-paced Learning: Social Networking Services",2,3,23CCO54,"Mr V Perumal",9600818149,perumal_co2@mail.sjctni.edu
24UCO773,23UCO53SP01A,"Self-paced Learning: Social Networking Services",2,3,23CCO54,"Mr V Perumal",9600818149,perumal_co2@mail.sjctni.edu
24UCO774,23UCO53SP01A,"Self-paced Learning: Social Networking Services",2,3,23CCO54,"Mr V Perumal",9600818149,perumal_co2@mail.sjctni.edu
24UCO775,23UCO53SP01A,"Self-paced Learning: Social Networking Services",2,3,23CCO54,"Mr V Perumal",9600818149,perumal_co2@mail.sjctni.edu
24UCO776,23UCO53SP01A,"Self-paced Learning: Social Networking Services",2,3,23CCO54,"Mr V Perumal",9600818149,perumal_co2@mail.sjctni.edu
24UCO777,23UCO53SP01A,"Self-paced Learning: Social Networking Services",2,3,23CCO54,"Mr V Perumal",9600818149,perumal_co2@mail.sjctni.edu
24UCS101,23UCS53SP01,"Self-paced Learning:  Web Ethics",1,1,24FCS02,"Dr G Arockia Sahaya Sheela",9842452595,arockiasahayasheela_cs1@mail.sjctni.edu
24UCS102,23UCS53SP01,"Self-paced Learning:  Web Ethics",1,1,24FCS02,"Dr G Arockia Sahaya Sheela",9842452595,arockiasahayasheela_cs1@mail.sjctni.edu
24UCS103,23UCS53SP01,"Self-paced Learning:  Web Ethics",1,1,24FCS02,"Dr G Arockia Sahaya Sheela",9842452595,arockiasahayasheela_cs1@mail.sjctni.edu
24UCS104,23UCS53SP01,"Self-paced Learning:  Web Ethics",1,1,24FCS02,"Dr G Arockia Sahaya Sheela",9842452595,arockiasahayasheela_cs1@mail.sjctni.edu
24UCS105,23UCS53SP01,"Self-paced Learning:  Web Ethics",1,1,24FCS02,"Dr G Arockia Sahaya Sheela",9842452595,arockiasahayasheela_cs1@mail.sjctni.edu
24UCS106,23UCS53SP01,"Self-paced Learning:  Web Ethics",1,1,24FCS02,"Dr G Arockia Sahaya Sheela",9842452595,arockiasahayasheela_cs1@mail.sjctni.edu
24UCS107,23UCS53SP01,"Self-paced Learning:  Web Ethics",1,1,24FCS02,"Dr G Arockia Sahaya Sheela",9842452595,arockiasahayasheela_cs1@mail.sjctni.edu
24UCS108,23UCS53SP01,"Self-paced Learning:  Web Ethics",1,1,24FCS02,"Dr G Arockia Sahaya Sheela",9842452595,arockiasahayasheela_cs1@mail.sjctni.edu
24UCS109,23UCS53SP01,"Self-paced Learning:  Web Ethics",1,1,24FCS02,"Dr G Arockia Sahaya Sheela",9842452595,arockiasahayasheela_cs1@mail.sjctni.edu
24UCS110,23UCS53SP01,"Self-paced Learning:  Web Ethics",1,1,24FCS02,"Dr G Arockia Sahaya Sheela",9842452595,arockiasahayasheela_cs1@mail.sjctni.edu
24UCS111,23UCS53SP01,"Self-paced Learning:  Web Ethics",1,1,24FCS02,"Dr G Arockia Sahaya Sheela",9842452595,arockiasahayasheela_cs1@mail.sjctni.edu
24UCS112,23UCS53SP01,"Self-paced Learning:  Web Ethics",1,1,24FCS02,"Dr G Arockia Sahaya Sheela",9842452595,arockiasahayasheela_cs1@mail.sjctni.edu
24UCS113,23UCS53SP01,"Self-paced Learning:  Web Ethics",1,1,24FCS02,"Dr G Arockia Sahaya Sheela",9842452595,arockiasahayasheela_cs1@mail.sjctni.edu
24UCS114,23UCS53SP01,"Self-paced Learning:  Web Ethics",1,1,24FCS02,"Dr G Arockia Sahaya Sheela",9842452595,arockiasahayasheela_cs1@mail.sjctni.edu
24UCS115,23UCS53SP01,"Self-paced Learning:  Web Ethics",1,1,24FCS02,"Dr G Arockia Sahaya Sheela",9842452595,arockiasahayasheela_cs1@mail.sjctni.edu
24UCS116,23UCS53SP01,"Self-paced Learning:  Web Ethics",1,1,24FCS02,"Dr G Arockia Sahaya Sheela",9842452595,arockiasahayasheela_cs1@mail.sjctni.edu
24UCS117,23UCS53SP01,"Self-paced Learning:  Web Ethics",1,1,24FCS02,"Dr G Arockia Sahaya Sheela",9842452595,arockiasahayasheela_cs1@mail.sjctni.edu
24UCS118,23UCS53SP01,"Self-paced Learning:  Web Ethics",1,1,24FCS02,"Dr G Arockia Sahaya Sheela",9842452595,arockiasahayasheela_cs1@mail.sjctni.edu
24UCS119,23UCS53SP01,"Self-paced Learning:  Web Ethics",1,1,24FCS02,"Dr G Arockia Sahaya Sheela",9842452595,arockiasahayasheela_cs1@mail.sjctni.edu
24UCS120,23UCS53SP01,"Self-paced Learning:  Web Ethics",1,1,24FCS02,"Dr G Arockia Sahaya Sheela",9842452595,arockiasahayasheela_cs1@mail.sjctni.edu
24UCS121,23UCS53SP01,"Self-paced Learning:  Web Ethics",1,1,24FCS02,"Dr G Arockia Sahaya Sheela",9842452595,arockiasahayasheela_cs1@mail.sjctni.edu
24UCS122,23UCS53SP01,"Self-paced Learning:  Web Ethics",1,1,24FCS02,"Dr G Arockia Sahaya Sheela",9842452595,arockiasahayasheela_cs1@mail.sjctni.edu
24UCS123,23UCS53SP01,"Self-paced Learning:  Web Ethics",1,1,24FCS02,"Dr G Arockia Sahaya Sheela",9842452595,arockiasahayasheela_cs1@mail.sjctni.edu
24UCS124,23UCS53SP01,"Self-paced Learning:  Web Ethics",1,1,24FCS02,"Dr G Arockia Sahaya Sheela",9842452595,arockiasahayasheela_cs1@mail.sjctni.edu
24UCS125,23UCS53SP01,"Self-paced Learning:  Web Ethics",1,1,24FCS02,"Dr G Arockia Sahaya Sheela",9842452595,arockiasahayasheela_cs1@mail.sjctni.edu
24UCS126,23UCS53SP01,"Self-paced Learning:  Web Ethics",1,1,24FCS02,"Dr G Arockia Sahaya Sheela",9842452595,arockiasahayasheela_cs1@mail.sjctni.edu
24UCS127,23UCS53SP01,"Self-paced Learning:  Web Ethics",1,1,24FCS02,"Dr G Arockia Sahaya Sheela",9842452595,arockiasahayasheela_cs1@mail.sjctni.edu
24UCS128,23UCS53SP01,"Self-paced Learning:  Web Ethics",1,1,24FCS02,"Dr G Arockia Sahaya Sheela",9842452595,arockiasahayasheela_cs1@mail.sjctni.edu
24UCS129,23UCS53SP01,"Self-paced Learning:  Web Ethics",1,1,24FCS02,"Dr G Arockia Sahaya Sheela",9842452595,arockiasahayasheela_cs1@mail.sjctni.edu
24UCS130,23UCS53SP01,"Self-paced Learning:  Web Ethics",1,1,24FCS02,"Dr G Arockia Sahaya Sheela",9842452595,arockiasahayasheela_cs1@mail.sjctni.edu
24UCS132,23UCS53SP01,"Self-paced Learning:  Web Ethics",1,1,24FCS02,"Dr G Arockia Sahaya Sheela",9842452595,arockiasahayasheela_cs1@mail.sjctni.edu
24UCS133,23UCS53SP01,"Self-paced Learning:  Web Ethics",1,1,24FCS02,"Dr G Arockia Sahaya Sheela",9842452595,arockiasahayasheela_cs1@mail.sjctni.edu
24UCS134,23UCS53SP01,"Self-paced Learning:  Web Ethics",1,1,24FCS02,"Dr G Arockia Sahaya Sheela",9842452595,arockiasahayasheela_cs1@mail.sjctni.edu
24UCS135,23UCS53SP01,"Self-paced Learning:  Web Ethics",1,1,24FCS02,"Dr G Arockia Sahaya Sheela",9842452595,arockiasahayasheela_cs1@mail.sjctni.edu
24UCS136,23UCS53SP01,"Self-paced Learning:  Web Ethics",1,1,24FCS02,"Dr G Arockia Sahaya Sheela",9842452595,arockiasahayasheela_cs1@mail.sjctni.edu
24UCS137,23UCS53SP01,"Self-paced Learning:  Web Ethics",1,1,24FCS02,"Dr G Arockia Sahaya Sheela",9842452595,arockiasahayasheela_cs1@mail.sjctni.edu
24UCS138,23UCS53SP01,"Self-paced Learning:  Web Ethics",1,1,24FCS02,"Dr G Arockia Sahaya Sheela",9842452595,arockiasahayasheela_cs1@mail.sjctni.edu
24UCS139,23UCS53SP01,"Self-paced Learning:  Web Ethics",1,1,24FCS02,"Dr G Arockia Sahaya Sheela",9842452595,arockiasahayasheela_cs1@mail.sjctni.edu
24UCS140,23UCS53SP01,"Self-paced Learning:  Web Ethics",1,1,24FCS02,"Dr G Arockia Sahaya Sheela",9842452595,arockiasahayasheela_cs1@mail.sjctni.edu
24UCS142,23UCS53SP01,"Self-paced Learning:  Web Ethics",1,1,24FCS02,"Dr G Arockia Sahaya Sheela",9842452595,arockiasahayasheela_cs1@mail.sjctni.edu
24UCS143,23UCS53SP01,"Self-paced Learning:  Web Ethics",1,1,24FCS02,"Dr G Arockia Sahaya Sheela",9842452595,arockiasahayasheela_cs1@mail.sjctni.edu
24UCS144,23UCS53SP01,"Self-paced Learning:  Web Ethics",1,1,24FCS02,"Dr G Arockia Sahaya Sheela",9842452595,arockiasahayasheela_cs1@mail.sjctni.edu
24UCS145,23UCS53SP01,"Self-paced Learning:  Web Ethics",1,1,24FCS02,"Dr G Arockia Sahaya Sheela",9842452595,arockiasahayasheela_cs1@mail.sjctni.edu
24UCS146,23UCS53SP01,"Self-paced Learning:  Web Ethics",1,1,24FCS02,"Dr G Arockia Sahaya Sheela",9842452595,arockiasahayasheela_cs1@mail.sjctni.edu
24UCS147,23UCS53SP01,"Self-paced Learning:  Web Ethics",1,1,24FCS02,"Dr G Arockia Sahaya Sheela",9842452595,arockiasahayasheela_cs1@mail.sjctni.edu
24UCS148,23UCS53SP01,"Self-paced Learning:  Web Ethics",1,1,24FCS02,"Dr G Arockia Sahaya Sheela",9842452595,arockiasahayasheela_cs1@mail.sjctni.edu
24UCS149,23UCS53SP01,"Self-paced Learning:  Web Ethics",1,1,24FCS02,"Dr G Arockia Sahaya Sheela",9842452595,arockiasahayasheela_cs1@mail.sjctni.edu
24UCS150,23UCS53SP01,"Self-paced Learning:  Web Ethics",1,1,24FCS02,"Dr G Arockia Sahaya Sheela",9842452595,arockiasahayasheela_cs1@mail.sjctni.edu
24UCS151,23UCS53SP01,"Self-paced Learning:  Web Ethics",1,1,24FCS02,"Dr G Arockia Sahaya Sheela",9842452595,arockiasahayasheela_cs1@mail.sjctni.edu
24UCS152,23UCS53SP01,"Self-paced Learning:  Web Ethics",1,1,24FCS02,"Dr G Arockia Sahaya Sheela",9842452595,arockiasahayasheela_cs1@mail.sjctni.edu
24UCS153,23UCS53SP01,"Self-paced Learning:  Web Ethics",1,1,24FCS02,"Dr G Arockia Sahaya Sheela",9842452595,arockiasahayasheela_cs1@mail.sjctni.edu
24UCS154,23UCS53SP01,"Self-paced Learning:  Web Ethics",1,1,24FCS02,"Dr G Arockia Sahaya Sheela",9842452595,arockiasahayasheela_cs1@mail.sjctni.edu
24UCS155,23UCS53SP01,"Self-paced Learning:  Web Ethics",1,1,24FCS02,"Dr G Arockia Sahaya Sheela",9842452595,arockiasahayasheela_cs1@mail.sjctni.edu
24UCS156,23UCS53SP01,"Self-paced Learning:  Web Ethics",1,1,24FCS02,"Dr G Arockia Sahaya Sheela",9842452595,arockiasahayasheela_cs1@mail.sjctni.edu
24UCS157,23UCS53SP01,"Self-paced Learning:  Web Ethics",1,1,24FCS02,"Dr G Arockia Sahaya Sheela",9842452595,arockiasahayasheela_cs1@mail.sjctni.edu
24UCS158,23UCS53SP01,"Self-paced Learning:  Web Ethics",1,1,24FCS02,"Dr G Arockia Sahaya Sheela",9842452595,arockiasahayasheela_cs1@mail.sjctni.edu
24UCS159,23UCS53SP01,"Self-paced Learning:  Web Ethics",1,1,24FCS02,"Dr G Arockia Sahaya Sheela",9842452595,arockiasahayasheela_cs1@mail.sjctni.edu
24UCS160,23UCS53SP01,"Self-paced Learning:  Web Ethics",1,1,24FCS02,"Dr G Arockia Sahaya Sheela",9842452595,arockiasahayasheela_cs1@mail.sjctni.edu
24UCS161,23UCS53SP01,"Self-paced Learning:  Web Ethics",1,1,24FCS02,"Dr G Arockia Sahaya Sheela",9842452595,arockiasahayasheela_cs1@mail.sjctni.edu
24UCS162,23UCS53SP01,"Self-paced Learning:  Web Ethics",1,1,24FCS02,"Dr G Arockia Sahaya Sheela",9842452595,arockiasahayasheela_cs1@mail.sjctni.edu
24UCS163,23UCS53SP01,"Self-paced Learning:  Web Ethics",1,1,24FCS02,"Dr G Arockia Sahaya Sheela",9842452595,arockiasahayasheela_cs1@mail.sjctni.edu
24UCS164,23UCS53SP01,"Self-paced Learning:  Web Ethics",1,1,24FCS02,"Dr G Arockia Sahaya Sheela",9842452595,arockiasahayasheela_cs1@mail.sjctni.edu
24UCS165,23UCS53SP01,"Self-paced Learning:  Web Ethics",1,1,24FCS02,"Dr G Arockia Sahaya Sheela",9842452595,arockiasahayasheela_cs1@mail.sjctni.edu
24UCS166,23UCS53SP01,"Self-paced Learning:  Web Ethics",1,1,24FCS02,"Dr G Arockia Sahaya Sheela",9842452595,arockiasahayasheela_cs1@mail.sjctni.edu
24UCS167,23UCS53SP01,"Self-paced Learning:  Web Ethics",1,1,24FCS02,"Dr G Arockia Sahaya Sheela",9842452595,arockiasahayasheela_cs1@mail.sjctni.edu
24UCS168,23UCS53SP01,"Self-paced Learning:  Web Ethics",1,1,24FCS02,"Dr G Arockia Sahaya Sheela",9842452595,arockiasahayasheela_cs1@mail.sjctni.edu
24UCS169,23UCS53SP01,"Self-paced Learning:  Web Ethics",1,1,24FCS02,"Dr G Arockia Sahaya Sheela",9842452595,arockiasahayasheela_cs1@mail.sjctni.edu
24UCS170,23UCS53SP01,"Self-paced Learning:  Web Ethics",1,1,24FCS02,"Dr G Arockia Sahaya Sheela",9842452595,arockiasahayasheela_cs1@mail.sjctni.edu
24UCS171,23UCS53SP01,"Self-paced Learning:  Web Ethics",1,1,24FCS02,"Dr G Arockia Sahaya Sheela",9842452595,arockiasahayasheela_cs1@mail.sjctni.edu
24UCS501,23UCS53SP01,"Self-paced Learning:  Web Ethics",2,1,23CCS52,"Mrs S Thulasi Bharathi",9942659836,thulasibharathi_it2@mail.sjctni.edu
24UCS502,23UCS53SP01,"Self-paced Learning:  Web Ethics",2,1,23CCS52,"Mrs S Thulasi Bharathi",9942659836,thulasibharathi_it2@mail.sjctni.edu
24UCS503,23UCS53SP01,"Self-paced Learning:  Web Ethics",2,1,23CCS52,"Mrs S Thulasi Bharathi",9942659836,thulasibharathi_it2@mail.sjctni.edu
24UCS504,23UCS53SP01,"Self-paced Learning:  Web Ethics",2,1,23CCS52,"Mrs S Thulasi Bharathi",9942659836,thulasibharathi_it2@mail.sjctni.edu
24UCS505,23UCS53SP01,"Self-paced Learning:  Web Ethics",2,1,23CCS52,"Mrs S Thulasi Bharathi",9942659836,thulasibharathi_it2@mail.sjctni.edu
24UCS506,23UCS53SP01,"Self-paced Learning:  Web Ethics",2,1,23CCS52,"Mrs S Thulasi Bharathi",9942659836,thulasibharathi_it2@mail.sjctni.edu
24UCS507,23UCS53SP01,"Self-paced Learning:  Web Ethics",2,1,23CCS52,"Mrs S Thulasi Bharathi",9942659836,thulasibharathi_it2@mail.sjctni.edu
24UCS508,23UCS53SP01,"Self-paced Learning:  Web Ethics",2,1,23CCS52,"Mrs S Thulasi Bharathi",9942659836,thulasibharathi_it2@mail.sjctni.edu
24UCS509,23UCS53SP01,"Self-paced Learning:  Web Ethics",2,1,23CCS52,"Mrs S Thulasi Bharathi",9942659836,thulasibharathi_it2@mail.sjctni.edu
24UCS510,23UCS53SP01,"Self-paced Learning:  Web Ethics",2,1,23CCS52,"Mrs S Thulasi Bharathi",9942659836,thulasibharathi_it2@mail.sjctni.edu
24UCS512,23UCS53SP01,"Self-paced Learning:  Web Ethics",2,1,23CCS52,"Mrs S Thulasi Bharathi",9942659836,thulasibharathi_it2@mail.sjctni.edu
24UCS513,23UCS53SP01,"Self-paced Learning:  Web Ethics",2,1,23CCS52,"Mrs S Thulasi Bharathi",9942659836,thulasibharathi_it2@mail.sjctni.edu
24UCS514,23UCS53SP01,"Self-paced Learning:  Web Ethics",2,1,23CCS52,"Mrs S Thulasi Bharathi",9942659836,thulasibharathi_it2@mail.sjctni.edu
24UCS516,23UCS53SP01,"Self-paced Learning:  Web Ethics",2,1,23CCS52,"Mrs S Thulasi Bharathi",9942659836,thulasibharathi_it2@mail.sjctni.edu
24UCS517,23UCS53SP01,"Self-paced Learning:  Web Ethics",2,1,23CCS52,"Mrs S Thulasi Bharathi",9942659836,thulasibharathi_it2@mail.sjctni.edu
24UCS518,23UCS53SP01,"Self-paced Learning:  Web Ethics",2,1,23CCS52,"Mrs S Thulasi Bharathi",9942659836,thulasibharathi_it2@mail.sjctni.edu
24UCS519,23UCS53SP01,"Self-paced Learning:  Web Ethics",2,1,23CCS52,"Mrs S Thulasi Bharathi",9942659836,thulasibharathi_it2@mail.sjctni.edu
24UCS520,23UCS53SP01,"Self-paced Learning:  Web Ethics",2,1,23CCS52,"Mrs S Thulasi Bharathi",9942659836,thulasibharathi_it2@mail.sjctni.edu
24UCS521,23UCS53SP01,"Self-paced Learning:  Web Ethics",2,1,23CCS52,"Mrs S Thulasi Bharathi",9942659836,thulasibharathi_it2@mail.sjctni.edu
24UCS522,23UCS53SP01,"Self-paced Learning:  Web Ethics",2,1,23CCS52,"Mrs S Thulasi Bharathi",9942659836,thulasibharathi_it2@mail.sjctni.edu
24UCS523,23UCS53SP01,"Self-paced Learning:  Web Ethics",2,1,23CCS52,"Mrs S Thulasi Bharathi",9942659836,thulasibharathi_it2@mail.sjctni.edu
24UCS524,23UCS53SP01,"Self-paced Learning:  Web Ethics",2,1,23CCS52,"Mrs S Thulasi Bharathi",9942659836,thulasibharathi_it2@mail.sjctni.edu
24UCS525,23UCS53SP01,"Self-paced Learning:  Web Ethics",2,1,23CCS52,"Mrs S Thulasi Bharathi",9942659836,thulasibharathi_it2@mail.sjctni.edu
24UCS526,23UCS53SP01,"Self-paced Learning:  Web Ethics",2,1,23CCS52,"Mrs S Thulasi Bharathi",9942659836,thulasibharathi_it2@mail.sjctni.edu
24UCS527,23UCS53SP01,"Self-paced Learning:  Web Ethics",2,1,23CCS52,"Mrs S Thulasi Bharathi",9942659836,thulasibharathi_it2@mail.sjctni.edu
24UCS528,23UCS53SP01,"Self-paced Learning:  Web Ethics",2,1,23CCS52,"Mrs S Thulasi Bharathi",9942659836,thulasibharathi_it2@mail.sjctni.edu
24UCS529,23UCS53SP01,"Self-paced Learning:  Web Ethics",2,1,23CCS52,"Mrs S Thulasi Bharathi",9942659836,thulasibharathi_it2@mail.sjctni.edu
24UCS530,23UCS53SP01,"Self-paced Learning:  Web Ethics",2,1,23CCS52,"Mrs S Thulasi Bharathi",9942659836,thulasibharathi_it2@mail.sjctni.edu
24UCS531,23UCS53SP01,"Self-paced Learning:  Web Ethics",2,1,23CCS52,"Mrs S Thulasi Bharathi",9942659836,thulasibharathi_it2@mail.sjctni.edu
24UCS532,23UCS53SP01,"Self-paced Learning:  Web Ethics",2,1,23CCS52,"Mrs S Thulasi Bharathi",9942659836,thulasibharathi_it2@mail.sjctni.edu
24UCS533,23UCS53SP01,"Self-paced Learning:  Web Ethics",2,1,23CCS52,"Mrs S Thulasi Bharathi",9942659836,thulasibharathi_it2@mail.sjctni.edu
24UCS534,23UCS53SP01,"Self-paced Learning:  Web Ethics",2,1,23CCS52,"Mrs S Thulasi Bharathi",9942659836,thulasibharathi_it2@mail.sjctni.edu
24UCS535,23UCS53SP01,"Self-paced Learning:  Web Ethics",2,1,23CCS52,"Mrs S Thulasi Bharathi",9942659836,thulasibharathi_it2@mail.sjctni.edu
24UCS536,23UCS53SP01,"Self-paced Learning:  Web Ethics",2,1,23CCS52,"Mrs S Thulasi Bharathi",9942659836,thulasibharathi_it2@mail.sjctni.edu
24UCS537,23UCS53SP01,"Self-paced Learning:  Web Ethics",2,1,23CCS52,"Mrs S Thulasi Bharathi",9942659836,thulasibharathi_it2@mail.sjctni.edu
24UCS539,23UCS53SP01,"Self-paced Learning:  Web Ethics",2,1,23CCS52,"Mrs S Thulasi Bharathi",9942659836,thulasibharathi_it2@mail.sjctni.edu
24UCS540,23UCS53SP01,"Self-paced Learning:  Web Ethics",2,1,23CCS52,"Mrs S Thulasi Bharathi",9942659836,thulasibharathi_it2@mail.sjctni.edu
24UCS541,23UCS53SP01,"Self-paced Learning:  Web Ethics",2,1,23CCS52,"Mrs S Thulasi Bharathi",9942659836,thulasibharathi_it2@mail.sjctni.edu
24UCS542,23UCS53SP01,"Self-paced Learning:  Web Ethics",2,1,23CCS52,"Mrs S Thulasi Bharathi",9942659836,thulasibharathi_it2@mail.sjctni.edu
24UCS543,23UCS53SP01,"Self-paced Learning:  Web Ethics",2,1,23CCS52,"Mrs S Thulasi Bharathi",9942659836,thulasibharathi_it2@mail.sjctni.edu
24UCS544,23UCS53SP01,"Self-paced Learning:  Web Ethics",2,1,23CCS52,"Mrs S Thulasi Bharathi",9942659836,thulasibharathi_it2@mail.sjctni.edu
24UCS545,23UCS53SP01,"Self-paced Learning:  Web Ethics",2,1,23CCS52,"Mrs S Thulasi Bharathi",9942659836,thulasibharathi_it2@mail.sjctni.edu
24UCS546,23UCS53SP01,"Self-paced Learning:  Web Ethics",2,1,23CCS52,"Mrs S Thulasi Bharathi",9942659836,thulasibharathi_it2@mail.sjctni.edu
24UCS547,23UCS53SP01,"Self-paced Learning:  Web Ethics",2,1,23CCS52,"Mrs S Thulasi Bharathi",9942659836,thulasibharathi_it2@mail.sjctni.edu
24UCS548,23UCS53SP01,"Self-paced Learning:  Web Ethics",2,1,23CCS52,"Mrs S Thulasi Bharathi",9942659836,thulasibharathi_it2@mail.sjctni.edu
24UCS549,23UCS53SP01,"Self-paced Learning:  Web Ethics",2,1,23CCS52,"Mrs S Thulasi Bharathi",9942659836,thulasibharathi_it2@mail.sjctni.edu
24UCS551,23UCS53SP01,"Self-paced Learning:  Web Ethics",2,1,23CCS52,"Mrs S Thulasi Bharathi",9942659836,thulasibharathi_it2@mail.sjctni.edu
24UCS552,23UCS53SP01,"Self-paced Learning:  Web Ethics",2,1,23CCS52,"Mrs S Thulasi Bharathi",9942659836,thulasibharathi_it2@mail.sjctni.edu
24UCS553,23UCS53SP01,"Self-paced Learning:  Web Ethics",2,1,23CCS52,"Mrs S Thulasi Bharathi",9942659836,thulasibharathi_it2@mail.sjctni.edu
24UCS554,23UCS53SP01,"Self-paced Learning:  Web Ethics",2,1,23CCS52,"Mrs S Thulasi Bharathi",9942659836,thulasibharathi_it2@mail.sjctni.edu
24UCS555,23UCS53SP01,"Self-paced Learning:  Web Ethics",2,1,23CCS52,"Mrs S Thulasi Bharathi",9942659836,thulasibharathi_it2@mail.sjctni.edu
24UCS556,23UCS53SP01,"Self-paced Learning:  Web Ethics",2,1,23CCS52,"Mrs S Thulasi Bharathi",9942659836,thulasibharathi_it2@mail.sjctni.edu
24UCS557,23UCS53SP01,"Self-paced Learning:  Web Ethics",2,1,23CCS52,"Mrs S Thulasi Bharathi",9942659836,thulasibharathi_it2@mail.sjctni.edu
24UCS558,23UCS53SP01,"Self-paced Learning:  Web Ethics",2,1,23CCS52,"Mrs S Thulasi Bharathi",9942659836,thulasibharathi_it2@mail.sjctni.edu
24UCS559,23UCS53SP01,"Self-paced Learning:  Web Ethics",2,1,23CCS52,"Mrs S Thulasi Bharathi",9942659836,thulasibharathi_it2@mail.sjctni.edu
24UCS560,23UCS53SP01,"Self-paced Learning:  Web Ethics",2,1,23CCS52,"Mrs S Thulasi Bharathi",9942659836,thulasibharathi_it2@mail.sjctni.edu
24UCS561,23UCS53SP01,"Self-paced Learning:  Web Ethics",2,1,23CCS52,"Mrs S Thulasi Bharathi",9942659836,thulasibharathi_it2@mail.sjctni.edu
24UCS562,23UCS53SP01,"Self-paced Learning:  Web Ethics",2,1,23CCS52,"Mrs S Thulasi Bharathi",9942659836,thulasibharathi_it2@mail.sjctni.edu
24UCS563,23UCS53SP01,"Self-paced Learning:  Web Ethics",2,1,23CCS52,"Mrs S Thulasi Bharathi",9942659836,thulasibharathi_it2@mail.sjctni.edu
24UCS564,23UCS53SP01,"Self-paced Learning:  Web Ethics",2,1,23CCS52,"Mrs S Thulasi Bharathi",9942659836,thulasibharathi_it2@mail.sjctni.edu
24UCS565,23UCS53SP01,"Self-paced Learning:  Web Ethics",2,1,23CCS52,"Mrs S Thulasi Bharathi",9942659836,thulasibharathi_it2@mail.sjctni.edu
24UCS566,23UCS53SP01,"Self-paced Learning:  Web Ethics",2,1,23CCS52,"Mrs S Thulasi Bharathi",9942659836,thulasibharathi_it2@mail.sjctni.edu
24UCS567,23UCS53SP01,"Self-paced Learning:  Web Ethics",2,1,23CCS52,"Mrs S Thulasi Bharathi",9942659836,thulasibharathi_it2@mail.sjctni.edu
24UCS568,23UCS53SP01,"Self-paced Learning:  Web Ethics",2,1,23CCS52,"Mrs S Thulasi Bharathi",9942659836,thulasibharathi_it2@mail.sjctni.edu
24UCS569,23UCS53SP01,"Self-paced Learning:  Web Ethics",2,1,23CCS52,"Mrs S Thulasi Bharathi",9942659836,thulasibharathi_it2@mail.sjctni.edu
24UCS570,23UCS53SP01,"Self-paced Learning:  Web Ethics",2,1,23CCS52,"Mrs S Thulasi Bharathi",9942659836,thulasibharathi_it2@mail.sjctni.edu
24UCS601,23UCS53SP01,"Self-paced Learning:  Web Ethics",2,2,23CCS54,"Ms M Merla Agnes Mary",8489958421,merlaagnesmary_cs2@mail.sjctni.edu
24UCS602,23UCS53SP01,"Self-paced Learning:  Web Ethics",2,2,23CCS54,"Ms M Merla Agnes Mary",8489958421,merlaagnesmary_cs2@mail.sjctni.edu
24UCS603,23UCS53SP01,"Self-paced Learning:  Web Ethics",2,2,23CCS54,"Ms M Merla Agnes Mary",8489958421,merlaagnesmary_cs2@mail.sjctni.edu
24UCS604,23UCS53SP01,"Self-paced Learning:  Web Ethics",2,2,23CCS54,"Ms M Merla Agnes Mary",8489958421,merlaagnesmary_cs2@mail.sjctni.edu
24UCS605,23UCS53SP01,"Self-paced Learning:  Web Ethics",2,2,23CCS54,"Ms M Merla Agnes Mary",8489958421,merlaagnesmary_cs2@mail.sjctni.edu
24UCS606,23UCS53SP01,"Self-paced Learning:  Web Ethics",2,2,23CCS54,"Ms M Merla Agnes Mary",8489958421,merlaagnesmary_cs2@mail.sjctni.edu
24UCS607,23UCS53SP01,"Self-paced Learning:  Web Ethics",2,2,23CCS54,"Ms M Merla Agnes Mary",8489958421,merlaagnesmary_cs2@mail.sjctni.edu
24UCS608,23UCS53SP01,"Self-paced Learning:  Web Ethics",2,2,23CCS54,"Ms M Merla Agnes Mary",8489958421,merlaagnesmary_cs2@mail.sjctni.edu
24UCS609,23UCS53SP01,"Self-paced Learning:  Web Ethics",2,2,23CCS54,"Ms M Merla Agnes Mary",8489958421,merlaagnesmary_cs2@mail.sjctni.edu
24UCS610,23UCS53SP01,"Self-paced Learning:  Web Ethics",2,2,23CCS54,"Ms M Merla Agnes Mary",8489958421,merlaagnesmary_cs2@mail.sjctni.edu
24UCS611,23UCS53SP01,"Self-paced Learning:  Web Ethics",2,2,23CCS54,"Ms M Merla Agnes Mary",8489958421,merlaagnesmary_cs2@mail.sjctni.edu
24UCS612,23UCS53SP01,"Self-paced Learning:  Web Ethics",2,2,23CCS54,"Ms M Merla Agnes Mary",8489958421,merlaagnesmary_cs2@mail.sjctni.edu
24UCS613,23UCS53SP01,"Self-paced Learning:  Web Ethics",2,2,23CCS54,"Ms M Merla Agnes Mary",8489958421,merlaagnesmary_cs2@mail.sjctni.edu
24UCS614,23UCS53SP01,"Self-paced Learning:  Web Ethics",2,2,23CCS54,"Ms M Merla Agnes Mary",8489958421,merlaagnesmary_cs2@mail.sjctni.edu
24UCS615,23UCS53SP01,"Self-paced Learning:  Web Ethics",2,2,23CCS54,"Ms M Merla Agnes Mary",8489958421,merlaagnesmary_cs2@mail.sjctni.edu
24UCS616,23UCS53SP01,"Self-paced Learning:  Web Ethics",2,2,23CCS54,"Ms M Merla Agnes Mary",8489958421,merlaagnesmary_cs2@mail.sjctni.edu
24UCS617,23UCS53SP01,"Self-paced Learning:  Web Ethics",2,2,23CCS54,"Ms M Merla Agnes Mary",8489958421,merlaagnesmary_cs2@mail.sjctni.edu
24UCS618,23UCS53SP01,"Self-paced Learning:  Web Ethics",2,2,23CCS54,"Ms M Merla Agnes Mary",8489958421,merlaagnesmary_cs2@mail.sjctni.edu
24UCS619,23UCS53SP01,"Self-paced Learning:  Web Ethics",2,2,23CCS54,"Ms M Merla Agnes Mary",8489958421,merlaagnesmary_cs2@mail.sjctni.edu
24UCS620,23UCS53SP01,"Self-paced Learning:  Web Ethics",2,2,23CCS54,"Ms M Merla Agnes Mary",8489958421,merlaagnesmary_cs2@mail.sjctni.edu
24UCS621,23UCS53SP01,"Self-paced Learning:  Web Ethics",2,2,23CCS54,"Ms M Merla Agnes Mary",8489958421,merlaagnesmary_cs2@mail.sjctni.edu
24UCS622,23UCS53SP01,"Self-paced Learning:  Web Ethics",2,2,23CCS54,"Ms M Merla Agnes Mary",8489958421,merlaagnesmary_cs2@mail.sjctni.edu
24UCS623,23UCS53SP01,"Self-paced Learning:  Web Ethics",2,2,23CCS54,"Ms M Merla Agnes Mary",8489958421,merlaagnesmary_cs2@mail.sjctni.edu
24UCS624,23UCS53SP01,"Self-paced Learning:  Web Ethics",2,2,23CCS54,"Ms M Merla Agnes Mary",8489958421,merlaagnesmary_cs2@mail.sjctni.edu
24UCS625,23UCS53SP01,"Self-paced Learning:  Web Ethics",2,2,23CCS54,"Ms M Merla Agnes Mary",8489958421,merlaagnesmary_cs2@mail.sjctni.edu
24UCS626,23UCS53SP01,"Self-paced Learning:  Web Ethics",2,2,23CCS54,"Ms M Merla Agnes Mary",8489958421,merlaagnesmary_cs2@mail.sjctni.edu
24UCS627,23UCS53SP01,"Self-paced Learning:  Web Ethics",2,2,23CCS54,"Ms M Merla Agnes Mary",8489958421,merlaagnesmary_cs2@mail.sjctni.edu
24UCS628,23UCS53SP01,"Self-paced Learning:  Web Ethics",2,2,23CCS54,"Ms M Merla Agnes Mary",8489958421,merlaagnesmary_cs2@mail.sjctni.edu
24UCS629,23UCS53SP01,"Self-paced Learning:  Web Ethics",2,2,23CCS54,"Ms M Merla Agnes Mary",8489958421,merlaagnesmary_cs2@mail.sjctni.edu
24UCS630,23UCS53SP01,"Self-paced Learning:  Web Ethics",2,2,23CCS54,"Ms M Merla Agnes Mary",8489958421,merlaagnesmary_cs2@mail.sjctni.edu
24UCS631,23UCS53SP01,"Self-paced Learning:  Web Ethics",2,2,23CCS54,"Ms M Merla Agnes Mary",8489958421,merlaagnesmary_cs2@mail.sjctni.edu
24UCS632,23UCS53SP01,"Self-paced Learning:  Web Ethics",2,2,23CCS54,"Ms M Merla Agnes Mary",8489958421,merlaagnesmary_cs2@mail.sjctni.edu
24UCS633,23UCS53SP01,"Self-paced Learning:  Web Ethics",2,2,23CCS54,"Ms M Merla Agnes Mary",8489958421,merlaagnesmary_cs2@mail.sjctni.edu
24UCS634,23UCS53SP01,"Self-paced Learning:  Web Ethics",2,2,23CCS54,"Ms M Merla Agnes Mary",8489958421,merlaagnesmary_cs2@mail.sjctni.edu
24UCS635,23UCS53SP01,"Self-paced Learning:  Web Ethics",2,2,23CCS54,"Ms M Merla Agnes Mary",8489958421,merlaagnesmary_cs2@mail.sjctni.edu
24UCS636,23UCS53SP01,"Self-paced Learning:  Web Ethics",2,2,23CCS54,"Ms M Merla Agnes Mary",8489958421,merlaagnesmary_cs2@mail.sjctni.edu
24UCS637,23UCS53SP01,"Self-paced Learning:  Web Ethics",2,2,23CCS54,"Ms M Merla Agnes Mary",8489958421,merlaagnesmary_cs2@mail.sjctni.edu
24UCS638,23UCS53SP01,"Self-paced Learning:  Web Ethics",2,2,23CCS54,"Ms M Merla Agnes Mary",8489958421,merlaagnesmary_cs2@mail.sjctni.edu
24UCS639,23UCS53SP01,"Self-paced Learning:  Web Ethics",2,2,23CCS54,"Ms M Merla Agnes Mary",8489958421,merlaagnesmary_cs2@mail.sjctni.edu
24UCS640,23UCS53SP01,"Self-paced Learning:  Web Ethics",2,2,23CCS54,"Ms M Merla Agnes Mary",8489958421,merlaagnesmary_cs2@mail.sjctni.edu
24UCS641,23UCS53SP01,"Self-paced Learning:  Web Ethics",2,2,23CCS54,"Ms M Merla Agnes Mary",8489958421,merlaagnesmary_cs2@mail.sjctni.edu
24UCS642,23UCS53SP01,"Self-paced Learning:  Web Ethics",2,2,23CCS54,"Ms M Merla Agnes Mary",8489958421,merlaagnesmary_cs2@mail.sjctni.edu
24UCS643,23UCS53SP01,"Self-paced Learning:  Web Ethics",2,2,23CCS54,"Ms M Merla Agnes Mary",8489958421,merlaagnesmary_cs2@mail.sjctni.edu
24UCS644,23UCS53SP01,"Self-paced Learning:  Web Ethics",2,2,23CCS54,"Ms M Merla Agnes Mary",8489958421,merlaagnesmary_cs2@mail.sjctni.edu
24UCS645,23UCS53SP01,"Self-paced Learning:  Web Ethics",2,2,23CCS54,"Ms M Merla Agnes Mary",8489958421,merlaagnesmary_cs2@mail.sjctni.edu
24UCS646,23UCS53SP01,"Self-paced Learning:  Web Ethics",2,2,23CCS54,"Ms M Merla Agnes Mary",8489958421,merlaagnesmary_cs2@mail.sjctni.edu
24UCS647,23UCS53SP01,"Self-paced Learning:  Web Ethics",2,2,23CCS54,"Ms M Merla Agnes Mary",8489958421,merlaagnesmary_cs2@mail.sjctni.edu
24UCS648,23UCS53SP01,"Self-paced Learning:  Web Ethics",2,2,23CCS54,"Ms M Merla Agnes Mary",8489958421,merlaagnesmary_cs2@mail.sjctni.edu
24UCS649,23UCS53SP01,"Self-paced Learning:  Web Ethics",2,2,23CCS54,"Ms M Merla Agnes Mary",8489958421,merlaagnesmary_cs2@mail.sjctni.edu
24UCS650,23UCS53SP01,"Self-paced Learning:  Web Ethics",2,2,23CCS54,"Ms M Merla Agnes Mary",8489958421,merlaagnesmary_cs2@mail.sjctni.edu
24UCS651,23UCS53SP01,"Self-paced Learning:  Web Ethics",2,2,23CCS54,"Ms M Merla Agnes Mary",8489958421,merlaagnesmary_cs2@mail.sjctni.edu
24UCS652,23UCS53SP01,"Self-paced Learning:  Web Ethics",2,2,23CCS54,"Ms M Merla Agnes Mary",8489958421,merlaagnesmary_cs2@mail.sjctni.edu
24UCS653,23UCS53SP01,"Self-paced Learning:  Web Ethics",2,2,23CCS54,"Ms M Merla Agnes Mary",8489958421,merlaagnesmary_cs2@mail.sjctni.edu
24UCS654,23UCS53SP01,"Self-paced Learning:  Web Ethics",2,2,23CCS54,"Ms M Merla Agnes Mary",8489958421,merlaagnesmary_cs2@mail.sjctni.edu
24UCS655,23UCS53SP01,"Self-paced Learning:  Web Ethics",2,2,23CCS54,"Ms M Merla Agnes Mary",8489958421,merlaagnesmary_cs2@mail.sjctni.edu
24UCS656,23UCS53SP01,"Self-paced Learning:  Web Ethics",2,2,23CCS54,"Ms M Merla Agnes Mary",8489958421,merlaagnesmary_cs2@mail.sjctni.edu
24UCS657,23UCS53SP01,"Self-paced Learning:  Web Ethics",2,2,23CCS54,"Ms M Merla Agnes Mary",8489958421,merlaagnesmary_cs2@mail.sjctni.edu
24UCS658,23UCS53SP01,"Self-paced Learning:  Web Ethics",2,2,23CCS54,"Ms M Merla Agnes Mary",8489958421,merlaagnesmary_cs2@mail.sjctni.edu
24UCS659,23UCS53SP01,"Self-paced Learning:  Web Ethics",2,2,23CCS54,"Ms M Merla Agnes Mary",8489958421,merlaagnesmary_cs2@mail.sjctni.edu
24UCS660,23UCS53SP01,"Self-paced Learning:  Web Ethics",2,2,23CCS54,"Ms M Merla Agnes Mary",8489958421,merlaagnesmary_cs2@mail.sjctni.edu
24UCS661,23UCS53SP01,"Self-paced Learning:  Web Ethics",2,2,23CCS54,"Ms M Merla Agnes Mary",8489958421,merlaagnesmary_cs2@mail.sjctni.edu
24UCS662,23UCS53SP01,"Self-paced Learning:  Web Ethics",2,2,23CCS54,"Ms M Merla Agnes Mary",8489958421,merlaagnesmary_cs2@mail.sjctni.edu
24UCS663,23UCS53SP01,"Self-paced Learning:  Web Ethics",2,2,23CCS54,"Ms M Merla Agnes Mary",8489958421,merlaagnesmary_cs2@mail.sjctni.edu
24UCS664,23UCS53SP01,"Self-paced Learning:  Web Ethics",2,2,23CCS54,"Ms M Merla Agnes Mary",8489958421,merlaagnesmary_cs2@mail.sjctni.edu
24UCS665,23UCS53SP01,"Self-paced Learning:  Web Ethics",2,2,23CCS54,"Ms M Merla Agnes Mary",8489958421,merlaagnesmary_cs2@mail.sjctni.edu
24UCS666,23UCS53SP01,"Self-paced Learning:  Web Ethics",2,2,23CCS54,"Ms M Merla Agnes Mary",8489958421,merlaagnesmary_cs2@mail.sjctni.edu
24UCS702,23UCS53SP01,"Self-paced Learning:  Web Ethics",2,3,26SCS52,"Ms A H Amalorpava Akila",9994647420,amalorpavaakila_cs2@mail.sjctni.edu
24UCS703,23UCS53SP01,"Self-paced Learning:  Web Ethics",2,3,26SCS52,"Ms A H Amalorpava Akila",9994647420,amalorpavaakila_cs2@mail.sjctni.edu
24UCS704,23UCS53SP01,"Self-paced Learning:  Web Ethics",2,3,26SCS52,"Ms A H Amalorpava Akila",9994647420,amalorpavaakila_cs2@mail.sjctni.edu
24UCS705,23UCS53SP01,"Self-paced Learning:  Web Ethics",2,3,26SCS52,"Ms A H Amalorpava Akila",9994647420,amalorpavaakila_cs2@mail.sjctni.edu
24UCS706,23UCS53SP01,"Self-paced Learning:  Web Ethics",2,3,26SCS52,"Ms A H Amalorpava Akila",9994647420,amalorpavaakila_cs2@mail.sjctni.edu
24UCS707,23UCS53SP01,"Self-paced Learning:  Web Ethics",2,3,26SCS52,"Ms A H Amalorpava Akila",9994647420,amalorpavaakila_cs2@mail.sjctni.edu
24UCS708,23UCS53SP01,"Self-paced Learning:  Web Ethics",2,3,26SCS52,"Ms A H Amalorpava Akila",9994647420,amalorpavaakila_cs2@mail.sjctni.edu
24UCS709,23UCS53SP01,"Self-paced Learning:  Web Ethics",2,3,26SCS52,"Ms A H Amalorpava Akila",9994647420,amalorpavaakila_cs2@mail.sjctni.edu
24UCS710,23UCS53SP01,"Self-paced Learning:  Web Ethics",2,3,26SCS52,"Ms A H Amalorpava Akila",9994647420,amalorpavaakila_cs2@mail.sjctni.edu
24UCS711,23UCS53SP01,"Self-paced Learning:  Web Ethics",2,3,26SCS52,"Ms A H Amalorpava Akila",9994647420,amalorpavaakila_cs2@mail.sjctni.edu
24UCS712,23UCS53SP01,"Self-paced Learning:  Web Ethics",2,3,26SCS52,"Ms A H Amalorpava Akila",9994647420,amalorpavaakila_cs2@mail.sjctni.edu
24UCS713,23UCS53SP01,"Self-paced Learning:  Web Ethics",2,3,26SCS52,"Ms A H Amalorpava Akila",9994647420,amalorpavaakila_cs2@mail.sjctni.edu
24UCS714,23UCS53SP01,"Self-paced Learning:  Web Ethics",2,3,26SCS52,"Ms A H Amalorpava Akila",9994647420,amalorpavaakila_cs2@mail.sjctni.edu
24UCS715,23UCS53SP01,"Self-paced Learning:  Web Ethics",2,3,26SCS52,"Ms A H Amalorpava Akila",9994647420,amalorpavaakila_cs2@mail.sjctni.edu
24UCS716,23UCS53SP01,"Self-paced Learning:  Web Ethics",2,3,26SCS52,"Ms A H Amalorpava Akila",9994647420,amalorpavaakila_cs2@mail.sjctni.edu
24UCS717,23UCS53SP01,"Self-paced Learning:  Web Ethics",2,3,26SCS52,"Ms A H Amalorpava Akila",9994647420,amalorpavaakila_cs2@mail.sjctni.edu
24UCS718,23UCS53SP01,"Self-paced Learning:  Web Ethics",2,3,26SCS52,"Ms A H Amalorpava Akila",9994647420,amalorpavaakila_cs2@mail.sjctni.edu
24UCS719,23UCS53SP01,"Self-paced Learning:  Web Ethics",2,3,26SCS52,"Ms A H Amalorpava Akila",9994647420,amalorpavaakila_cs2@mail.sjctni.edu
24UCS720,23UCS53SP01,"Self-paced Learning:  Web Ethics",2,3,26SCS52,"Ms A H Amalorpava Akila",9994647420,amalorpavaakila_cs2@mail.sjctni.edu
24UCS721,23UCS53SP01,"Self-paced Learning:  Web Ethics",2,3,26SCS52,"Ms A H Amalorpava Akila",9994647420,amalorpavaakila_cs2@mail.sjctni.edu
24UCS722,23UCS53SP01,"Self-paced Learning:  Web Ethics",2,3,26SCS52,"Ms A H Amalorpava Akila",9994647420,amalorpavaakila_cs2@mail.sjctni.edu
24UCS723,23UCS53SP01,"Self-paced Learning:  Web Ethics",2,3,26SCS52,"Ms A H Amalorpava Akila",9994647420,amalorpavaakila_cs2@mail.sjctni.edu
24UCS724,23UCS53SP01,"Self-paced Learning:  Web Ethics",2,3,26SCS52,"Ms A H Amalorpava Akila",9994647420,amalorpavaakila_cs2@mail.sjctni.edu
24UCS725,23UCS53SP01,"Self-paced Learning:  Web Ethics",2,3,26SCS52,"Ms A H Amalorpava Akila",9994647420,amalorpavaakila_cs2@mail.sjctni.edu
24UCS726,23UCS53SP01,"Self-paced Learning:  Web Ethics",2,3,26SCS52,"Ms A H Amalorpava Akila",9994647420,amalorpavaakila_cs2@mail.sjctni.edu
24UCS727,23UCS53SP01,"Self-paced Learning:  Web Ethics",2,3,26SCS52,"Ms A H Amalorpava Akila",9994647420,amalorpavaakila_cs2@mail.sjctni.edu
24UCS728,23UCS53SP01,"Self-paced Learning:  Web Ethics",2,3,26SCS52,"Ms A H Amalorpava Akila",9994647420,amalorpavaakila_cs2@mail.sjctni.edu
24UCS729,23UCS53SP01,"Self-paced Learning:  Web Ethics",2,3,26SCS52,"Ms A H Amalorpava Akila",9994647420,amalorpavaakila_cs2@mail.sjctni.edu
24UCS730,23UCS53SP01,"Self-paced Learning:  Web Ethics",2,3,26SCS52,"Ms A H Amalorpava Akila",9994647420,amalorpavaakila_cs2@mail.sjctni.edu
24UCS731,23UCS53SP01,"Self-paced Learning:  Web Ethics",2,3,26SCS52,"Ms A H Amalorpava Akila",9994647420,amalorpavaakila_cs2@mail.sjctni.edu
24UCS732,23UCS53SP01,"Self-paced Learning:  Web Ethics",2,3,26SCS52,"Ms A H Amalorpava Akila",9994647420,amalorpavaakila_cs2@mail.sjctni.edu
24UCS733,23UCS53SP01,"Self-paced Learning:  Web Ethics",2,3,26SCS52,"Ms A H Amalorpava Akila",9994647420,amalorpavaakila_cs2@mail.sjctni.edu
24UCS734,23UCS53SP01,"Self-paced Learning:  Web Ethics",2,3,26SCS52,"Ms A H Amalorpava Akila",9994647420,amalorpavaakila_cs2@mail.sjctni.edu
24UCS735,23UCS53SP01,"Self-paced Learning:  Web Ethics",2,3,26SCS52,"Ms A H Amalorpava Akila",9994647420,amalorpavaakila_cs2@mail.sjctni.edu
24UCS736,23UCS53SP01,"Self-paced Learning:  Web Ethics",2,3,26SCS52,"Ms A H Amalorpava Akila",9994647420,amalorpavaakila_cs2@mail.sjctni.edu
24UCS737,23UCS53SP01,"Self-paced Learning:  Web Ethics",2,3,26SCS52,"Ms A H Amalorpava Akila",9994647420,amalorpavaakila_cs2@mail.sjctni.edu
24UCS738,23UCS53SP01,"Self-paced Learning:  Web Ethics",2,3,26SCS52,"Ms A H Amalorpava Akila",9994647420,amalorpavaakila_cs2@mail.sjctni.edu
24UCS739,23UCS53SP01,"Self-paced Learning:  Web Ethics",2,3,26SCS52,"Ms A H Amalorpava Akila",9994647420,amalorpavaakila_cs2@mail.sjctni.edu
24UCS741,23UCS53SP01,"Self-paced Learning:  Web Ethics",2,3,26SCS52,"Ms A H Amalorpava Akila",9994647420,amalorpavaakila_cs2@mail.sjctni.edu
24UCS742,23UCS53SP01,"Self-paced Learning:  Web Ethics",2,3,26SCS52,"Ms A H Amalorpava Akila",9994647420,amalorpavaakila_cs2@mail.sjctni.edu
24UCS743,23UCS53SP01,"Self-paced Learning:  Web Ethics",2,3,26SCS52,"Ms A H Amalorpava Akila",9994647420,amalorpavaakila_cs2@mail.sjctni.edu
24UCS744,23UCS53SP01,"Self-paced Learning:  Web Ethics",2,3,26SCS52,"Ms A H Amalorpava Akila",9994647420,amalorpavaakila_cs2@mail.sjctni.edu
24UCS745,23UCS53SP01,"Self-paced Learning:  Web Ethics",2,3,26SCS52,"Ms A H Amalorpava Akila",9994647420,amalorpavaakila_cs2@mail.sjctni.edu
24UCS746,23UCS53SP01,"Self-paced Learning:  Web Ethics",2,3,26SCS52,"Ms A H Amalorpava Akila",9994647420,amalorpavaakila_cs2@mail.sjctni.edu
24UCS747,23UCS53SP01,"Self-paced Learning:  Web Ethics",2,3,26SCS52,"Ms A H Amalorpava Akila",9994647420,amalorpavaakila_cs2@mail.sjctni.edu
24UCS748,23UCS53SP01,"Self-paced Learning:  Web Ethics",2,3,26SCS52,"Ms A H Amalorpava Akila",9994647420,amalorpavaakila_cs2@mail.sjctni.edu
24UCS749,23UCS53SP01,"Self-paced Learning:  Web Ethics",2,3,26SCS52,"Ms A H Amalorpava Akila",9994647420,amalorpavaakila_cs2@mail.sjctni.edu
24UCS750,23UCS53SP01,"Self-paced Learning:  Web Ethics",2,3,26SCS52,"Ms A H Amalorpava Akila",9994647420,amalorpavaakila_cs2@mail.sjctni.edu
24UCS751,23UCS53SP01,"Self-paced Learning:  Web Ethics",2,3,26SCS52,"Ms A H Amalorpava Akila",9994647420,amalorpavaakila_cs2@mail.sjctni.edu
24UCS753,23UCS53SP01,"Self-paced Learning:  Web Ethics",2,3,26SCS52,"Ms A H Amalorpava Akila",9994647420,amalorpavaakila_cs2@mail.sjctni.edu
24UCS754,23UCS53SP01,"Self-paced Learning:  Web Ethics",2,3,26SCS52,"Ms A H Amalorpava Akila",9994647420,amalorpavaakila_cs2@mail.sjctni.edu
24UCS755,23UCS53SP01,"Self-paced Learning:  Web Ethics",2,3,26SCS52,"Ms A H Amalorpava Akila",9994647420,amalorpavaakila_cs2@mail.sjctni.edu
24UCS756,23UCS53SP01,"Self-paced Learning:  Web Ethics",2,3,26SCS52,"Ms A H Amalorpava Akila",9994647420,amalorpavaakila_cs2@mail.sjctni.edu
24UCS757,23UCS53SP01,"Self-paced Learning:  Web Ethics",2,3,26SCS52,"Ms A H Amalorpava Akila",9994647420,amalorpavaakila_cs2@mail.sjctni.edu
24UCS758,23UCS53SP01,"Self-paced Learning:  Web Ethics",2,3,26SCS52,"Ms A H Amalorpava Akila",9994647420,amalorpavaakila_cs2@mail.sjctni.edu
24UCS759,23UCS53SP01,"Self-paced Learning:  Web Ethics",2,3,26SCS52,"Ms A H Amalorpava Akila",9994647420,amalorpavaakila_cs2@mail.sjctni.edu
24UCS760,23UCS53SP01,"Self-paced Learning:  Web Ethics",2,3,26SCS52,"Ms A H Amalorpava Akila",9994647420,amalorpavaakila_cs2@mail.sjctni.edu
24UCS761,23UCS53SP01,"Self-paced Learning:  Web Ethics",2,3,26SCS52,"Ms A H Amalorpava Akila",9994647420,amalorpavaakila_cs2@mail.sjctni.edu
24UCS762,23UCS53SP01,"Self-paced Learning:  Web Ethics",2,3,26SCS52,"Ms A H Amalorpava Akila",9994647420,amalorpavaakila_cs2@mail.sjctni.edu
24UCS763,23UCS53SP01,"Self-paced Learning:  Web Ethics",2,3,26SCS52,"Ms A H Amalorpava Akila",9994647420,amalorpavaakila_cs2@mail.sjctni.edu
24UCS764,23UCS53SP01,"Self-paced Learning:  Web Ethics",2,3,26SCS52,"Ms A H Amalorpava Akila",9994647420,amalorpavaakila_cs2@mail.sjctni.edu
24UCS765,23UCS53SP01,"Self-paced Learning:  Web Ethics",2,3,26SCS52,"Ms A H Amalorpava Akila",9994647420,amalorpavaakila_cs2@mail.sjctni.edu
24UCS766,23UCS53SP01,"Self-paced Learning:  Web Ethics",2,3,26SCS52,"Ms A H Amalorpava Akila",9994647420,amalorpavaakila_cs2@mail.sjctni.edu
24UCS767,23UCS53SP01,"Self-paced Learning:  Web Ethics",2,3,26SCS52,"Ms A H Amalorpava Akila",9994647420,amalorpavaakila_cs2@mail.sjctni.edu
24UCS768,23UCS53SP01,"Self-paced Learning:  Web Ethics",2,3,26SCS52,"Ms A H Amalorpava Akila",9994647420,amalorpavaakila_cs2@mail.sjctni.edu
24UCS769,23UCS53SP01,"Self-paced Learning:  Web Ethics",2,3,26SCS52,"Ms A H Amalorpava Akila",9994647420,amalorpavaakila_cs2@mail.sjctni.edu
24UCS770,23UCS53SP01,"Self-paced Learning:  Web Ethics",2,3,26SCS52,"Ms A H Amalorpava Akila",9994647420,amalorpavaakila_cs2@mail.sjctni.edu
24UCS801,23UCS53SP01,"Self-paced Learning:  Web Ethics",2,4,24CCS51,"Dr K Subash",8675205917,subash_cs2@mail.sjctni.edu
24UCS803,23UCS53SP01,"Self-paced Learning:  Web Ethics",2,4,24CCS51,"Dr K Subash",8675205917,subash_cs2@mail.sjctni.edu
24UCS804,23UCS53SP01,"Self-paced Learning:  Web Ethics",2,4,24CCS51,"Dr K Subash",8675205917,subash_cs2@mail.sjctni.edu
24UCS805,23UCS53SP01,"Self-paced Learning:  Web Ethics",2,4,24CCS51,"Dr K Subash",8675205917,subash_cs2@mail.sjctni.edu
24UCS806,23UCS53SP01,"Self-paced Learning:  Web Ethics",2,4,24CCS51,"Dr K Subash",8675205917,subash_cs2@mail.sjctni.edu
24UCS807,23UCS53SP01,"Self-paced Learning:  Web Ethics",2,4,24CCS51,"Dr K Subash",8675205917,subash_cs2@mail.sjctni.edu
24UCS808,23UCS53SP01,"Self-paced Learning:  Web Ethics",2,4,24CCS51,"Dr K Subash",8675205917,subash_cs2@mail.sjctni.edu
24UCS809,23UCS53SP01,"Self-paced Learning:  Web Ethics",2,4,24CCS51,"Dr K Subash",8675205917,subash_cs2@mail.sjctni.edu
24UCS810,23UCS53SP01,"Self-paced Learning:  Web Ethics",2,4,24CCS51,"Dr K Subash",8675205917,subash_cs2@mail.sjctni.edu
24UCS811,23UCS53SP01,"Self-paced Learning:  Web Ethics",2,4,24CCS51,"Dr K Subash",8675205917,subash_cs2@mail.sjctni.edu
24UCS812,23UCS53SP01,"Self-paced Learning:  Web Ethics",2,4,24CCS51,"Dr K Subash",8675205917,subash_cs2@mail.sjctni.edu
24UCS813,23UCS53SP01,"Self-paced Learning:  Web Ethics",2,4,24CCS51,"Dr K Subash",8675205917,subash_cs2@mail.sjctni.edu
24UCS814,23UCS53SP01,"Self-paced Learning:  Web Ethics",2,4,24CCS51,"Dr K Subash",8675205917,subash_cs2@mail.sjctni.edu
24UCS815,23UCS53SP01,"Self-paced Learning:  Web Ethics",2,4,24CCS51,"Dr K Subash",8675205917,subash_cs2@mail.sjctni.edu
24UCS816,23UCS53SP01,"Self-paced Learning:  Web Ethics",2,4,24CCS51,"Dr K Subash",8675205917,subash_cs2@mail.sjctni.edu
24UCS817,23UCS53SP01,"Self-paced Learning:  Web Ethics",2,4,24CCS51,"Dr K Subash",8675205917,subash_cs2@mail.sjctni.edu
24UCS819,23UCS53SP01,"Self-paced Learning:  Web Ethics",2,4,24CCS51,"Dr K Subash",8675205917,subash_cs2@mail.sjctni.edu
24UCS820,23UCS53SP01,"Self-paced Learning:  Web Ethics",2,4,24CCS51,"Dr K Subash",8675205917,subash_cs2@mail.sjctni.edu
24UCS821,23UCS53SP01,"Self-paced Learning:  Web Ethics",2,4,24CCS51,"Dr K Subash",8675205917,subash_cs2@mail.sjctni.edu
24UCS822,23UCS53SP01,"Self-paced Learning:  Web Ethics",2,4,24CCS51,"Dr K Subash",8675205917,subash_cs2@mail.sjctni.edu
24UCS823,23UCS53SP01,"Self-paced Learning:  Web Ethics",2,4,24CCS51,"Dr K Subash",8675205917,subash_cs2@mail.sjctni.edu
24UCS824,23UCS53SP01,"Self-paced Learning:  Web Ethics",2,4,24CCS51,"Dr K Subash",8675205917,subash_cs2@mail.sjctni.edu
24UCS825,23UCS53SP01,"Self-paced Learning:  Web Ethics",2,4,24CCS51,"Dr K Subash",8675205917,subash_cs2@mail.sjctni.edu
24UCS826,23UCS53SP01,"Self-paced Learning:  Web Ethics",2,4,24CCS51,"Dr K Subash",8675205917,subash_cs2@mail.sjctni.edu
24UCS827,23UCS53SP01,"Self-paced Learning:  Web Ethics",2,4,24CCS51,"Dr K Subash",8675205917,subash_cs2@mail.sjctni.edu
24UCS828,23UCS53SP01,"Self-paced Learning:  Web Ethics",2,4,24CCS51,"Dr K Subash",8675205917,subash_cs2@mail.sjctni.edu
24UCS829,23UCS53SP01,"Self-paced Learning:  Web Ethics",2,4,24CCS51,"Dr K Subash",8675205917,subash_cs2@mail.sjctni.edu
24UCS830,23UCS53SP01,"Self-paced Learning:  Web Ethics",2,4,24CCS51,"Dr K Subash",8675205917,subash_cs2@mail.sjctni.edu
24UCS831,23UCS53SP01,"Self-paced Learning:  Web Ethics",2,4,24CCS51,"Dr K Subash",8675205917,subash_cs2@mail.sjctni.edu
24UCS832,23UCS53SP01,"Self-paced Learning:  Web Ethics",2,4,24CCS51,"Dr K Subash",8675205917,subash_cs2@mail.sjctni.edu
24UCS833,23UCS53SP01,"Self-paced Learning:  Web Ethics",2,4,24CCS51,"Dr K Subash",8675205917,subash_cs2@mail.sjctni.edu
24UCS834,23UCS53SP01,"Self-paced Learning:  Web Ethics",2,4,24CCS51,"Dr K Subash",8675205917,subash_cs2@mail.sjctni.edu
24UCS835,23UCS53SP01,"Self-paced Learning:  Web Ethics",2,4,24CCS51,"Dr K Subash",8675205917,subash_cs2@mail.sjctni.edu
24UCS836,23UCS53SP01,"Self-paced Learning:  Web Ethics",2,4,24CCS51,"Dr K Subash",8675205917,subash_cs2@mail.sjctni.edu
24UCS837,23UCS53SP01,"Self-paced Learning:  Web Ethics",2,4,24CCS51,"Dr K Subash",8675205917,subash_cs2@mail.sjctni.edu
24UCS838,23UCS53SP01,"Self-paced Learning:  Web Ethics",2,4,24CCS51,"Dr K Subash",8675205917,subash_cs2@mail.sjctni.edu
24UCS839,23UCS53SP01,"Self-paced Learning:  Web Ethics",2,4,24CCS51,"Dr K Subash",8675205917,subash_cs2@mail.sjctni.edu
24UCS840,23UCS53SP01,"Self-paced Learning:  Web Ethics",2,4,24CCS51,"Dr K Subash",8675205917,subash_cs2@mail.sjctni.edu
24UCS841,23UCS53SP01,"Self-paced Learning:  Web Ethics",2,4,24CCS51,"Dr K Subash",8675205917,subash_cs2@mail.sjctni.edu
24UCS842,23UCS53SP01,"Self-paced Learning:  Web Ethics",2,4,24CCS51,"Dr K Subash",8675205917,subash_cs2@mail.sjctni.edu
24UCS843,23UCS53SP01,"Self-paced Learning:  Web Ethics",2,4,24CCS51,"Dr K Subash",8675205917,subash_cs2@mail.sjctni.edu
24UCS844,23UCS53SP01,"Self-paced Learning:  Web Ethics",2,4,24CCS51,"Dr K Subash",8675205917,subash_cs2@mail.sjctni.edu
24UCS845,23UCS53SP01,"Self-paced Learning:  Web Ethics",2,4,24CCS51,"Dr K Subash",8675205917,subash_cs2@mail.sjctni.edu
24UCS846,23UCS53SP01,"Self-paced Learning:  Web Ethics",2,4,24CCS51,"Dr K Subash",8675205917,subash_cs2@mail.sjctni.edu
24UCS847,23UCS53SP01,"Self-paced Learning:  Web Ethics",2,4,24CCS51,"Dr K Subash",8675205917,subash_cs2@mail.sjctni.edu
24UCS848,23UCS53SP01,"Self-paced Learning:  Web Ethics",2,4,24CCS51,"Dr K Subash",8675205917,subash_cs2@mail.sjctni.edu
24UCS849,23UCS53SP01,"Self-paced Learning:  Web Ethics",2,4,24CCS51,"Dr K Subash",8675205917,subash_cs2@mail.sjctni.edu
24UCS850,23UCS53SP01,"Self-paced Learning:  Web Ethics",2,4,24CCS51,"Dr K Subash",8675205917,subash_cs2@mail.sjctni.edu
24UCS851,23UCS53SP01,"Self-paced Learning:  Web Ethics",2,4,24CCS51,"Dr K Subash",8675205917,subash_cs2@mail.sjctni.edu
24UCS852,23UCS53SP01,"Self-paced Learning:  Web Ethics",2,4,24CCS51,"Dr K Subash",8675205917,subash_cs2@mail.sjctni.edu
24UCS853,23UCS53SP01,"Self-paced Learning:  Web Ethics",2,4,24CCS51,"Dr K Subash",8675205917,subash_cs2@mail.sjctni.edu
24UCS854,23UCS53SP01,"Self-paced Learning:  Web Ethics",2,4,24CCS51,"Dr K Subash",8675205917,subash_cs2@mail.sjctni.edu
24UCS855,23UCS53SP01,"Self-paced Learning:  Web Ethics",2,4,24CCS51,"Dr K Subash",8675205917,subash_cs2@mail.sjctni.edu
24UCS856,23UCS53SP01,"Self-paced Learning:  Web Ethics",2,4,24CCS51,"Dr K Subash",8675205917,subash_cs2@mail.sjctni.edu
24UCS857,23UCS53SP01,"Self-paced Learning:  Web Ethics",2,4,24CCS51,"Dr K Subash",8675205917,subash_cs2@mail.sjctni.edu
24UCS858,23UCS53SP01,"Self-paced Learning:  Web Ethics",2,4,24CCS51,"Dr K Subash",8675205917,subash_cs2@mail.sjctni.edu
24UCS859,23UCS53SP01,"Self-paced Learning:  Web Ethics",2,4,24CCS51,"Dr K Subash",8675205917,subash_cs2@mail.sjctni.edu
24UCS860,23UCS53SP01,"Self-paced Learning:  Web Ethics",2,4,24CCS51,"Dr K Subash",8675205917,subash_cs2@mail.sjctni.edu
24UCS861,23UCS53SP01,"Self-paced Learning:  Web Ethics",2,4,24CCS51,"Dr K Subash",8675205917,subash_cs2@mail.sjctni.edu
24UCS862,23UCS53SP01,"Self-paced Learning:  Web Ethics",2,4,24CCS51,"Dr K Subash",8675205917,subash_cs2@mail.sjctni.edu
24UCS863,23UCS53SP01,"Self-paced Learning:  Web Ethics",2,4,24CCS51,"Dr K Subash",8675205917,subash_cs2@mail.sjctni.edu
24UCS864,23UCS53SP01,"Self-paced Learning:  Web Ethics",2,4,24CCS51,"Dr K Subash",8675205917,subash_cs2@mail.sjctni.edu
24UCS865,23UCS53SP01,"Self-paced Learning:  Web Ethics",2,4,24CCS51,"Dr K Subash",8675205917,subash_cs2@mail.sjctni.edu
24UCS866,23UCS53SP01,"Self-paced Learning:  Web Ethics",2,4,24CCS51,"Dr K Subash",8675205917,subash_cs2@mail.sjctni.edu
24UCS867,23UCS53SP01,"Self-paced Learning:  Web Ethics",2,4,24CCS51,"Dr K Subash",8675205917,subash_cs2@mail.sjctni.edu
24UCS868,23UCS53SP01,"Self-paced Learning:  Web Ethics",2,4,24CCS51,"Dr K Subash",8675205917,subash_cs2@mail.sjctni.edu
24UCS869,23UCS53SP01,"Self-paced Learning:  Web Ethics",2,4,24CCS51,"Dr K Subash",8675205917,subash_cs2@mail.sjctni.edu
24UEC101,23UEC53SP01,"Self-paced Learning: Principles of Political Economy",1,1,01FEC07,"Dr G Iruthayaraj",9788530344,iruthayaraj_ec1@mail.sjctni.edu
24UEC102,23UEC53SP01,"Self-paced Learning: Principles of Political Economy",1,1,01FEC07,"Dr G Iruthayaraj",9788530344,iruthayaraj_ec1@mail.sjctni.edu
24UEC103,23UEC53SP01,"Self-paced Learning: Principles of Political Economy",1,1,01FEC07,"Dr G Iruthayaraj",9788530344,iruthayaraj_ec1@mail.sjctni.edu
24UEC104,23UEC53SP01,"Self-paced Learning: Principles of Political Economy",1,1,01FEC07,"Dr G Iruthayaraj",9788530344,iruthayaraj_ec1@mail.sjctni.edu
24UEC105,23UEC53SP01,"Self-paced Learning: Principles of Political Economy",1,1,01FEC07,"Dr G Iruthayaraj",9788530344,iruthayaraj_ec1@mail.sjctni.edu
24UEC106,23UEC53SP01,"Self-paced Learning: Principles of Political Economy",1,1,01FEC07,"Dr G Iruthayaraj",9788530344,iruthayaraj_ec1@mail.sjctni.edu
24UEC107,23UEC53SP01,"Self-paced Learning: Principles of Political Economy",1,1,01FEC07,"Dr G Iruthayaraj",9788530344,iruthayaraj_ec1@mail.sjctni.edu
24UEC108,23UEC53SP01,"Self-paced Learning: Principles of Political Economy",1,1,01FEC07,"Dr G Iruthayaraj",9788530344,iruthayaraj_ec1@mail.sjctni.edu
24UEC109,23UEC53SP01,"Self-paced Learning: Principles of Political Economy",1,1,01FEC07,"Dr G Iruthayaraj",9788530344,iruthayaraj_ec1@mail.sjctni.edu
24UEC110,23UEC53SP01,"Self-paced Learning: Principles of Political Economy",1,1,01FEC07,"Dr G Iruthayaraj",9788530344,iruthayaraj_ec1@mail.sjctni.edu
24UEC111,23UEC53SP01,"Self-paced Learning: Principles of Political Economy",1,1,01FEC07,"Dr G Iruthayaraj",9788530344,iruthayaraj_ec1@mail.sjctni.edu
24UEC112,23UEC53SP01,"Self-paced Learning: Principles of Political Economy",1,1,01FEC07,"Dr G Iruthayaraj",9788530344,iruthayaraj_ec1@mail.sjctni.edu
24UEC113,23UEC53SP01,"Self-paced Learning: Principles of Political Economy",1,1,01FEC07,"Dr G Iruthayaraj",9788530344,iruthayaraj_ec1@mail.sjctni.edu
24UEC114,23UEC53SP01,"Self-paced Learning: Principles of Political Economy",1,1,01FEC07,"Dr G Iruthayaraj",9788530344,iruthayaraj_ec1@mail.sjctni.edu
24UEC115,23UEC53SP01,"Self-paced Learning: Principles of Political Economy",1,1,01FEC07,"Dr G Iruthayaraj",9788530344,iruthayaraj_ec1@mail.sjctni.edu
24UEC116,23UEC53SP01,"Self-paced Learning: Principles of Political Economy",1,1,01FEC07,"Dr G Iruthayaraj",9788530344,iruthayaraj_ec1@mail.sjctni.edu
24UEC117,23UEC53SP01,"Self-paced Learning: Principles of Political Economy",1,1,01FEC07,"Dr G Iruthayaraj",9788530344,iruthayaraj_ec1@mail.sjctni.edu
24UEC118,23UEC53SP01,"Self-paced Learning: Principles of Political Economy",1,1,01FEC07,"Dr G Iruthayaraj",9788530344,iruthayaraj_ec1@mail.sjctni.edu
24UEC119,23UEC53SP01,"Self-paced Learning: Principles of Political Economy",1,1,01FEC07,"Dr G Iruthayaraj",9788530344,iruthayaraj_ec1@mail.sjctni.edu
24UEC120,23UEC53SP01,"Self-paced Learning: Principles of Political Economy",1,1,01FEC07,"Dr G Iruthayaraj",9788530344,iruthayaraj_ec1@mail.sjctni.edu
24UEC121,23UEC53SP01,"Self-paced Learning: Principles of Political Economy",1,1,01FEC07,"Dr G Iruthayaraj",9788530344,iruthayaraj_ec1@mail.sjctni.edu
24UEC122,23UEC53SP01,"Self-paced Learning: Principles of Political Economy",1,1,01FEC07,"Dr G Iruthayaraj",9788530344,iruthayaraj_ec1@mail.sjctni.edu
24UEC123,23UEC53SP01,"Self-paced Learning: Principles of Political Economy",1,1,01FEC07,"Dr G Iruthayaraj",9788530344,iruthayaraj_ec1@mail.sjctni.edu
24UEC124,23UEC53SP01,"Self-paced Learning: Principles of Political Economy",1,1,01FEC07,"Dr G Iruthayaraj",9788530344,iruthayaraj_ec1@mail.sjctni.edu
24UEC125,23UEC53SP01,"Self-paced Learning: Principles of Political Economy",1,1,01FEC07,"Dr G Iruthayaraj",9788530344,iruthayaraj_ec1@mail.sjctni.edu
24UEC126,23UEC53SP01,"Self-paced Learning: Principles of Political Economy",1,1,01FEC07,"Dr G Iruthayaraj",9788530344,iruthayaraj_ec1@mail.sjctni.edu
24UEC127,23UEC53SP01,"Self-paced Learning: Principles of Political Economy",1,1,01FEC07,"Dr G Iruthayaraj",9788530344,iruthayaraj_ec1@mail.sjctni.edu
24UEC128,23UEC53SP01,"Self-paced Learning: Principles of Political Economy",1,1,01FEC07,"Dr G Iruthayaraj",9788530344,iruthayaraj_ec1@mail.sjctni.edu
24UEC129,23UEC53SP01,"Self-paced Learning: Principles of Political Economy",1,1,01FEC07,"Dr G Iruthayaraj",9788530344,iruthayaraj_ec1@mail.sjctni.edu
24UEC130,23UEC53SP01,"Self-paced Learning: Principles of Political Economy",1,1,01FEC07,"Dr G Iruthayaraj",9788530344,iruthayaraj_ec1@mail.sjctni.edu
24UEC131,23UEC53SP01,"Self-paced Learning: Principles of Political Economy",1,1,01FEC07,"Dr G Iruthayaraj",9788530344,iruthayaraj_ec1@mail.sjctni.edu
24UEC132,23UEC53SP01,"Self-paced Learning: Principles of Political Economy",1,1,01FEC07,"Dr G Iruthayaraj",9788530344,iruthayaraj_ec1@mail.sjctni.edu
24UEC133,23UEC53SP01,"Self-paced Learning: Principles of Political Economy",1,1,01FEC07,"Dr G Iruthayaraj",9788530344,iruthayaraj_ec1@mail.sjctni.edu
24UEC134,23UEC53SP01,"Self-paced Learning: Principles of Political Economy",1,1,01FEC07,"Dr G Iruthayaraj",9788530344,iruthayaraj_ec1@mail.sjctni.edu
24UEC135,23UEC53SP01,"Self-paced Learning: Principles of Political Economy",1,1,01FEC07,"Dr G Iruthayaraj",9788530344,iruthayaraj_ec1@mail.sjctni.edu
24UEC136,23UEC53SP01,"Self-paced Learning: Principles of Political Economy",1,1,01FEC07,"Dr G Iruthayaraj",9788530344,iruthayaraj_ec1@mail.sjctni.edu
24UEC137,23UEC53SP01,"Self-paced Learning: Principles of Political Economy",1,1,01FEC07,"Dr G Iruthayaraj",9788530344,iruthayaraj_ec1@mail.sjctni.edu
24UEC138,23UEC53SP01,"Self-paced Learning: Principles of Political Economy",1,1,01FEC07,"Dr G Iruthayaraj",9788530344,iruthayaraj_ec1@mail.sjctni.edu
24UEC139,23UEC53SP01,"Self-paced Learning: Principles of Political Economy",1,1,01FEC07,"Dr G Iruthayaraj",9788530344,iruthayaraj_ec1@mail.sjctni.edu
24UEC140,23UEC53SP01,"Self-paced Learning: Principles of Political Economy",1,1,01FEC07,"Dr G Iruthayaraj",9788530344,iruthayaraj_ec1@mail.sjctni.edu
24UEC141,23UEC53SP01,"Self-paced Learning: Principles of Political Economy",1,1,01FEC07,"Dr G Iruthayaraj",9788530344,iruthayaraj_ec1@mail.sjctni.edu
24UEC142,23UEC53SP01,"Self-paced Learning: Principles of Political Economy",1,1,01FEC07,"Dr G Iruthayaraj",9788530344,iruthayaraj_ec1@mail.sjctni.edu
24UEC143,23UEC53SP01,"Self-paced Learning: Principles of Political Economy",1,1,01FEC07,"Dr G Iruthayaraj",9788530344,iruthayaraj_ec1@mail.sjctni.edu
24UEC144,23UEC53SP01,"Self-paced Learning: Principles of Political Economy",1,1,01FEC07,"Dr G Iruthayaraj",9788530344,iruthayaraj_ec1@mail.sjctni.edu
24UEC145,23UEC53SP01,"Self-paced Learning: Principles of Political Economy",1,1,01FEC07,"Dr G Iruthayaraj",9788530344,iruthayaraj_ec1@mail.sjctni.edu
24UEC146,23UEC53SP01,"Self-paced Learning: Principles of Political Economy",1,1,01FEC07,"Dr G Iruthayaraj",9788530344,iruthayaraj_ec1@mail.sjctni.edu
24UEC147,23UEC53SP01,"Self-paced Learning: Principles of Political Economy",1,1,01FEC07,"Dr G Iruthayaraj",9788530344,iruthayaraj_ec1@mail.sjctni.edu
24UEC148,23UEC53SP01,"Self-paced Learning: Principles of Political Economy",1,1,01FEC07,"Dr G Iruthayaraj",9788530344,iruthayaraj_ec1@mail.sjctni.edu
24UEC149,23UEC53SP01,"Self-paced Learning: Principles of Political Economy",1,1,01FEC07,"Dr G Iruthayaraj",9788530344,iruthayaraj_ec1@mail.sjctni.edu
24UEC150,23UEC53SP01,"Self-paced Learning: Principles of Political Economy",1,1,01FEC07,"Dr G Iruthayaraj",9788530344,iruthayaraj_ec1@mail.sjctni.edu
24UEC151,23UEC53SP01,"Self-paced Learning: Principles of Political Economy",1,1,01FEC07,"Dr G Iruthayaraj",9788530344,iruthayaraj_ec1@mail.sjctni.edu
24UEC152,23UEC53SP01,"Self-paced Learning: Principles of Political Economy",1,1,01FEC07,"Dr G Iruthayaraj",9788530344,iruthayaraj_ec1@mail.sjctni.edu
24UEC153,23UEC53SP01,"Self-paced Learning: Principles of Political Economy",1,1,01FEC07,"Dr G Iruthayaraj",9788530344,iruthayaraj_ec1@mail.sjctni.edu
24UEC154,23UEC53SP01,"Self-paced Learning: Principles of Political Economy",1,1,01FEC07,"Dr G Iruthayaraj",9788530344,iruthayaraj_ec1@mail.sjctni.edu
24UEC155,23UEC53SP01,"Self-paced Learning: Principles of Political Economy",1,1,01FEC07,"Dr G Iruthayaraj",9788530344,iruthayaraj_ec1@mail.sjctni.edu
24UEC156,23UEC53SP01,"Self-paced Learning: Principles of Political Economy",1,1,01FEC07,"Dr G Iruthayaraj",9788530344,iruthayaraj_ec1@mail.sjctni.edu
24UEC157,23UEC53SP01,"Self-paced Learning: Principles of Political Economy",1,1,01FEC07,"Dr G Iruthayaraj",9788530344,iruthayaraj_ec1@mail.sjctni.edu
24UEC158,23UEC53SP01,"Self-paced Learning: Principles of Political Economy",1,1,01FEC07,"Dr G Iruthayaraj",9788530344,iruthayaraj_ec1@mail.sjctni.edu
24UEC159,23UEC53SP01,"Self-paced Learning: Principles of Political Economy",1,1,01FEC07,"Dr G Iruthayaraj",9788530344,iruthayaraj_ec1@mail.sjctni.edu
24UEC160,23UEC53SP01,"Self-paced Learning: Principles of Political Economy",1,1,01FEC07,"Dr G Iruthayaraj",9788530344,iruthayaraj_ec1@mail.sjctni.edu
24UEC161,23UEC53SP01,"Self-paced Learning: Principles of Political Economy",1,1,01FEC07,"Dr G Iruthayaraj",9788530344,iruthayaraj_ec1@mail.sjctni.edu
24UEC162,23UEC53SP01,"Self-paced Learning: Principles of Political Economy",1,1,01FEC07,"Dr G Iruthayaraj",9788530344,iruthayaraj_ec1@mail.sjctni.edu
24UEC163,23UEC53SP01,"Self-paced Learning: Principles of Political Economy",1,1,01FEC07,"Dr G Iruthayaraj",9788530344,iruthayaraj_ec1@mail.sjctni.edu
24UEC164,23UEC53SP01,"Self-paced Learning: Principles of Political Economy",1,1,01FEC07,"Dr G Iruthayaraj",9788530344,iruthayaraj_ec1@mail.sjctni.edu
24UEC165,23UEC53SP01,"Self-paced Learning: Principles of Political Economy",1,1,01FEC07,"Dr G Iruthayaraj",9788530344,iruthayaraj_ec1@mail.sjctni.edu
24UEC166,23UEC53SP01,"Self-paced Learning: Principles of Political Economy",1,1,01FEC07,"Dr G Iruthayaraj",9788530344,iruthayaraj_ec1@mail.sjctni.edu
24UEC167,23UEC53SP01,"Self-paced Learning: Principles of Political Economy",1,1,01FEC07,"Dr G Iruthayaraj",9788530344,iruthayaraj_ec1@mail.sjctni.edu
24UEC168,23UEC53SP01,"Self-paced Learning: Principles of Political Economy",1,1,01FEC07,"Dr G Iruthayaraj",9788530344,iruthayaraj_ec1@mail.sjctni.edu
24UEC169,23UEC53SP01,"Self-paced Learning: Principles of Political Economy",1,1,01FEC07,"Dr G Iruthayaraj",9788530344,iruthayaraj_ec1@mail.sjctni.edu
24UEC170,23UEC53SP01,"Self-paced Learning: Principles of Political Economy",1,1,01FEC07,"Dr G Iruthayaraj",9788530344,iruthayaraj_ec1@mail.sjctni.edu
24UEC171,23UEC53SP01,"Self-paced Learning: Principles of Political Economy",1,1,01FEC07,"Dr G Iruthayaraj",9788530344,iruthayaraj_ec1@mail.sjctni.edu
24UEC172,23UEC53SP01,"Self-paced Learning: Principles of Political Economy",1,1,01FEC07,"Dr G Iruthayaraj",9788530344,iruthayaraj_ec1@mail.sjctni.edu
24UEC173,23UEC53SP01,"Self-paced Learning: Principles of Political Economy",1,1,01FEC07,"Dr G Iruthayaraj",9788530344,iruthayaraj_ec1@mail.sjctni.edu
24UEC174,23UEC53SP01,"Self-paced Learning: Principles of Political Economy",1,1,01FEC07,"Dr G Iruthayaraj",9788530344,iruthayaraj_ec1@mail.sjctni.edu
24UEL501,23UEL53SP01B,"Self-paced Learning: PCB Design and Fabrication",2,1,24CEL52,"Dr K Priyadharshini",9787740137,priyadharshini_el2@mail.sjctni.edu
24UEL502,23UEL53SP01B,"Self-paced Learning: PCB Design and Fabrication",2,1,24CEL52,"Dr K Priyadharshini",9787740137,priyadharshini_el2@mail.sjctni.edu
24UEL503,23UEL53SP01B,"Self-paced Learning: PCB Design and Fabrication",2,1,24CEL52,"Dr K Priyadharshini",9787740137,priyadharshini_el2@mail.sjctni.edu
24UEL504,23UEL53SP01B,"Self-paced Learning: PCB Design and Fabrication",2,1,24CEL52,"Dr K Priyadharshini",9787740137,priyadharshini_el2@mail.sjctni.edu
24UEL505,23UEL53SP01B,"Self-paced Learning: PCB Design and Fabrication",2,1,24CEL52,"Dr K Priyadharshini",9787740137,priyadharshini_el2@mail.sjctni.edu
24UEL506,23UEL53SP01B,"Self-paced Learning: PCB Design and Fabrication",2,1,24CEL52,"Dr K Priyadharshini",9787740137,priyadharshini_el2@mail.sjctni.edu
24UEL507,23UEL53SP01B,"Self-paced Learning: PCB Design and Fabrication",2,1,24CEL52,"Dr K Priyadharshini",9787740137,priyadharshini_el2@mail.sjctni.edu
24UEL508,23UEL53SP01B,"Self-paced Learning: PCB Design and Fabrication",2,1,24CEL52,"Dr K Priyadharshini",9787740137,priyadharshini_el2@mail.sjctni.edu
24UEL509,23UEL53SP01B,"Self-paced Learning: PCB Design and Fabrication",2,1,24CEL52,"Dr K Priyadharshini",9787740137,priyadharshini_el2@mail.sjctni.edu
24UEL510,23UEL53SP01B,"Self-paced Learning: PCB Design and Fabrication",2,1,24CEL52,"Dr K Priyadharshini",9787740137,priyadharshini_el2@mail.sjctni.edu
24UEL511,23UEL53SP01B,"Self-paced Learning: PCB Design and Fabrication",2,1,24CEL52,"Dr K Priyadharshini",9787740137,priyadharshini_el2@mail.sjctni.edu
24UEL512,23UEL53SP01B,"Self-paced Learning: PCB Design and Fabrication",2,1,24CEL52,"Dr K Priyadharshini",9787740137,priyadharshini_el2@mail.sjctni.edu
24UEL513,23UEL53SP01B,"Self-paced Learning: PCB Design and Fabrication",2,1,24CEL52,"Dr K Priyadharshini",9787740137,priyadharshini_el2@mail.sjctni.edu
24UEL514,23UEL53SP01B,"Self-paced Learning: PCB Design and Fabrication",2,1,24CEL52,"Dr K Priyadharshini",9787740137,priyadharshini_el2@mail.sjctni.edu
24UEL515,23UEL53SP01B,"Self-paced Learning: PCB Design and Fabrication",2,1,24CEL52,"Dr K Priyadharshini",9787740137,priyadharshini_el2@mail.sjctni.edu
24UEL516,23UEL53SP01B,"Self-paced Learning: PCB Design and Fabrication",2,1,24CEL52,"Dr K Priyadharshini",9787740137,priyadharshini_el2@mail.sjctni.edu
24UEL517,23UEL53SP01B,"Self-paced Learning: PCB Design and Fabrication",2,1,24CEL52,"Dr K Priyadharshini",9787740137,priyadharshini_el2@mail.sjctni.edu
24UEL518,23UEL53SP01B,"Self-paced Learning: PCB Design and Fabrication",2,1,24CEL52,"Dr K Priyadharshini",9787740137,priyadharshini_el2@mail.sjctni.edu
24UEL519,23UEL53SP01B,"Self-paced Learning: PCB Design and Fabrication",2,1,24CEL52,"Dr K Priyadharshini",9787740137,priyadharshini_el2@mail.sjctni.edu
24UEL520,23UEL53SP01B,"Self-paced Learning: PCB Design and Fabrication",2,1,24CEL52,"Dr K Priyadharshini",9787740137,priyadharshini_el2@mail.sjctni.edu
24UEL521,23UEL53SP01B,"Self-paced Learning: PCB Design and Fabrication",2,1,24CEL52,"Dr K Priyadharshini",9787740137,priyadharshini_el2@mail.sjctni.edu
24UEL522,23UEL53SP01B,"Self-paced Learning: PCB Design and Fabrication",2,1,24CEL52,"Dr K Priyadharshini",9787740137,priyadharshini_el2@mail.sjctni.edu
24UEL523,23UEL53SP01B,"Self-paced Learning: PCB Design and Fabrication",2,1,24CEL52,"Dr K Priyadharshini",9787740137,priyadharshini_el2@mail.sjctni.edu
24UEL524,23UEL53SP01B,"Self-paced Learning: PCB Design and Fabrication",2,1,24CEL52,"Dr K Priyadharshini",9787740137,priyadharshini_el2@mail.sjctni.edu
24UEL525,23UEL53SP01B,"Self-paced Learning: PCB Design and Fabrication",2,1,24CEL52,"Dr K Priyadharshini",9787740137,priyadharshini_el2@mail.sjctni.edu
24UEL526,23UEL53SP01B,"Self-paced Learning: PCB Design and Fabrication",2,1,24CEL52,"Dr K Priyadharshini",9787740137,priyadharshini_el2@mail.sjctni.edu
24UEL527,23UEL53SP01B,"Self-paced Learning: PCB Design and Fabrication",2,1,24CEL52,"Dr K Priyadharshini",9787740137,priyadharshini_el2@mail.sjctni.edu
24UEL528,23UEL53SP01B,"Self-paced Learning: PCB Design and Fabrication",2,1,24CEL52,"Dr K Priyadharshini",9787740137,priyadharshini_el2@mail.sjctni.edu
24UEL529,23UEL53SP01B,"Self-paced Learning: PCB Design and Fabrication",2,1,24CEL52,"Dr K Priyadharshini",9787740137,priyadharshini_el2@mail.sjctni.edu
24UEL530,23UEL53SP01B,"Self-paced Learning: PCB Design and Fabrication",2,1,24CEL52,"Dr K Priyadharshini",9787740137,priyadharshini_el2@mail.sjctni.edu
24UEN101,23UEN53SP01,"Self-paced Learning: Short Stories and One Act Plays",1,1,23FEN02,"Mr S Ignatius Richard",9629133847,ignatiusrichards_en1@mail.sjctni.edu
24UEN102,23UEN53SP01,"Self-paced Learning: Short Stories and One Act Plays",1,1,23FEN02,"Mr S Ignatius Richard",9629133847,ignatiusrichards_en1@mail.sjctni.edu
24UEN103,23UEN53SP01,"Self-paced Learning: Short Stories and One Act Plays",1,1,23FEN02,"Mr S Ignatius Richard",9629133847,ignatiusrichards_en1@mail.sjctni.edu
24UEN104,23UEN53SP01,"Self-paced Learning: Short Stories and One Act Plays",1,1,23FEN02,"Mr S Ignatius Richard",9629133847,ignatiusrichards_en1@mail.sjctni.edu
24UEN105,23UEN53SP01,"Self-paced Learning: Short Stories and One Act Plays",1,1,23FEN02,"Mr S Ignatius Richard",9629133847,ignatiusrichards_en1@mail.sjctni.edu
24UEN106,23UEN53SP01,"Self-paced Learning: Short Stories and One Act Plays",1,1,23FEN02,"Mr S Ignatius Richard",9629133847,ignatiusrichards_en1@mail.sjctni.edu
24UEN107,23UEN53SP01,"Self-paced Learning: Short Stories and One Act Plays",1,1,23FEN02,"Mr S Ignatius Richard",9629133847,ignatiusrichards_en1@mail.sjctni.edu
24UEN108,23UEN53SP01,"Self-paced Learning: Short Stories and One Act Plays",1,1,23FEN02,"Mr S Ignatius Richard",9629133847,ignatiusrichards_en1@mail.sjctni.edu
24UEN109,23UEN53SP01,"Self-paced Learning: Short Stories and One Act Plays",1,1,23FEN02,"Mr S Ignatius Richard",9629133847,ignatiusrichards_en1@mail.sjctni.edu
24UEN110,23UEN53SP01,"Self-paced Learning: Short Stories and One Act Plays",1,1,23FEN02,"Mr S Ignatius Richard",9629133847,ignatiusrichards_en1@mail.sjctni.edu
24UEN111,23UEN53SP01,"Self-paced Learning: Short Stories and One Act Plays",1,1,23FEN02,"Mr S Ignatius Richard",9629133847,ignatiusrichards_en1@mail.sjctni.edu
24UEN112,23UEN53SP01,"Self-paced Learning: Short Stories and One Act Plays",1,1,23FEN02,"Mr S Ignatius Richard",9629133847,ignatiusrichards_en1@mail.sjctni.edu
24UEN113,23UEN53SP01,"Self-paced Learning: Short Stories and One Act Plays",1,1,23FEN02,"Mr S Ignatius Richard",9629133847,ignatiusrichards_en1@mail.sjctni.edu
24UEN114,23UEN53SP01,"Self-paced Learning: Short Stories and One Act Plays",1,1,23FEN02,"Mr S Ignatius Richard",9629133847,ignatiusrichards_en1@mail.sjctni.edu
24UEN115,23UEN53SP01,"Self-paced Learning: Short Stories and One Act Plays",1,1,23FEN02,"Mr S Ignatius Richard",9629133847,ignatiusrichards_en1@mail.sjctni.edu
24UEN116,23UEN53SP01,"Self-paced Learning: Short Stories and One Act Plays",1,1,23FEN02,"Mr S Ignatius Richard",9629133847,ignatiusrichards_en1@mail.sjctni.edu
24UEN117,23UEN53SP01,"Self-paced Learning: Short Stories and One Act Plays",1,1,23FEN02,"Mr S Ignatius Richard",9629133847,ignatiusrichards_en1@mail.sjctni.edu
24UEN118,23UEN53SP01,"Self-paced Learning: Short Stories and One Act Plays",1,1,23FEN02,"Mr S Ignatius Richard",9629133847,ignatiusrichards_en1@mail.sjctni.edu
24UEN119,23UEN53SP01,"Self-paced Learning: Short Stories and One Act Plays",1,1,23FEN02,"Mr S Ignatius Richard",9629133847,ignatiusrichards_en1@mail.sjctni.edu
24UEN120,23UEN53SP01,"Self-paced Learning: Short Stories and One Act Plays",1,1,23FEN02,"Mr S Ignatius Richard",9629133847,ignatiusrichards_en1@mail.sjctni.edu
24UEN121,23UEN53SP01,"Self-paced Learning: Short Stories and One Act Plays",1,1,23FEN02,"Mr S Ignatius Richard",9629133847,ignatiusrichards_en1@mail.sjctni.edu
24UEN122,23UEN53SP01,"Self-paced Learning: Short Stories and One Act Plays",1,1,23FEN02,"Mr S Ignatius Richard",9629133847,ignatiusrichards_en1@mail.sjctni.edu
24UEN123,23UEN53SP01,"Self-paced Learning: Short Stories and One Act Plays",1,1,23FEN02,"Mr S Ignatius Richard",9629133847,ignatiusrichards_en1@mail.sjctni.edu
24UEN124,23UEN53SP01,"Self-paced Learning: Short Stories and One Act Plays",1,1,23FEN02,"Mr S Ignatius Richard",9629133847,ignatiusrichards_en1@mail.sjctni.edu
24UEN125,23UEN53SP01,"Self-paced Learning: Short Stories and One Act Plays",1,1,23FEN02,"Mr S Ignatius Richard",9629133847,ignatiusrichards_en1@mail.sjctni.edu
24UEN126,23UEN53SP01,"Self-paced Learning: Short Stories and One Act Plays",1,1,23FEN02,"Mr S Ignatius Richard",9629133847,ignatiusrichards_en1@mail.sjctni.edu
24UEN127,23UEN53SP01,"Self-paced Learning: Short Stories and One Act Plays",1,1,23FEN02,"Mr S Ignatius Richard",9629133847,ignatiusrichards_en1@mail.sjctni.edu
24UEN128,23UEN53SP01,"Self-paced Learning: Short Stories and One Act Plays",1,1,23FEN02,"Mr S Ignatius Richard",9629133847,ignatiusrichards_en1@mail.sjctni.edu
24UEN129,23UEN53SP01,"Self-paced Learning: Short Stories and One Act Plays",1,1,23FEN02,"Mr S Ignatius Richard",9629133847,ignatiusrichards_en1@mail.sjctni.edu
24UEN130,23UEN53SP01,"Self-paced Learning: Short Stories and One Act Plays",1,1,23FEN02,"Mr S Ignatius Richard",9629133847,ignatiusrichards_en1@mail.sjctni.edu
24UEN131,23UEN53SP01,"Self-paced Learning: Short Stories and One Act Plays",1,1,23FEN02,"Mr S Ignatius Richard",9629133847,ignatiusrichards_en1@mail.sjctni.edu
24UEN132,23UEN53SP01,"Self-paced Learning: Short Stories and One Act Plays",1,1,23FEN02,"Mr S Ignatius Richard",9629133847,ignatiusrichards_en1@mail.sjctni.edu
24UEN133,23UEN53SP01,"Self-paced Learning: Short Stories and One Act Plays",1,1,23FEN02,"Mr S Ignatius Richard",9629133847,ignatiusrichards_en1@mail.sjctni.edu
24UEN134,23UEN53SP01,"Self-paced Learning: Short Stories and One Act Plays",1,1,23FEN02,"Mr S Ignatius Richard",9629133847,ignatiusrichards_en1@mail.sjctni.edu
24UEN135,23UEN53SP01,"Self-paced Learning: Short Stories and One Act Plays",1,1,23FEN02,"Mr S Ignatius Richard",9629133847,ignatiusrichards_en1@mail.sjctni.edu
24UEN136,23UEN53SP01,"Self-paced Learning: Short Stories and One Act Plays",1,1,23FEN02,"Mr S Ignatius Richard",9629133847,ignatiusrichards_en1@mail.sjctni.edu
24UEN137,23UEN53SP01,"Self-paced Learning: Short Stories and One Act Plays",1,1,23FEN02,"Mr S Ignatius Richard",9629133847,ignatiusrichards_en1@mail.sjctni.edu
24UEN138,23UEN53SP01,"Self-paced Learning: Short Stories and One Act Plays",1,1,23FEN02,"Mr S Ignatius Richard",9629133847,ignatiusrichards_en1@mail.sjctni.edu
24UEN139,23UEN53SP01,"Self-paced Learning: Short Stories and One Act Plays",1,1,23FEN02,"Mr S Ignatius Richard",9629133847,ignatiusrichards_en1@mail.sjctni.edu
24UEN140,23UEN53SP01,"Self-paced Learning: Short Stories and One Act Plays",1,1,23FEN02,"Mr S Ignatius Richard",9629133847,ignatiusrichards_en1@mail.sjctni.edu
24UEN141,23UEN53SP01,"Self-paced Learning: Short Stories and One Act Plays",1,1,23FEN02,"Mr S Ignatius Richard",9629133847,ignatiusrichards_en1@mail.sjctni.edu
24UEN142,23UEN53SP01,"Self-paced Learning: Short Stories and One Act Plays",1,1,23FEN02,"Mr S Ignatius Richard",9629133847,ignatiusrichards_en1@mail.sjctni.edu
24UEN143,23UEN53SP01,"Self-paced Learning: Short Stories and One Act Plays",1,1,23FEN02,"Mr S Ignatius Richard",9629133847,ignatiusrichards_en1@mail.sjctni.edu
24UEN144,23UEN53SP01,"Self-paced Learning: Short Stories and One Act Plays",1,1,23FEN02,"Mr S Ignatius Richard",9629133847,ignatiusrichards_en1@mail.sjctni.edu
24UEN145,23UEN53SP01,"Self-paced Learning: Short Stories and One Act Plays",1,1,23FEN02,"Mr S Ignatius Richard",9629133847,ignatiusrichards_en1@mail.sjctni.edu
24UEN146,23UEN53SP01,"Self-paced Learning: Short Stories and One Act Plays",1,1,23FEN02,"Mr S Ignatius Richard",9629133847,ignatiusrichards_en1@mail.sjctni.edu
24UEN147,23UEN53SP01,"Self-paced Learning: Short Stories and One Act Plays",1,1,23FEN02,"Mr S Ignatius Richard",9629133847,ignatiusrichards_en1@mail.sjctni.edu
24UEN148,23UEN53SP01,"Self-paced Learning: Short Stories and One Act Plays",1,1,23FEN02,"Mr S Ignatius Richard",9629133847,ignatiusrichards_en1@mail.sjctni.edu
24UEN149,23UEN53SP01,"Self-paced Learning: Short Stories and One Act Plays",1,1,23FEN02,"Mr S Ignatius Richard",9629133847,ignatiusrichards_en1@mail.sjctni.edu
24UEN150,23UEN53SP01,"Self-paced Learning: Short Stories and One Act Plays",1,1,23FEN02,"Mr S Ignatius Richard",9629133847,ignatiusrichards_en1@mail.sjctni.edu
24UEN151,23UEN53SP01,"Self-paced Learning: Short Stories and One Act Plays",1,1,23FEN02,"Mr S Ignatius Richard",9629133847,ignatiusrichards_en1@mail.sjctni.edu
24UEN153,23UEN53SP01,"Self-paced Learning: Short Stories and One Act Plays",1,1,23FEN02,"Mr S Ignatius Richard",9629133847,ignatiusrichards_en1@mail.sjctni.edu
24UEN154,23UEN53SP01,"Self-paced Learning: Short Stories and One Act Plays",1,1,23FEN02,"Mr S Ignatius Richard",9629133847,ignatiusrichards_en1@mail.sjctni.edu
24UEN155,23UEN53SP01,"Self-paced Learning: Short Stories and One Act Plays",1,1,23FEN02,"Mr S Ignatius Richard",9629133847,ignatiusrichards_en1@mail.sjctni.edu
24UEN156,23UEN53SP01,"Self-paced Learning: Short Stories and One Act Plays",1,1,23FEN02,"Mr S Ignatius Richard",9629133847,ignatiusrichards_en1@mail.sjctni.edu
24UEN157,23UEN53SP01,"Self-paced Learning: Short Stories and One Act Plays",1,1,23FEN02,"Mr S Ignatius Richard",9629133847,ignatiusrichards_en1@mail.sjctni.edu
24UEN158,23UEN53SP01,"Self-paced Learning: Short Stories and One Act Plays",1,1,23FEN02,"Mr S Ignatius Richard",9629133847,ignatiusrichards_en1@mail.sjctni.edu
24UEN159,23UEN53SP01,"Self-paced Learning: Short Stories and One Act Plays",1,1,23FEN02,"Mr S Ignatius Richard",9629133847,ignatiusrichards_en1@mail.sjctni.edu
24UEN160,23UEN53SP01,"Self-paced Learning: Short Stories and One Act Plays",1,1,23FEN02,"Mr S Ignatius Richard",9629133847,ignatiusrichards_en1@mail.sjctni.edu
24UEN161,23UEN53SP01,"Self-paced Learning: Short Stories and One Act Plays",1,1,23FEN02,"Mr S Ignatius Richard",9629133847,ignatiusrichards_en1@mail.sjctni.edu
24UEN162,23UEN53SP01,"Self-paced Learning: Short Stories and One Act Plays",1,1,23FEN02,"Mr S Ignatius Richard",9629133847,ignatiusrichards_en1@mail.sjctni.edu
24UEN163,23UEN53SP01,"Self-paced Learning: Short Stories and One Act Plays",1,1,23FEN02,"Mr S Ignatius Richard",9629133847,ignatiusrichards_en1@mail.sjctni.edu
24UEN164,23UEN53SP01,"Self-paced Learning: Short Stories and One Act Plays",1,1,23FEN02,"Mr S Ignatius Richard",9629133847,ignatiusrichards_en1@mail.sjctni.edu
24UEN165,23UEN53SP01,"Self-paced Learning: Short Stories and One Act Plays",1,1,23FEN02,"Mr S Ignatius Richard",9629133847,ignatiusrichards_en1@mail.sjctni.edu
24UEN166,23UEN53SP01,"Self-paced Learning: Short Stories and One Act Plays",1,1,23FEN02,"Mr S Ignatius Richard",9629133847,ignatiusrichards_en1@mail.sjctni.edu
24UEN167,23UEN53SP01,"Self-paced Learning: Short Stories and One Act Plays",1,1,23FEN02,"Mr S Ignatius Richard",9629133847,ignatiusrichards_en1@mail.sjctni.edu
24UEN168,23UEN53SP01,"Self-paced Learning: Short Stories and One Act Plays",1,1,23FEN02,"Mr S Ignatius Richard",9629133847,ignatiusrichards_en1@mail.sjctni.edu
24UEN169,23UEN53SP01,"Self-paced Learning: Short Stories and One Act Plays",1,1,23FEN02,"Mr S Ignatius Richard",9629133847,ignatiusrichards_en1@mail.sjctni.edu
24UEN170,23UEN53SP01,"Self-paced Learning: Short Stories and One Act Plays",1,1,23FEN02,"Mr S Ignatius Richard",9629133847,ignatiusrichards_en1@mail.sjctni.edu
24UEN171,23UEN53SP01,"Self-paced Learning: Short Stories and One Act Plays",1,1,23FEN02,"Mr S Ignatius Richard",9629133847,ignatiusrichards_en1@mail.sjctni.edu
24UEN172,23UEN53SP01,"Self-paced Learning: Short Stories and One Act Plays",1,1,23FEN02,"Mr S Ignatius Richard",9629133847,ignatiusrichards_en1@mail.sjctni.edu
24UEN173,23UEN53SP01,"Self-paced Learning: Short Stories and One Act Plays",1,1,23FEN02,"Mr S Ignatius Richard",9629133847,ignatiusrichards_en1@mail.sjctni.edu
24UEN174,23UEN53SP01,"Self-paced Learning: Short Stories and One Act Plays",1,1,23FEN02,"Mr S Ignatius Richard",9629133847,ignatiusrichards_en1@mail.sjctni.edu
24UEN175,23UEN53SP01,"Self-paced Learning: Short Stories and One Act Plays",1,1,23FEN02,"Mr S Ignatius Richard",9629133847,ignatiusrichards_en1@mail.sjctni.edu
24UEN501,23UEN53SP01,"Self-paced Learning: Short Stories and One Act Plays",2,1,26SEN51,"Ms A Annie Lumina",7904857183,annielumina_en2@mail.sjctni.edu
24UEN502,23UEN53SP01,"Self-paced Learning: Short Stories and One Act Plays",2,1,26SEN51,"Ms A Annie Lumina",7904857183,annielumina_en2@mail.sjctni.edu
24UEN503,23UEN53SP01,"Self-paced Learning: Short Stories and One Act Plays",2,1,26SEN51,"Ms A Annie Lumina",7904857183,annielumina_en2@mail.sjctni.edu
24UEN504,23UEN53SP01,"Self-paced Learning: Short Stories and One Act Plays",2,1,26SEN51,"Ms A Annie Lumina",7904857183,annielumina_en2@mail.sjctni.edu
24UEN505,23UEN53SP01,"Self-paced Learning: Short Stories and One Act Plays",2,1,26SEN51,"Ms A Annie Lumina",7904857183,annielumina_en2@mail.sjctni.edu
24UEN506,23UEN53SP01,"Self-paced Learning: Short Stories and One Act Plays",2,1,26SEN51,"Ms A Annie Lumina",7904857183,annielumina_en2@mail.sjctni.edu
24UEN507,23UEN53SP01,"Self-paced Learning: Short Stories and One Act Plays",2,1,26SEN51,"Ms A Annie Lumina",7904857183,annielumina_en2@mail.sjctni.edu
24UEN508,23UEN53SP01,"Self-paced Learning: Short Stories and One Act Plays",2,1,26SEN51,"Ms A Annie Lumina",7904857183,annielumina_en2@mail.sjctni.edu
24UEN509,23UEN53SP01,"Self-paced Learning: Short Stories and One Act Plays",2,1,26SEN51,"Ms A Annie Lumina",7904857183,annielumina_en2@mail.sjctni.edu
24UEN510,23UEN53SP01,"Self-paced Learning: Short Stories and One Act Plays",2,1,26SEN51,"Ms A Annie Lumina",7904857183,annielumina_en2@mail.sjctni.edu
24UEN511,23UEN53SP01,"Self-paced Learning: Short Stories and One Act Plays",2,1,26SEN51,"Ms A Annie Lumina",7904857183,annielumina_en2@mail.sjctni.edu
24UEN512,23UEN53SP01,"Self-paced Learning: Short Stories and One Act Plays",2,1,26SEN51,"Ms A Annie Lumina",7904857183,annielumina_en2@mail.sjctni.edu
24UEN513,23UEN53SP01,"Self-paced Learning: Short Stories and One Act Plays",2,1,26SEN51,"Ms A Annie Lumina",7904857183,annielumina_en2@mail.sjctni.edu
24UEN514,23UEN53SP01,"Self-paced Learning: Short Stories and One Act Plays",2,1,26SEN51,"Ms A Annie Lumina",7904857183,annielumina_en2@mail.sjctni.edu
24UEN515,23UEN53SP01,"Self-paced Learning: Short Stories and One Act Plays",2,1,26SEN51,"Ms A Annie Lumina",7904857183,annielumina_en2@mail.sjctni.edu
24UEN517,23UEN53SP01,"Self-paced Learning: Short Stories and One Act Plays",2,1,26SEN51,"Ms A Annie Lumina",7904857183,annielumina_en2@mail.sjctni.edu
24UEN518,23UEN53SP01,"Self-paced Learning: Short Stories and One Act Plays",2,1,26SEN51,"Ms A Annie Lumina",7904857183,annielumina_en2@mail.sjctni.edu
24UEN519,23UEN53SP01,"Self-paced Learning: Short Stories and One Act Plays",2,1,26SEN51,"Ms A Annie Lumina",7904857183,annielumina_en2@mail.sjctni.edu
24UEN520,23UEN53SP01,"Self-paced Learning: Short Stories and One Act Plays",2,1,26SEN51,"Ms A Annie Lumina",7904857183,annielumina_en2@mail.sjctni.edu
24UEN521,23UEN53SP01,"Self-paced Learning: Short Stories and One Act Plays",2,1,26SEN51,"Ms A Annie Lumina",7904857183,annielumina_en2@mail.sjctni.edu
24UEN522,23UEN53SP01,"Self-paced Learning: Short Stories and One Act Plays",2,1,26SEN51,"Ms A Annie Lumina",7904857183,annielumina_en2@mail.sjctni.edu
24UEN523,23UEN53SP01,"Self-paced Learning: Short Stories and One Act Plays",2,1,26SEN51,"Ms A Annie Lumina",7904857183,annielumina_en2@mail.sjctni.edu
24UEN524,23UEN53SP01,"Self-paced Learning: Short Stories and One Act Plays",2,1,26SEN51,"Ms A Annie Lumina",7904857183,annielumina_en2@mail.sjctni.edu
24UEN525,23UEN53SP01,"Self-paced Learning: Short Stories and One Act Plays",2,1,26SEN51,"Ms A Annie Lumina",7904857183,annielumina_en2@mail.sjctni.edu
24UEN526,23UEN53SP01,"Self-paced Learning: Short Stories and One Act Plays",2,1,26SEN51,"Ms A Annie Lumina",7904857183,annielumina_en2@mail.sjctni.edu
24UEN527,23UEN53SP01,"Self-paced Learning: Short Stories and One Act Plays",2,1,26SEN51,"Ms A Annie Lumina",7904857183,annielumina_en2@mail.sjctni.edu
24UEN528,23UEN53SP01,"Self-paced Learning: Short Stories and One Act Plays",2,1,26SEN51,"Ms A Annie Lumina",7904857183,annielumina_en2@mail.sjctni.edu
24UEN529,23UEN53SP01,"Self-paced Learning: Short Stories and One Act Plays",2,1,26SEN51,"Ms A Annie Lumina",7904857183,annielumina_en2@mail.sjctni.edu
24UEN530,23UEN53SP01,"Self-paced Learning: Short Stories and One Act Plays",2,1,26SEN51,"Ms A Annie Lumina",7904857183,annielumina_en2@mail.sjctni.edu
24UEN531,23UEN53SP01,"Self-paced Learning: Short Stories and One Act Plays",2,1,26SEN51,"Ms A Annie Lumina",7904857183,annielumina_en2@mail.sjctni.edu
24UEN532,23UEN53SP01,"Self-paced Learning: Short Stories and One Act Plays",2,1,26SEN51,"Ms A Annie Lumina",7904857183,annielumina_en2@mail.sjctni.edu
24UEN533,23UEN53SP01,"Self-paced Learning: Short Stories and One Act Plays",2,1,26SEN51,"Ms A Annie Lumina",7904857183,annielumina_en2@mail.sjctni.edu
24UEN534,23UEN53SP01,"Self-paced Learning: Short Stories and One Act Plays",2,1,26SEN51,"Ms A Annie Lumina",7904857183,annielumina_en2@mail.sjctni.edu
24UEN535,23UEN53SP01,"Self-paced Learning: Short Stories and One Act Plays",2,1,26SEN51,"Ms A Annie Lumina",7904857183,annielumina_en2@mail.sjctni.edu
24UEN536,23UEN53SP01,"Self-paced Learning: Short Stories and One Act Plays",2,1,26SEN51,"Ms A Annie Lumina",7904857183,annielumina_en2@mail.sjctni.edu
24UEN537,23UEN53SP01,"Self-paced Learning: Short Stories and One Act Plays",2,1,26SEN51,"Ms A Annie Lumina",7904857183,annielumina_en2@mail.sjctni.edu
24UEN538,23UEN53SP01,"Self-paced Learning: Short Stories and One Act Plays",2,1,26SEN51,"Ms A Annie Lumina",7904857183,annielumina_en2@mail.sjctni.edu
24UEN539,23UEN53SP01,"Self-paced Learning: Short Stories and One Act Plays",2,1,26SEN51,"Ms A Annie Lumina",7904857183,annielumina_en2@mail.sjctni.edu
24UEN541,23UEN53SP01,"Self-paced Learning: Short Stories and One Act Plays",2,1,26SEN51,"Ms A Annie Lumina",7904857183,annielumina_en2@mail.sjctni.edu
24UEN542,23UEN53SP01,"Self-paced Learning: Short Stories and One Act Plays",2,1,26SEN51,"Ms A Annie Lumina",7904857183,annielumina_en2@mail.sjctni.edu
24UEN543,23UEN53SP01,"Self-paced Learning: Short Stories and One Act Plays",2,1,26SEN51,"Ms A Annie Lumina",7904857183,annielumina_en2@mail.sjctni.edu
24UEN544,23UEN53SP01,"Self-paced Learning: Short Stories and One Act Plays",2,1,26SEN51,"Ms A Annie Lumina",7904857183,annielumina_en2@mail.sjctni.edu
24UEN545,23UEN53SP01,"Self-paced Learning: Short Stories and One Act Plays",2,1,26SEN51,"Ms A Annie Lumina",7904857183,annielumina_en2@mail.sjctni.edu
24UEN546,23UEN53SP01,"Self-paced Learning: Short Stories and One Act Plays",2,1,26SEN51,"Ms A Annie Lumina",7904857183,annielumina_en2@mail.sjctni.edu
24UEN547,23UEN53SP01,"Self-paced Learning: Short Stories and One Act Plays",2,1,26SEN51,"Ms A Annie Lumina",7904857183,annielumina_en2@mail.sjctni.edu
24UEN548,23UEN53SP01,"Self-paced Learning: Short Stories and One Act Plays",2,1,26SEN51,"Ms A Annie Lumina",7904857183,annielumina_en2@mail.sjctni.edu
24UEN549,23UEN53SP01,"Self-paced Learning: Short Stories and One Act Plays",2,1,26SEN51,"Ms A Annie Lumina",7904857183,annielumina_en2@mail.sjctni.edu
24UEN550,23UEN53SP01,"Self-paced Learning: Short Stories and One Act Plays",2,1,26SEN51,"Ms A Annie Lumina",7904857183,annielumina_en2@mail.sjctni.edu
24UEN551,23UEN53SP01,"Self-paced Learning: Short Stories and One Act Plays",2,1,26SEN51,"Ms A Annie Lumina",7904857183,annielumina_en2@mail.sjctni.edu
24UEN552,23UEN53SP01,"Self-paced Learning: Short Stories and One Act Plays",2,1,26SEN51,"Ms A Annie Lumina",7904857183,annielumina_en2@mail.sjctni.edu
24UEN553,23UEN53SP01,"Self-paced Learning: Short Stories and One Act Plays",2,1,26SEN51,"Ms A Annie Lumina",7904857183,annielumina_en2@mail.sjctni.edu
24UEN554,23UEN53SP01,"Self-paced Learning: Short Stories and One Act Plays",2,1,26SEN51,"Ms A Annie Lumina",7904857183,annielumina_en2@mail.sjctni.edu
24UEN555,23UEN53SP01,"Self-paced Learning: Short Stories and One Act Plays",2,1,26SEN51,"Ms A Annie Lumina",7904857183,annielumina_en2@mail.sjctni.edu
24UEN556,23UEN53SP01,"Self-paced Learning: Short Stories and One Act Plays",2,1,26SEN51,"Ms A Annie Lumina",7904857183,annielumina_en2@mail.sjctni.edu
24UEN557,23UEN53SP01,"Self-paced Learning: Short Stories and One Act Plays",2,1,26SEN51,"Ms A Annie Lumina",7904857183,annielumina_en2@mail.sjctni.edu
24UEN558,23UEN53SP01,"Self-paced Learning: Short Stories and One Act Plays",2,1,26SEN51,"Ms A Annie Lumina",7904857183,annielumina_en2@mail.sjctni.edu
24UEN559,23UEN53SP01,"Self-paced Learning: Short Stories and One Act Plays",2,1,26SEN51,"Ms A Annie Lumina",7904857183,annielumina_en2@mail.sjctni.edu
24UEN560,23UEN53SP01,"Self-paced Learning: Short Stories and One Act Plays",2,1,26SEN51,"Ms A Annie Lumina",7904857183,annielumina_en2@mail.sjctni.edu
24UEN561,23UEN53SP01,"Self-paced Learning: Short Stories and One Act Plays",2,1,26SEN51,"Ms A Annie Lumina",7904857183,annielumina_en2@mail.sjctni.edu
24UEN562,23UEN53SP01,"Self-paced Learning: Short Stories and One Act Plays",2,1,26SEN51,"Ms A Annie Lumina",7904857183,annielumina_en2@mail.sjctni.edu
24UEN563,23UEN53SP01,"Self-paced Learning: Short Stories and One Act Plays",2,1,26SEN51,"Ms A Annie Lumina",7904857183,annielumina_en2@mail.sjctni.edu
24UEN564,23UEN53SP01,"Self-paced Learning: Short Stories and One Act Plays",2,1,26SEN51,"Ms A Annie Lumina",7904857183,annielumina_en2@mail.sjctni.edu
24UEN565,23UEN53SP01,"Self-paced Learning: Short Stories and One Act Plays",2,1,26SEN51,"Ms A Annie Lumina",7904857183,annielumina_en2@mail.sjctni.edu
24UEN566,23UEN53SP01,"Self-paced Learning: Short Stories and One Act Plays",2,1,26SEN51,"Ms A Annie Lumina",7904857183,annielumina_en2@mail.sjctni.edu
24UEN567,23UEN53SP01,"Self-paced Learning: Short Stories and One Act Plays",2,1,26SEN51,"Ms A Annie Lumina",7904857183,annielumina_en2@mail.sjctni.edu
24UEN568,23UEN53SP01,"Self-paced Learning: Short Stories and One Act Plays",2,1,26SEN51,"Ms A Annie Lumina",7904857183,annielumina_en2@mail.sjctni.edu
24UEN569,23UEN53SP01,"Self-paced Learning: Short Stories and One Act Plays",2,1,26SEN51,"Ms A Annie Lumina",7904857183,annielumina_en2@mail.sjctni.edu
24UEN570,23UEN53SP01,"Self-paced Learning: Short Stories and One Act Plays",2,1,26SEN51,"Ms A Annie Lumina",7904857183,annielumina_en2@mail.sjctni.edu
24UHS101,23UHS53SP01,"Self-paced Learning: Dravidian Movements in Tamil Nadu",1,1,21FHS01,"Dr M Britto Stalin",NULL,brittostalin_hs1@mail.sjctni.edu
24UHS102,23UHS53SP01,"Self-paced Learning: Dravidian Movements in Tamil Nadu",1,1,21FHS01,"Dr M Britto Stalin",NULL,brittostalin_hs1@mail.sjctni.edu
24UHS103,23UHS53SP01,"Self-paced Learning: Dravidian Movements in Tamil Nadu",1,1,21FHS01,"Dr M Britto Stalin",NULL,brittostalin_hs1@mail.sjctni.edu
24UHS104,23UHS53SP01,"Self-paced Learning: Dravidian Movements in Tamil Nadu",1,1,21FHS01,"Dr M Britto Stalin",NULL,brittostalin_hs1@mail.sjctni.edu
24UHS105,23UHS53SP01,"Self-paced Learning: Dravidian Movements in Tamil Nadu",1,1,21FHS01,"Dr M Britto Stalin",NULL,brittostalin_hs1@mail.sjctni.edu
24UHS106,23UHS53SP01,"Self-paced Learning: Dravidian Movements in Tamil Nadu",1,1,21FHS01,"Dr M Britto Stalin",NULL,brittostalin_hs1@mail.sjctni.edu
24UHS107,23UHS53SP01,"Self-paced Learning: Dravidian Movements in Tamil Nadu",1,1,21FHS01,"Dr M Britto Stalin",NULL,brittostalin_hs1@mail.sjctni.edu
24UHS108,23UHS53SP01,"Self-paced Learning: Dravidian Movements in Tamil Nadu",1,1,21FHS01,"Dr M Britto Stalin",NULL,brittostalin_hs1@mail.sjctni.edu
24UHS109,23UHS53SP01,"Self-paced Learning: Dravidian Movements in Tamil Nadu",1,1,21FHS01,"Dr M Britto Stalin",NULL,brittostalin_hs1@mail.sjctni.edu
24UHS110,23UHS53SP01,"Self-paced Learning: Dravidian Movements in Tamil Nadu",1,1,21FHS01,"Dr M Britto Stalin",NULL,brittostalin_hs1@mail.sjctni.edu
24UHS111,23UHS53SP01,"Self-paced Learning: Dravidian Movements in Tamil Nadu",1,1,21FHS01,"Dr M Britto Stalin",NULL,brittostalin_hs1@mail.sjctni.edu
24UHS112,23UHS53SP01,"Self-paced Learning: Dravidian Movements in Tamil Nadu",1,1,21FHS01,"Dr M Britto Stalin",NULL,brittostalin_hs1@mail.sjctni.edu
24UHS113,23UHS53SP01,"Self-paced Learning: Dravidian Movements in Tamil Nadu",1,1,21FHS01,"Dr M Britto Stalin",NULL,brittostalin_hs1@mail.sjctni.edu
24UHS114,23UHS53SP01,"Self-paced Learning: Dravidian Movements in Tamil Nadu",1,1,21FHS01,"Dr M Britto Stalin",NULL,brittostalin_hs1@mail.sjctni.edu
24UHS115,23UHS53SP01,"Self-paced Learning: Dravidian Movements in Tamil Nadu",1,1,21FHS01,"Dr M Britto Stalin",NULL,brittostalin_hs1@mail.sjctni.edu
24UHS116,23UHS53SP01,"Self-paced Learning: Dravidian Movements in Tamil Nadu",1,1,21FHS01,"Dr M Britto Stalin",NULL,brittostalin_hs1@mail.sjctni.edu
24UHS117,23UHS53SP01,"Self-paced Learning: Dravidian Movements in Tamil Nadu",1,1,21FHS01,"Dr M Britto Stalin",NULL,brittostalin_hs1@mail.sjctni.edu
24UHS118,23UHS53SP01,"Self-paced Learning: Dravidian Movements in Tamil Nadu",1,1,21FHS01,"Dr M Britto Stalin",NULL,brittostalin_hs1@mail.sjctni.edu
24UHS119,23UHS53SP01,"Self-paced Learning: Dravidian Movements in Tamil Nadu",1,1,21FHS01,"Dr M Britto Stalin",NULL,brittostalin_hs1@mail.sjctni.edu
24UHS120,23UHS53SP01,"Self-paced Learning: Dravidian Movements in Tamil Nadu",1,1,21FHS01,"Dr M Britto Stalin",NULL,brittostalin_hs1@mail.sjctni.edu
24UHS121,23UHS53SP01,"Self-paced Learning: Dravidian Movements in Tamil Nadu",1,1,21FHS01,"Dr M Britto Stalin",NULL,brittostalin_hs1@mail.sjctni.edu
24UHS122,23UHS53SP01,"Self-paced Learning: Dravidian Movements in Tamil Nadu",1,1,21FHS01,"Dr M Britto Stalin",NULL,brittostalin_hs1@mail.sjctni.edu
24UHS123,23UHS53SP01,"Self-paced Learning: Dravidian Movements in Tamil Nadu",1,1,21FHS01,"Dr M Britto Stalin",NULL,brittostalin_hs1@mail.sjctni.edu
24UHS124,23UHS53SP01,"Self-paced Learning: Dravidian Movements in Tamil Nadu",1,1,21FHS01,"Dr M Britto Stalin",NULL,brittostalin_hs1@mail.sjctni.edu
24UHS125,23UHS53SP01,"Self-paced Learning: Dravidian Movements in Tamil Nadu",1,1,21FHS01,"Dr M Britto Stalin",NULL,brittostalin_hs1@mail.sjctni.edu
24UHS126,23UHS53SP01,"Self-paced Learning: Dravidian Movements in Tamil Nadu",1,1,21FHS01,"Dr M Britto Stalin",NULL,brittostalin_hs1@mail.sjctni.edu
24UHS127,23UHS53SP01,"Self-paced Learning: Dravidian Movements in Tamil Nadu",1,1,21FHS01,"Dr M Britto Stalin",NULL,brittostalin_hs1@mail.sjctni.edu
24UHS128,23UHS53SP01,"Self-paced Learning: Dravidian Movements in Tamil Nadu",1,1,21FHS01,"Dr M Britto Stalin",NULL,brittostalin_hs1@mail.sjctni.edu
24UHS129,23UHS53SP01,"Self-paced Learning: Dravidian Movements in Tamil Nadu",1,1,21FHS01,"Dr M Britto Stalin",NULL,brittostalin_hs1@mail.sjctni.edu
24UHS130,23UHS53SP01,"Self-paced Learning: Dravidian Movements in Tamil Nadu",1,1,21FHS01,"Dr M Britto Stalin",NULL,brittostalin_hs1@mail.sjctni.edu
24UHS131,23UHS53SP01,"Self-paced Learning: Dravidian Movements in Tamil Nadu",1,1,21FHS01,"Dr M Britto Stalin",NULL,brittostalin_hs1@mail.sjctni.edu
24UHS132,23UHS53SP01,"Self-paced Learning: Dravidian Movements in Tamil Nadu",1,1,21FHS01,"Dr M Britto Stalin",NULL,brittostalin_hs1@mail.sjctni.edu
24UHS133,23UHS53SP01,"Self-paced Learning: Dravidian Movements in Tamil Nadu",1,1,21FHS01,"Dr M Britto Stalin",NULL,brittostalin_hs1@mail.sjctni.edu
24UHS134,23UHS53SP01,"Self-paced Learning: Dravidian Movements in Tamil Nadu",1,1,21FHS01,"Dr M Britto Stalin",NULL,brittostalin_hs1@mail.sjctni.edu
24UHS135,23UHS53SP01,"Self-paced Learning: Dravidian Movements in Tamil Nadu",1,1,21FHS01,"Dr M Britto Stalin",NULL,brittostalin_hs1@mail.sjctni.edu
24UHS136,23UHS53SP01,"Self-paced Learning: Dravidian Movements in Tamil Nadu",1,1,21FHS01,"Dr M Britto Stalin",NULL,brittostalin_hs1@mail.sjctni.edu
24UHS137,23UHS53SP01,"Self-paced Learning: Dravidian Movements in Tamil Nadu",1,1,21FHS01,"Dr M Britto Stalin",NULL,brittostalin_hs1@mail.sjctni.edu
24UHS138,23UHS53SP01,"Self-paced Learning: Dravidian Movements in Tamil Nadu",1,1,21FHS01,"Dr M Britto Stalin",NULL,brittostalin_hs1@mail.sjctni.edu
24UHS139,23UHS53SP01,"Self-paced Learning: Dravidian Movements in Tamil Nadu",1,1,21FHS01,"Dr M Britto Stalin",NULL,brittostalin_hs1@mail.sjctni.edu
24UHS140,23UHS53SP01,"Self-paced Learning: Dravidian Movements in Tamil Nadu",1,1,21FHS01,"Dr M Britto Stalin",NULL,brittostalin_hs1@mail.sjctni.edu
24UHS141,23UHS53SP01,"Self-paced Learning: Dravidian Movements in Tamil Nadu",1,1,21FHS01,"Dr M Britto Stalin",NULL,brittostalin_hs1@mail.sjctni.edu
24UHS142,23UHS53SP01,"Self-paced Learning: Dravidian Movements in Tamil Nadu",1,1,21FHS01,"Dr M Britto Stalin",NULL,brittostalin_hs1@mail.sjctni.edu
24UHS143,23UHS53SP01,"Self-paced Learning: Dravidian Movements in Tamil Nadu",1,1,21FHS01,"Dr M Britto Stalin",NULL,brittostalin_hs1@mail.sjctni.edu
24UHS144,23UHS53SP01,"Self-paced Learning: Dravidian Movements in Tamil Nadu",1,1,21FHS01,"Dr M Britto Stalin",NULL,brittostalin_hs1@mail.sjctni.edu
24UHS145,23UHS53SP01,"Self-paced Learning: Dravidian Movements in Tamil Nadu",1,1,21FHS01,"Dr M Britto Stalin",NULL,brittostalin_hs1@mail.sjctni.edu
24UHS146,23UHS53SP01,"Self-paced Learning: Dravidian Movements in Tamil Nadu",1,1,21FHS01,"Dr M Britto Stalin",NULL,brittostalin_hs1@mail.sjctni.edu
24UHS147,23UHS53SP01,"Self-paced Learning: Dravidian Movements in Tamil Nadu",1,1,21FHS01,"Dr M Britto Stalin",NULL,brittostalin_hs1@mail.sjctni.edu
24UHS148,23UHS53SP01,"Self-paced Learning: Dravidian Movements in Tamil Nadu",1,1,21FHS01,"Dr M Britto Stalin",NULL,brittostalin_hs1@mail.sjctni.edu
24UHS149,23UHS53SP01,"Self-paced Learning: Dravidian Movements in Tamil Nadu",1,1,21FHS01,"Dr M Britto Stalin",NULL,brittostalin_hs1@mail.sjctni.edu
24UHS150,23UHS53SP01,"Self-paced Learning: Dravidian Movements in Tamil Nadu",1,1,21FHS01,"Dr M Britto Stalin",NULL,brittostalin_hs1@mail.sjctni.edu
24UHS151,23UHS53SP01,"Self-paced Learning: Dravidian Movements in Tamil Nadu",1,1,21FHS01,"Dr M Britto Stalin",NULL,brittostalin_hs1@mail.sjctni.edu
24UHS152,23UHS53SP01,"Self-paced Learning: Dravidian Movements in Tamil Nadu",1,1,21FHS01,"Dr M Britto Stalin",NULL,brittostalin_hs1@mail.sjctni.edu
24UHS153,23UHS53SP01,"Self-paced Learning: Dravidian Movements in Tamil Nadu",1,1,21FHS01,"Dr M Britto Stalin",NULL,brittostalin_hs1@mail.sjctni.edu
24UHS154,23UHS53SP01,"Self-paced Learning: Dravidian Movements in Tamil Nadu",1,1,21FHS01,"Dr M Britto Stalin",NULL,brittostalin_hs1@mail.sjctni.edu
24UHS155,23UHS53SP01,"Self-paced Learning: Dravidian Movements in Tamil Nadu",1,1,21FHS01,"Dr M Britto Stalin",NULL,brittostalin_hs1@mail.sjctni.edu
24UHS156,23UHS53SP01,"Self-paced Learning: Dravidian Movements in Tamil Nadu",1,1,21FHS01,"Dr M Britto Stalin",NULL,brittostalin_hs1@mail.sjctni.edu
24UHS157,23UHS53SP01,"Self-paced Learning: Dravidian Movements in Tamil Nadu",1,1,21FHS01,"Dr M Britto Stalin",NULL,brittostalin_hs1@mail.sjctni.edu
24UHS158,23UHS53SP01,"Self-paced Learning: Dravidian Movements in Tamil Nadu",1,1,21FHS01,"Dr M Britto Stalin",NULL,brittostalin_hs1@mail.sjctni.edu
24UHS159,23UHS53SP01,"Self-paced Learning: Dravidian Movements in Tamil Nadu",1,1,21FHS01,"Dr M Britto Stalin",NULL,brittostalin_hs1@mail.sjctni.edu
24UHS160,23UHS53SP01,"Self-paced Learning: Dravidian Movements in Tamil Nadu",1,1,21FHS01,"Dr M Britto Stalin",NULL,brittostalin_hs1@mail.sjctni.edu
24UHS161,23UHS53SP01,"Self-paced Learning: Dravidian Movements in Tamil Nadu",1,1,21FHS01,"Dr M Britto Stalin",NULL,brittostalin_hs1@mail.sjctni.edu
24UHS163,23UHS53SP01,"Self-paced Learning: Dravidian Movements in Tamil Nadu",1,1,21FHS01,"Dr M Britto Stalin",NULL,brittostalin_hs1@mail.sjctni.edu
24UHS164,23UHS53SP01,"Self-paced Learning: Dravidian Movements in Tamil Nadu",1,1,21FHS01,"Dr M Britto Stalin",NULL,brittostalin_hs1@mail.sjctni.edu
24UHS165,23UHS53SP01,"Self-paced Learning: Dravidian Movements in Tamil Nadu",1,1,21FHS01,"Dr M Britto Stalin",NULL,brittostalin_hs1@mail.sjctni.edu
24UHS166,23UHS53SP01,"Self-paced Learning: Dravidian Movements in Tamil Nadu",1,1,21FHS01,"Dr M Britto Stalin",NULL,brittostalin_hs1@mail.sjctni.edu
24UHS167,23UHS53SP01,"Self-paced Learning: Dravidian Movements in Tamil Nadu",1,1,21FHS01,"Dr M Britto Stalin",NULL,brittostalin_hs1@mail.sjctni.edu
24UHS168,23UHS53SP01,"Self-paced Learning: Dravidian Movements in Tamil Nadu",1,1,21FHS01,"Dr M Britto Stalin",NULL,brittostalin_hs1@mail.sjctni.edu
24UHS169,23UHS53SP01,"Self-paced Learning: Dravidian Movements in Tamil Nadu",1,1,21FHS01,"Dr M Britto Stalin",NULL,brittostalin_hs1@mail.sjctni.edu
24UHS170,23UHS53SP01,"Self-paced Learning: Dravidian Movements in Tamil Nadu",1,1,21FHS01,"Dr M Britto Stalin",NULL,brittostalin_hs1@mail.sjctni.edu
24UHS171,23UHS53SP01,"Self-paced Learning: Dravidian Movements in Tamil Nadu",1,1,21FHS01,"Dr M Britto Stalin",NULL,brittostalin_hs1@mail.sjctni.edu
24UHS172,23UHS53SP01,"Self-paced Learning: Dravidian Movements in Tamil Nadu",1,1,21FHS01,"Dr M Britto Stalin",NULL,brittostalin_hs1@mail.sjctni.edu
24UHS173,23UHS53SP01,"Self-paced Learning: Dravidian Movements in Tamil Nadu",1,1,21FHS01,"Dr M Britto Stalin",NULL,brittostalin_hs1@mail.sjctni.edu
24UHS174,23UHS53SP01,"Self-paced Learning: Dravidian Movements in Tamil Nadu",1,1,21FHS01,"Dr M Britto Stalin",NULL,brittostalin_hs1@mail.sjctni.edu
24UMA101,23UMA53SP01,"Self-paced Learning: History of Mathematics",1,1,18FMA02,"Dr R Lenin",9442742715,lenin_ma1@mail.sjctni.edu
24UMA102,23UMA53SP01,"Self-paced Learning: History of Mathematics",1,1,18FMA02,"Dr R Lenin",9442742715,lenin_ma1@mail.sjctni.edu
24UMA103,23UMA53SP01,"Self-paced Learning: History of Mathematics",1,1,18FMA02,"Dr R Lenin",9442742715,lenin_ma1@mail.sjctni.edu
24UMA104,23UMA53SP01,"Self-paced Learning: History of Mathematics",1,1,18FMA02,"Dr R Lenin",9442742715,lenin_ma1@mail.sjctni.edu
24UMA105,23UMA53SP01,"Self-paced Learning: History of Mathematics",1,1,18FMA02,"Dr R Lenin",9442742715,lenin_ma1@mail.sjctni.edu
24UMA106,23UMA53SP01,"Self-paced Learning: History of Mathematics",1,1,18FMA02,"Dr R Lenin",9442742715,lenin_ma1@mail.sjctni.edu
24UMA107,23UMA53SP01,"Self-paced Learning: History of Mathematics",1,1,18FMA02,"Dr R Lenin",9442742715,lenin_ma1@mail.sjctni.edu
24UMA108,23UMA53SP01,"Self-paced Learning: History of Mathematics",1,1,18FMA02,"Dr R Lenin",9442742715,lenin_ma1@mail.sjctni.edu
24UMA109,23UMA53SP01,"Self-paced Learning: History of Mathematics",1,1,18FMA02,"Dr R Lenin",9442742715,lenin_ma1@mail.sjctni.edu
24UMA110,23UMA53SP01,"Self-paced Learning: History of Mathematics",1,1,18FMA02,"Dr R Lenin",9442742715,lenin_ma1@mail.sjctni.edu
24UMA111,23UMA53SP01,"Self-paced Learning: History of Mathematics",1,1,18FMA02,"Dr R Lenin",9442742715,lenin_ma1@mail.sjctni.edu
24UMA112,23UMA53SP01,"Self-paced Learning: History of Mathematics",1,1,18FMA02,"Dr R Lenin",9442742715,lenin_ma1@mail.sjctni.edu
24UMA113,23UMA53SP01,"Self-paced Learning: History of Mathematics",1,1,18FMA02,"Dr R Lenin",9442742715,lenin_ma1@mail.sjctni.edu
24UMA114,23UMA53SP01,"Self-paced Learning: History of Mathematics",1,1,18FMA02,"Dr R Lenin",9442742715,lenin_ma1@mail.sjctni.edu
24UMA115,23UMA53SP01,"Self-paced Learning: History of Mathematics",1,1,18FMA02,"Dr R Lenin",9442742715,lenin_ma1@mail.sjctni.edu
24UMA116,23UMA53SP01,"Self-paced Learning: History of Mathematics",1,1,18FMA02,"Dr R Lenin",9442742715,lenin_ma1@mail.sjctni.edu
24UMA117,23UMA53SP01,"Self-paced Learning: History of Mathematics",1,1,18FMA02,"Dr R Lenin",9442742715,lenin_ma1@mail.sjctni.edu
24UMA118,23UMA53SP01,"Self-paced Learning: History of Mathematics",1,1,18FMA02,"Dr R Lenin",9442742715,lenin_ma1@mail.sjctni.edu
24UMA119,23UMA53SP01,"Self-paced Learning: History of Mathematics",1,1,18FMA02,"Dr R Lenin",9442742715,lenin_ma1@mail.sjctni.edu
24UMA120,23UMA53SP01,"Self-paced Learning: History of Mathematics",1,1,18FMA02,"Dr R Lenin",9442742715,lenin_ma1@mail.sjctni.edu
24UMA121,23UMA53SP01,"Self-paced Learning: History of Mathematics",1,1,18FMA02,"Dr R Lenin",9442742715,lenin_ma1@mail.sjctni.edu
24UMA122,23UMA53SP01,"Self-paced Learning: History of Mathematics",1,1,18FMA02,"Dr R Lenin",9442742715,lenin_ma1@mail.sjctni.edu
24UMA123,23UMA53SP01,"Self-paced Learning: History of Mathematics",1,1,18FMA02,"Dr R Lenin",9442742715,lenin_ma1@mail.sjctni.edu
24UMA124,23UMA53SP01,"Self-paced Learning: History of Mathematics",1,1,18FMA02,"Dr R Lenin",9442742715,lenin_ma1@mail.sjctni.edu
24UMA125,23UMA53SP01,"Self-paced Learning: History of Mathematics",1,1,18FMA02,"Dr R Lenin",9442742715,lenin_ma1@mail.sjctni.edu
24UMA126,23UMA53SP01,"Self-paced Learning: History of Mathematics",1,1,18FMA02,"Dr R Lenin",9442742715,lenin_ma1@mail.sjctni.edu
24UMA127,23UMA53SP01,"Self-paced Learning: History of Mathematics",1,1,18FMA02,"Dr R Lenin",9442742715,lenin_ma1@mail.sjctni.edu
24UMA128,23UMA53SP01,"Self-paced Learning: History of Mathematics",1,1,18FMA02,"Dr R Lenin",9442742715,lenin_ma1@mail.sjctni.edu
24UMA129,23UMA53SP01,"Self-paced Learning: History of Mathematics",1,1,18FMA02,"Dr R Lenin",9442742715,lenin_ma1@mail.sjctni.edu
24UMA130,23UMA53SP01,"Self-paced Learning: History of Mathematics",1,1,18FMA02,"Dr R Lenin",9442742715,lenin_ma1@mail.sjctni.edu
24UMA131,23UMA53SP01,"Self-paced Learning: History of Mathematics",1,1,18FMA02,"Dr R Lenin",9442742715,lenin_ma1@mail.sjctni.edu
24UMA132,23UMA53SP01,"Self-paced Learning: History of Mathematics",1,1,18FMA02,"Dr R Lenin",9442742715,lenin_ma1@mail.sjctni.edu
24UMA133,23UMA53SP01,"Self-paced Learning: History of Mathematics",1,1,18FMA02,"Dr R Lenin",9442742715,lenin_ma1@mail.sjctni.edu
24UMA134,23UMA53SP01,"Self-paced Learning: History of Mathematics",1,1,18FMA02,"Dr R Lenin",9442742715,lenin_ma1@mail.sjctni.edu
24UMA135,23UMA53SP01,"Self-paced Learning: History of Mathematics",1,1,18FMA02,"Dr R Lenin",9442742715,lenin_ma1@mail.sjctni.edu
24UMA136,23UMA53SP01,"Self-paced Learning: History of Mathematics",1,1,18FMA02,"Dr R Lenin",9442742715,lenin_ma1@mail.sjctni.edu
24UMA137,23UMA53SP01,"Self-paced Learning: History of Mathematics",1,1,18FMA02,"Dr R Lenin",9442742715,lenin_ma1@mail.sjctni.edu
24UMA138,23UMA53SP01,"Self-paced Learning: History of Mathematics",1,1,18FMA02,"Dr R Lenin",9442742715,lenin_ma1@mail.sjctni.edu
24UMA139,23UMA53SP01,"Self-paced Learning: History of Mathematics",1,1,18FMA02,"Dr R Lenin",9442742715,lenin_ma1@mail.sjctni.edu
24UMA140,23UMA53SP01,"Self-paced Learning: History of Mathematics",1,1,18FMA02,"Dr R Lenin",9442742715,lenin_ma1@mail.sjctni.edu
24UMA141,23UMA53SP01,"Self-paced Learning: History of Mathematics",1,1,18FMA02,"Dr R Lenin",9442742715,lenin_ma1@mail.sjctni.edu
24UMA142,23UMA53SP01,"Self-paced Learning: History of Mathematics",1,1,18FMA02,"Dr R Lenin",9442742715,lenin_ma1@mail.sjctni.edu
24UMA143,23UMA53SP01,"Self-paced Learning: History of Mathematics",1,1,18FMA02,"Dr R Lenin",9442742715,lenin_ma1@mail.sjctni.edu
24UMA144,23UMA53SP01,"Self-paced Learning: History of Mathematics",1,1,18FMA02,"Dr R Lenin",9442742715,lenin_ma1@mail.sjctni.edu
24UMA201,23UMA53SP01,"Self-paced Learning: History of Mathematics",1,2,18FMA02,"Dr R Lenin",9442742715,lenin_ma1@mail.sjctni.edu
24UMA202,23UMA53SP01,"Self-paced Learning: History of Mathematics",1,2,18FMA02,"Dr R Lenin",9442742715,lenin_ma1@mail.sjctni.edu
24UMA203,23UMA53SP01,"Self-paced Learning: History of Mathematics",1,2,18FMA02,"Dr R Lenin",9442742715,lenin_ma1@mail.sjctni.edu
24UMA204,23UMA53SP01,"Self-paced Learning: History of Mathematics",1,2,18FMA02,"Dr R Lenin",9442742715,lenin_ma1@mail.sjctni.edu
24UMA205,23UMA53SP01,"Self-paced Learning: History of Mathematics",1,2,18FMA02,"Dr R Lenin",9442742715,lenin_ma1@mail.sjctni.edu
24UMA206,23UMA53SP01,"Self-paced Learning: History of Mathematics",1,2,18FMA02,"Dr R Lenin",9442742715,lenin_ma1@mail.sjctni.edu
24UMA207,23UMA53SP01,"Self-paced Learning: History of Mathematics",1,2,18FMA02,"Dr R Lenin",9442742715,lenin_ma1@mail.sjctni.edu
24UMA208,23UMA53SP01,"Self-paced Learning: History of Mathematics",1,2,18FMA02,"Dr R Lenin",9442742715,lenin_ma1@mail.sjctni.edu
24UMA209,23UMA53SP01,"Self-paced Learning: History of Mathematics",1,2,18FMA02,"Dr R Lenin",9442742715,lenin_ma1@mail.sjctni.edu
24UMA210,23UMA53SP01,"Self-paced Learning: History of Mathematics",1,2,18FMA02,"Dr R Lenin",9442742715,lenin_ma1@mail.sjctni.edu
24UMA211,23UMA53SP01,"Self-paced Learning: History of Mathematics",1,2,18FMA02,"Dr R Lenin",9442742715,lenin_ma1@mail.sjctni.edu
24UMA212,23UMA53SP01,"Self-paced Learning: History of Mathematics",1,2,18FMA02,"Dr R Lenin",9442742715,lenin_ma1@mail.sjctni.edu
24UMA213,23UMA53SP01,"Self-paced Learning: History of Mathematics",1,2,18FMA02,"Dr R Lenin",9442742715,lenin_ma1@mail.sjctni.edu
24UMA214,23UMA53SP01,"Self-paced Learning: History of Mathematics",1,2,18FMA02,"Dr R Lenin",9442742715,lenin_ma1@mail.sjctni.edu
24UMA215,23UMA53SP01,"Self-paced Learning: History of Mathematics",1,2,18FMA02,"Dr R Lenin",9442742715,lenin_ma1@mail.sjctni.edu
24UMA216,23UMA53SP01,"Self-paced Learning: History of Mathematics",1,2,18FMA02,"Dr R Lenin",9442742715,lenin_ma1@mail.sjctni.edu
24UMA217,23UMA53SP01,"Self-paced Learning: History of Mathematics",1,2,18FMA02,"Dr R Lenin",9442742715,lenin_ma1@mail.sjctni.edu
24UMA218,23UMA53SP01,"Self-paced Learning: History of Mathematics",1,2,18FMA02,"Dr R Lenin",9442742715,lenin_ma1@mail.sjctni.edu
24UMA219,23UMA53SP01,"Self-paced Learning: History of Mathematics",1,2,18FMA02,"Dr R Lenin",9442742715,lenin_ma1@mail.sjctni.edu
24UMA220,23UMA53SP01,"Self-paced Learning: History of Mathematics",1,2,18FMA02,"Dr R Lenin",9442742715,lenin_ma1@mail.sjctni.edu
24UMA222,23UMA53SP01,"Self-paced Learning: History of Mathematics",1,2,18FMA02,"Dr R Lenin",9442742715,lenin_ma1@mail.sjctni.edu
24UMA223,23UMA53SP01,"Self-paced Learning: History of Mathematics",1,2,18FMA02,"Dr R Lenin",9442742715,lenin_ma1@mail.sjctni.edu
24UMA224,23UMA53SP01,"Self-paced Learning: History of Mathematics",1,2,18FMA02,"Dr R Lenin",9442742715,lenin_ma1@mail.sjctni.edu
24UMA225,23UMA53SP01,"Self-paced Learning: History of Mathematics",1,2,18FMA02,"Dr R Lenin",9442742715,lenin_ma1@mail.sjctni.edu
24UMA226,23UMA53SP01,"Self-paced Learning: History of Mathematics",1,2,18FMA02,"Dr R Lenin",9442742715,lenin_ma1@mail.sjctni.edu
24UMA227,23UMA53SP01,"Self-paced Learning: History of Mathematics",1,2,18FMA02,"Dr R Lenin",9442742715,lenin_ma1@mail.sjctni.edu
24UMA228,23UMA53SP01,"Self-paced Learning: History of Mathematics",1,2,18FMA02,"Dr R Lenin",9442742715,lenin_ma1@mail.sjctni.edu
24UMA229,23UMA53SP01,"Self-paced Learning: History of Mathematics",1,2,18FMA02,"Dr R Lenin",9442742715,lenin_ma1@mail.sjctni.edu
24UMA230,23UMA53SP01,"Self-paced Learning: History of Mathematics",1,2,18FMA02,"Dr R Lenin",9442742715,lenin_ma1@mail.sjctni.edu
24UMA231,23UMA53SP01,"Self-paced Learning: History of Mathematics",1,2,18FMA02,"Dr R Lenin",9442742715,lenin_ma1@mail.sjctni.edu
24UMA232,23UMA53SP01,"Self-paced Learning: History of Mathematics",1,2,18FMA02,"Dr R Lenin",9442742715,lenin_ma1@mail.sjctni.edu
24UMA233,23UMA53SP01,"Self-paced Learning: History of Mathematics",1,2,18FMA02,"Dr R Lenin",9442742715,lenin_ma1@mail.sjctni.edu
24UMA234,23UMA53SP01,"Self-paced Learning: History of Mathematics",1,2,18FMA02,"Dr R Lenin",9442742715,lenin_ma1@mail.sjctni.edu
24UMA235,23UMA53SP01,"Self-paced Learning: History of Mathematics",1,2,18FMA02,"Dr R Lenin",9442742715,lenin_ma1@mail.sjctni.edu
24UMA236,23UMA53SP01,"Self-paced Learning: History of Mathematics",1,2,18FMA02,"Dr R Lenin",9442742715,lenin_ma1@mail.sjctni.edu
24UMA237,23UMA53SP01,"Self-paced Learning: History of Mathematics",1,2,18FMA02,"Dr R Lenin",9442742715,lenin_ma1@mail.sjctni.edu
24UMA238,23UMA53SP01,"Self-paced Learning: History of Mathematics",1,2,18FMA02,"Dr R Lenin",9442742715,lenin_ma1@mail.sjctni.edu
24UMA239,23UMA53SP01,"Self-paced Learning: History of Mathematics",1,2,18FMA02,"Dr R Lenin",9442742715,lenin_ma1@mail.sjctni.edu
24UMA240,23UMA53SP01,"Self-paced Learning: History of Mathematics",1,2,18FMA02,"Dr R Lenin",9442742715,lenin_ma1@mail.sjctni.edu
24UMA241,23UMA53SP01,"Self-paced Learning: History of Mathematics",1,2,18FMA02,"Dr R Lenin",9442742715,lenin_ma1@mail.sjctni.edu
24UMA242,23UMA53SP01,"Self-paced Learning: History of Mathematics",1,2,18FMA02,"Dr R Lenin",9442742715,lenin_ma1@mail.sjctni.edu
24UMA243,23UMA53SP01,"Self-paced Learning: History of Mathematics",1,2,18FMA02,"Dr R Lenin",9442742715,lenin_ma1@mail.sjctni.edu
24UMA244,23UMA53SP01,"Self-paced Learning: History of Mathematics",1,2,18FMA02,"Dr R Lenin",9442742715,lenin_ma1@mail.sjctni.edu
24UMA245,23UMA53SP01,"Self-paced Learning: History of Mathematics",1,2,18FMA02,"Dr R Lenin",9442742715,lenin_ma1@mail.sjctni.edu
24UPH101,23UPH53SP01,"Self-paced Learning: Astronomy",1,1,12FPH02,"Dr A J Clement Lourduraj",9894113340,clementlourduraj_ph1@mail.sjctni.edu
24UPH102,23UPH53SP01,"Self-paced Learning: Astronomy",1,1,12FPH02,"Dr A J Clement Lourduraj",9894113340,clementlourduraj_ph1@mail.sjctni.edu
24UPH103,23UPH53SP01,"Self-paced Learning: Astronomy",1,1,12FPH02,"Dr A J Clement Lourduraj",9894113340,clementlourduraj_ph1@mail.sjctni.edu
24UPH104,23UPH53SP01,"Self-paced Learning: Astronomy",1,1,12FPH02,"Dr A J Clement Lourduraj",9894113340,clementlourduraj_ph1@mail.sjctni.edu
24UPH105,23UPH53SP01,"Self-paced Learning: Astronomy",1,1,12FPH02,"Dr A J Clement Lourduraj",9894113340,clementlourduraj_ph1@mail.sjctni.edu
24UPH106,23UPH53SP01,"Self-paced Learning: Astronomy",1,1,12FPH02,"Dr A J Clement Lourduraj",9894113340,clementlourduraj_ph1@mail.sjctni.edu
24UPH107,23UPH53SP01,"Self-paced Learning: Astronomy",1,1,12FPH02,"Dr A J Clement Lourduraj",9894113340,clementlourduraj_ph1@mail.sjctni.edu
24UPH108,23UPH53SP01,"Self-paced Learning: Astronomy",1,1,12FPH02,"Dr A J Clement Lourduraj",9894113340,clementlourduraj_ph1@mail.sjctni.edu
24UPH109,23UPH53SP01,"Self-paced Learning: Astronomy",1,1,12FPH02,"Dr A J Clement Lourduraj",9894113340,clementlourduraj_ph1@mail.sjctni.edu
24UPH110,23UPH53SP01,"Self-paced Learning: Astronomy",1,1,12FPH02,"Dr A J Clement Lourduraj",9894113340,clementlourduraj_ph1@mail.sjctni.edu
24UPH111,23UPH53SP01,"Self-paced Learning: Astronomy",1,1,12FPH02,"Dr A J Clement Lourduraj",9894113340,clementlourduraj_ph1@mail.sjctni.edu
24UPH112,23UPH53SP01,"Self-paced Learning: Astronomy",1,1,12FPH02,"Dr A J Clement Lourduraj",9894113340,clementlourduraj_ph1@mail.sjctni.edu
24UPH113,23UPH53SP01,"Self-paced Learning: Astronomy",1,1,12FPH02,"Dr A J Clement Lourduraj",9894113340,clementlourduraj_ph1@mail.sjctni.edu
24UPH114,23UPH53SP01,"Self-paced Learning: Astronomy",1,1,12FPH02,"Dr A J Clement Lourduraj",9894113340,clementlourduraj_ph1@mail.sjctni.edu
24UPH115,23UPH53SP01,"Self-paced Learning: Astronomy",1,1,12FPH02,"Dr A J Clement Lourduraj",9894113340,clementlourduraj_ph1@mail.sjctni.edu
24UPH116,23UPH53SP01,"Self-paced Learning: Astronomy",1,1,12FPH02,"Dr A J Clement Lourduraj",9894113340,clementlourduraj_ph1@mail.sjctni.edu
24UPH117,23UPH53SP01,"Self-paced Learning: Astronomy",1,1,12FPH02,"Dr A J Clement Lourduraj",9894113340,clementlourduraj_ph1@mail.sjctni.edu
24UPH118,23UPH53SP01,"Self-paced Learning: Astronomy",1,1,12FPH02,"Dr A J Clement Lourduraj",9894113340,clementlourduraj_ph1@mail.sjctni.edu
24UPH119,23UPH53SP01,"Self-paced Learning: Astronomy",1,1,12FPH02,"Dr A J Clement Lourduraj",9894113340,clementlourduraj_ph1@mail.sjctni.edu
24UPH120,23UPH53SP01,"Self-paced Learning: Astronomy",1,1,12FPH02,"Dr A J Clement Lourduraj",9894113340,clementlourduraj_ph1@mail.sjctni.edu
24UPH121,23UPH53SP01,"Self-paced Learning: Astronomy",1,1,12FPH02,"Dr A J Clement Lourduraj",9894113340,clementlourduraj_ph1@mail.sjctni.edu
24UPH122,23UPH53SP01,"Self-paced Learning: Astronomy",1,1,12FPH02,"Dr A J Clement Lourduraj",9894113340,clementlourduraj_ph1@mail.sjctni.edu
24UPH123,23UPH53SP01,"Self-paced Learning: Astronomy",1,1,12FPH02,"Dr A J Clement Lourduraj",9894113340,clementlourduraj_ph1@mail.sjctni.edu
24UPH124,23UPH53SP01,"Self-paced Learning: Astronomy",1,1,12FPH02,"Dr A J Clement Lourduraj",9894113340,clementlourduraj_ph1@mail.sjctni.edu
24UPH125,23UPH53SP01,"Self-paced Learning: Astronomy",1,1,12FPH02,"Dr A J Clement Lourduraj",9894113340,clementlourduraj_ph1@mail.sjctni.edu
24UPH126,23UPH53SP01,"Self-paced Learning: Astronomy",1,1,12FPH02,"Dr A J Clement Lourduraj",9894113340,clementlourduraj_ph1@mail.sjctni.edu
24UPH127,23UPH53SP01,"Self-paced Learning: Astronomy",1,1,12FPH02,"Dr A J Clement Lourduraj",9894113340,clementlourduraj_ph1@mail.sjctni.edu
24UPH128,23UPH53SP01,"Self-paced Learning: Astronomy",1,1,12FPH02,"Dr A J Clement Lourduraj",9894113340,clementlourduraj_ph1@mail.sjctni.edu
24UPH129,23UPH53SP01,"Self-paced Learning: Astronomy",1,1,12FPH02,"Dr A J Clement Lourduraj",9894113340,clementlourduraj_ph1@mail.sjctni.edu
24UPH130,23UPH53SP01,"Self-paced Learning: Astronomy",1,1,12FPH02,"Dr A J Clement Lourduraj",9894113340,clementlourduraj_ph1@mail.sjctni.edu
24UPH131,23UPH53SP01,"Self-paced Learning: Astronomy",1,1,12FPH02,"Dr A J Clement Lourduraj",9894113340,clementlourduraj_ph1@mail.sjctni.edu
24UPH132,23UPH53SP01,"Self-paced Learning: Astronomy",1,1,12FPH02,"Dr A J Clement Lourduraj",9894113340,clementlourduraj_ph1@mail.sjctni.edu
24UPH133,23UPH53SP01,"Self-paced Learning: Astronomy",1,1,12FPH02,"Dr A J Clement Lourduraj",9894113340,clementlourduraj_ph1@mail.sjctni.edu
24UPH134,23UPH53SP01,"Self-paced Learning: Astronomy",1,1,12FPH02,"Dr A J Clement Lourduraj",9894113340,clementlourduraj_ph1@mail.sjctni.edu
24UPH135,23UPH53SP01,"Self-paced Learning: Astronomy",1,1,12FPH02,"Dr A J Clement Lourduraj",9894113340,clementlourduraj_ph1@mail.sjctni.edu
24UPH136,23UPH53SP01,"Self-paced Learning: Astronomy",1,1,12FPH02,"Dr A J Clement Lourduraj",9894113340,clementlourduraj_ph1@mail.sjctni.edu
24UPH137,23UPH53SP01,"Self-paced Learning: Astronomy",1,1,12FPH02,"Dr A J Clement Lourduraj",9894113340,clementlourduraj_ph1@mail.sjctni.edu
24UPH138,23UPH53SP01,"Self-paced Learning: Astronomy",1,1,12FPH02,"Dr A J Clement Lourduraj",9894113340,clementlourduraj_ph1@mail.sjctni.edu
24UPH139,23UPH53SP01,"Self-paced Learning: Astronomy",1,1,12FPH02,"Dr A J Clement Lourduraj",9894113340,clementlourduraj_ph1@mail.sjctni.edu
24UPH140,23UPH53SP01,"Self-paced Learning: Astronomy",1,1,12FPH02,"Dr A J Clement Lourduraj",9894113340,clementlourduraj_ph1@mail.sjctni.edu
24UPH142,23UPH53SP01,"Self-paced Learning: Astronomy",1,1,12FPH02,"Dr A J Clement Lourduraj",9894113340,clementlourduraj_ph1@mail.sjctni.edu
24UPH143,23UPH53SP01,"Self-paced Learning: Astronomy",1,1,12FPH02,"Dr A J Clement Lourduraj",9894113340,clementlourduraj_ph1@mail.sjctni.edu
24UPH144,23UPH53SP01,"Self-paced Learning: Astronomy",1,1,12FPH02,"Dr A J Clement Lourduraj",9894113340,clementlourduraj_ph1@mail.sjctni.edu
24UPH145,23UPH53SP01,"Self-paced Learning: Astronomy",1,1,12FPH02,"Dr A J Clement Lourduraj",9894113340,clementlourduraj_ph1@mail.sjctni.edu
24UPH146,23UPH53SP01,"Self-paced Learning: Astronomy",1,1,12FPH02,"Dr A J Clement Lourduraj",9894113340,clementlourduraj_ph1@mail.sjctni.edu
24UPH147,23UPH53SP01,"Self-paced Learning: Astronomy",1,1,12FPH02,"Dr A J Clement Lourduraj",9894113340,clementlourduraj_ph1@mail.sjctni.edu
24UPH148,23UPH53SP01,"Self-paced Learning: Astronomy",1,1,12FPH02,"Dr A J Clement Lourduraj",9894113340,clementlourduraj_ph1@mail.sjctni.edu
24UPH149,23UPH53SP01,"Self-paced Learning: Astronomy",1,1,12FPH02,"Dr A J Clement Lourduraj",9894113340,clementlourduraj_ph1@mail.sjctni.edu
24UPH150,23UPH53SP01,"Self-paced Learning: Astronomy",1,1,12FPH02,"Dr A J Clement Lourduraj",9894113340,clementlourduraj_ph1@mail.sjctni.edu
24UPH151,23UPH53SP01,"Self-paced Learning: Astronomy",1,1,12FPH02,"Dr A J Clement Lourduraj",9894113340,clementlourduraj_ph1@mail.sjctni.edu
24UPH152,23UPH53SP01,"Self-paced Learning: Astronomy",1,1,12FPH02,"Dr A J Clement Lourduraj",9894113340,clementlourduraj_ph1@mail.sjctni.edu
24UPH153,23UPH53SP01,"Self-paced Learning: Astronomy",1,1,12FPH02,"Dr A J Clement Lourduraj",9894113340,clementlourduraj_ph1@mail.sjctni.edu
24UPH154,23UPH53SP01,"Self-paced Learning: Astronomy",1,1,12FPH02,"Dr A J Clement Lourduraj",9894113340,clementlourduraj_ph1@mail.sjctni.edu
24UPH155,23UPH53SP01,"Self-paced Learning: Astronomy",1,1,12FPH02,"Dr A J Clement Lourduraj",9894113340,clementlourduraj_ph1@mail.sjctni.edu
24UPH156,23UPH53SP01,"Self-paced Learning: Astronomy",1,1,12FPH02,"Dr A J Clement Lourduraj",9894113340,clementlourduraj_ph1@mail.sjctni.edu
24UPH201,23UPH53SP01,"Self-paced Learning: Astronomy",1,2,22FPH01,"Dr H Joy Prabu",9677625530,joyprabu_ph1@mail.sjctni.edu
24UPH202,23UPH53SP01,"Self-paced Learning: Astronomy",1,2,22FPH01,"Dr H Joy Prabu",9677625530,joyprabu_ph1@mail.sjctni.edu
24UPH203,23UPH53SP01,"Self-paced Learning: Astronomy",1,2,22FPH01,"Dr H Joy Prabu",9677625530,joyprabu_ph1@mail.sjctni.edu
24UPH204,23UPH53SP01,"Self-paced Learning: Astronomy",1,2,22FPH01,"Dr H Joy Prabu",9677625530,joyprabu_ph1@mail.sjctni.edu
24UPH205,23UPH53SP01,"Self-paced Learning: Astronomy",1,2,22FPH01,"Dr H Joy Prabu",9677625530,joyprabu_ph1@mail.sjctni.edu
24UPH206,23UPH53SP01,"Self-paced Learning: Astronomy",1,2,22FPH01,"Dr H Joy Prabu",9677625530,joyprabu_ph1@mail.sjctni.edu
24UPH207,23UPH53SP01,"Self-paced Learning: Astronomy",1,2,22FPH01,"Dr H Joy Prabu",9677625530,joyprabu_ph1@mail.sjctni.edu
24UPH208,23UPH53SP01,"Self-paced Learning: Astronomy",1,2,22FPH01,"Dr H Joy Prabu",9677625530,joyprabu_ph1@mail.sjctni.edu
24UPH209,23UPH53SP01,"Self-paced Learning: Astronomy",1,2,22FPH01,"Dr H Joy Prabu",9677625530,joyprabu_ph1@mail.sjctni.edu
24UPH210,23UPH53SP01,"Self-paced Learning: Astronomy",1,2,22FPH01,"Dr H Joy Prabu",9677625530,joyprabu_ph1@mail.sjctni.edu
24UPH211,23UPH53SP01,"Self-paced Learning: Astronomy",1,2,22FPH01,"Dr H Joy Prabu",9677625530,joyprabu_ph1@mail.sjctni.edu
24UPH212,23UPH53SP01,"Self-paced Learning: Astronomy",1,2,22FPH01,"Dr H Joy Prabu",9677625530,joyprabu_ph1@mail.sjctni.edu
24UPH213,23UPH53SP01,"Self-paced Learning: Astronomy",1,2,22FPH01,"Dr H Joy Prabu",9677625530,joyprabu_ph1@mail.sjctni.edu
24UPH214,23UPH53SP01,"Self-paced Learning: Astronomy",1,2,22FPH01,"Dr H Joy Prabu",9677625530,joyprabu_ph1@mail.sjctni.edu
24UPH215,23UPH53SP01,"Self-paced Learning: Astronomy",1,2,22FPH01,"Dr H Joy Prabu",9677625530,joyprabu_ph1@mail.sjctni.edu
24UPH216,23UPH53SP01,"Self-paced Learning: Astronomy",1,2,22FPH01,"Dr H Joy Prabu",9677625530,joyprabu_ph1@mail.sjctni.edu
24UPH217,23UPH53SP01,"Self-paced Learning: Astronomy",1,2,22FPH01,"Dr H Joy Prabu",9677625530,joyprabu_ph1@mail.sjctni.edu
24UPH218,23UPH53SP01,"Self-paced Learning: Astronomy",1,2,22FPH01,"Dr H Joy Prabu",9677625530,joyprabu_ph1@mail.sjctni.edu
24UPH219,23UPH53SP01,"Self-paced Learning: Astronomy",1,2,22FPH01,"Dr H Joy Prabu",9677625530,joyprabu_ph1@mail.sjctni.edu
24UPH220,23UPH53SP01,"Self-paced Learning: Astronomy",1,2,22FPH01,"Dr H Joy Prabu",9677625530,joyprabu_ph1@mail.sjctni.edu
24UPH221,23UPH53SP01,"Self-paced Learning: Astronomy",1,2,22FPH01,"Dr H Joy Prabu",9677625530,joyprabu_ph1@mail.sjctni.edu
24UPH222,23UPH53SP01,"Self-paced Learning: Astronomy",1,2,22FPH01,"Dr H Joy Prabu",9677625530,joyprabu_ph1@mail.sjctni.edu
24UPH223,23UPH53SP01,"Self-paced Learning: Astronomy",1,2,22FPH01,"Dr H Joy Prabu",9677625530,joyprabu_ph1@mail.sjctni.edu
24UPH224,23UPH53SP01,"Self-paced Learning: Astronomy",1,2,22FPH01,"Dr H Joy Prabu",9677625530,joyprabu_ph1@mail.sjctni.edu
24UPH225,23UPH53SP01,"Self-paced Learning: Astronomy",1,2,22FPH01,"Dr H Joy Prabu",9677625530,joyprabu_ph1@mail.sjctni.edu
24UPH226,23UPH53SP01,"Self-paced Learning: Astronomy",1,2,22FPH01,"Dr H Joy Prabu",9677625530,joyprabu_ph1@mail.sjctni.edu
24UPH227,23UPH53SP01,"Self-paced Learning: Astronomy",1,2,22FPH01,"Dr H Joy Prabu",9677625530,joyprabu_ph1@mail.sjctni.edu
24UPH228,23UPH53SP01,"Self-paced Learning: Astronomy",1,2,22FPH01,"Dr H Joy Prabu",9677625530,joyprabu_ph1@mail.sjctni.edu
24UPH229,23UPH53SP01,"Self-paced Learning: Astronomy",1,2,22FPH01,"Dr H Joy Prabu",9677625530,joyprabu_ph1@mail.sjctni.edu
24UPH230,23UPH53SP01,"Self-paced Learning: Astronomy",1,2,22FPH01,"Dr H Joy Prabu",9677625530,joyprabu_ph1@mail.sjctni.edu
24UPH231,23UPH53SP01,"Self-paced Learning: Astronomy",1,2,22FPH01,"Dr H Joy Prabu",9677625530,joyprabu_ph1@mail.sjctni.edu
24UPH232,23UPH53SP01,"Self-paced Learning: Astronomy",1,2,22FPH01,"Dr H Joy Prabu",9677625530,joyprabu_ph1@mail.sjctni.edu
24UPH233,23UPH53SP01,"Self-paced Learning: Astronomy",1,2,22FPH01,"Dr H Joy Prabu",9677625530,joyprabu_ph1@mail.sjctni.edu
24UPH234,23UPH53SP01,"Self-paced Learning: Astronomy",1,2,22FPH01,"Dr H Joy Prabu",9677625530,joyprabu_ph1@mail.sjctni.edu
24UPH235,23UPH53SP01,"Self-paced Learning: Astronomy",1,2,22FPH01,"Dr H Joy Prabu",9677625530,joyprabu_ph1@mail.sjctni.edu
24UPH236,23UPH53SP01,"Self-paced Learning: Astronomy",1,2,22FPH01,"Dr H Joy Prabu",9677625530,joyprabu_ph1@mail.sjctni.edu
24UPH237,23UPH53SP01,"Self-paced Learning: Astronomy",1,2,22FPH01,"Dr H Joy Prabu",9677625530,joyprabu_ph1@mail.sjctni.edu
24UPH238,23UPH53SP01,"Self-paced Learning: Astronomy",1,2,22FPH01,"Dr H Joy Prabu",9677625530,joyprabu_ph1@mail.sjctni.edu
24UPH239,23UPH53SP01,"Self-paced Learning: Astronomy",1,2,22FPH01,"Dr H Joy Prabu",9677625530,joyprabu_ph1@mail.sjctni.edu
24UPH240,23UPH53SP01,"Self-paced Learning: Astronomy",1,2,22FPH01,"Dr H Joy Prabu",9677625530,joyprabu_ph1@mail.sjctni.edu
24UPH241,23UPH53SP01,"Self-paced Learning: Astronomy",1,2,22FPH01,"Dr H Joy Prabu",9677625530,joyprabu_ph1@mail.sjctni.edu
24UPH242,23UPH53SP01,"Self-paced Learning: Astronomy",1,2,22FPH01,"Dr H Joy Prabu",9677625530,joyprabu_ph1@mail.sjctni.edu
24UPH243,23UPH53SP01,"Self-paced Learning: Astronomy",1,2,22FPH01,"Dr H Joy Prabu",9677625530,joyprabu_ph1@mail.sjctni.edu
24UPH244,23UPH53SP01,"Self-paced Learning: Astronomy",1,2,22FPH01,"Dr H Joy Prabu",9677625530,joyprabu_ph1@mail.sjctni.edu
24UPH245,23UPH53SP01,"Self-paced Learning: Astronomy",1,2,22FPH01,"Dr H Joy Prabu",9677625530,joyprabu_ph1@mail.sjctni.edu
24UPH246,23UPH53SP01,"Self-paced Learning: Astronomy",1,2,22FPH01,"Dr H Joy Prabu",9677625530,joyprabu_ph1@mail.sjctni.edu
24UPH247,23UPH53SP01,"Self-paced Learning: Astronomy",1,2,22FPH01,"Dr H Joy Prabu",9677625530,joyprabu_ph1@mail.sjctni.edu
24UPH248,23UPH53SP01,"Self-paced Learning: Astronomy",1,2,22FPH01,"Dr H Joy Prabu",9677625530,joyprabu_ph1@mail.sjctni.edu
24UPH249,23UPH53SP01,"Self-paced Learning: Astronomy",1,2,22FPH01,"Dr H Joy Prabu",9677625530,joyprabu_ph1@mail.sjctni.edu
24UPH250,23UPH53SP01,"Self-paced Learning: Astronomy",1,2,22FPH01,"Dr H Joy Prabu",9677625530,joyprabu_ph1@mail.sjctni.edu
24UPH251,23UPH53SP01,"Self-paced Learning: Astronomy",1,2,22FPH01,"Dr H Joy Prabu",9677625530,joyprabu_ph1@mail.sjctni.edu
24UPH252,23UPH53SP01,"Self-paced Learning: Astronomy",1,2,22FPH01,"Dr H Joy Prabu",9677625530,joyprabu_ph1@mail.sjctni.edu
24UPH253,23UPH53SP01,"Self-paced Learning: Astronomy",1,2,22FPH01,"Dr H Joy Prabu",9677625530,joyprabu_ph1@mail.sjctni.edu
24UPH254,23UPH53SP01,"Self-paced Learning: Astronomy",1,2,22FPH01,"Dr H Joy Prabu",9677625530,joyprabu_ph1@mail.sjctni.edu
24UPH255,23UPH53SP01,"Self-paced Learning: Astronomy",1,2,22FPH01,"Dr H Joy Prabu",9677625530,joyprabu_ph1@mail.sjctni.edu
24UST101,23UST53SP01,"Self-paced Learning: Introduction to Data Mining",1,1,16FST01,"Dr J Glorypersial",9944452400,glorypersial_st1@mail.sjctni.edu
24UST102,23UST53SP01,"Self-paced Learning: Introduction to Data Mining",1,1,16FST01,"Dr J Glorypersial",9944452400,glorypersial_st1@mail.sjctni.edu
24UST103,23UST53SP01,"Self-paced Learning: Introduction to Data Mining",1,1,16FST01,"Dr J Glorypersial",9944452400,glorypersial_st1@mail.sjctni.edu
24UST104,23UST53SP01,"Self-paced Learning: Introduction to Data Mining",1,1,16FST01,"Dr J Glorypersial",9944452400,glorypersial_st1@mail.sjctni.edu
24UST105,23UST53SP01,"Self-paced Learning: Introduction to Data Mining",1,1,16FST01,"Dr J Glorypersial",9944452400,glorypersial_st1@mail.sjctni.edu
24UST106,23UST53SP01,"Self-paced Learning: Introduction to Data Mining",1,1,16FST01,"Dr J Glorypersial",9944452400,glorypersial_st1@mail.sjctni.edu
24UST107,23UST53SP01,"Self-paced Learning: Introduction to Data Mining",1,1,16FST01,"Dr J Glorypersial",9944452400,glorypersial_st1@mail.sjctni.edu
24UST108,23UST53SP01,"Self-paced Learning: Introduction to Data Mining",1,1,16FST01,"Dr J Glorypersial",9944452400,glorypersial_st1@mail.sjctni.edu
24UST109,23UST53SP01,"Self-paced Learning: Introduction to Data Mining",1,1,16FST01,"Dr J Glorypersial",9944452400,glorypersial_st1@mail.sjctni.edu
24UST110,23UST53SP01,"Self-paced Learning: Introduction to Data Mining",1,1,16FST01,"Dr J Glorypersial",9944452400,glorypersial_st1@mail.sjctni.edu
24UST111,23UST53SP01,"Self-paced Learning: Introduction to Data Mining",1,1,16FST01,"Dr J Glorypersial",9944452400,glorypersial_st1@mail.sjctni.edu
24UST112,23UST53SP01,"Self-paced Learning: Introduction to Data Mining",1,1,16FST01,"Dr J Glorypersial",9944452400,glorypersial_st1@mail.sjctni.edu
24UST113,23UST53SP01,"Self-paced Learning: Introduction to Data Mining",1,1,16FST01,"Dr J Glorypersial",9944452400,glorypersial_st1@mail.sjctni.edu
24UST114,23UST53SP01,"Self-paced Learning: Introduction to Data Mining",1,1,16FST01,"Dr J Glorypersial",9944452400,glorypersial_st1@mail.sjctni.edu
24UST115,23UST53SP01,"Self-paced Learning: Introduction to Data Mining",1,1,16FST01,"Dr J Glorypersial",9944452400,glorypersial_st1@mail.sjctni.edu
24UST116,23UST53SP01,"Self-paced Learning: Introduction to Data Mining",1,1,16FST01,"Dr J Glorypersial",9944452400,glorypersial_st1@mail.sjctni.edu
24UST117,23UST53SP01,"Self-paced Learning: Introduction to Data Mining",1,1,16FST01,"Dr J Glorypersial",9944452400,glorypersial_st1@mail.sjctni.edu
24UST118,23UST53SP01,"Self-paced Learning: Introduction to Data Mining",1,1,16FST01,"Dr J Glorypersial",9944452400,glorypersial_st1@mail.sjctni.edu
24UST119,23UST53SP01,"Self-paced Learning: Introduction to Data Mining",1,1,16FST01,"Dr J Glorypersial",9944452400,glorypersial_st1@mail.sjctni.edu
24UST120,23UST53SP01,"Self-paced Learning: Introduction to Data Mining",1,1,16FST01,"Dr J Glorypersial",9944452400,glorypersial_st1@mail.sjctni.edu
24UST121,23UST53SP01,"Self-paced Learning: Introduction to Data Mining",1,1,16FST01,"Dr J Glorypersial",9944452400,glorypersial_st1@mail.sjctni.edu
24UST122,23UST53SP01,"Self-paced Learning: Introduction to Data Mining",1,1,16FST01,"Dr J Glorypersial",9944452400,glorypersial_st1@mail.sjctni.edu
24UST123,23UST53SP01,"Self-paced Learning: Introduction to Data Mining",1,1,16FST01,"Dr J Glorypersial",9944452400,glorypersial_st1@mail.sjctni.edu
24UST124,23UST53SP01,"Self-paced Learning: Introduction to Data Mining",1,1,16FST01,"Dr J Glorypersial",9944452400,glorypersial_st1@mail.sjctni.edu
24UST125,23UST53SP01,"Self-paced Learning: Introduction to Data Mining",1,1,16FST01,"Dr J Glorypersial",9944452400,glorypersial_st1@mail.sjctni.edu
24UST126,23UST53SP01,"Self-paced Learning: Introduction to Data Mining",1,1,16FST01,"Dr J Glorypersial",9944452400,glorypersial_st1@mail.sjctni.edu
24UST127,23UST53SP01,"Self-paced Learning: Introduction to Data Mining",1,1,16FST01,"Dr J Glorypersial",9944452400,glorypersial_st1@mail.sjctni.edu
24UST128,23UST53SP01,"Self-paced Learning: Introduction to Data Mining",1,1,16FST01,"Dr J Glorypersial",9944452400,glorypersial_st1@mail.sjctni.edu
24UST129,23UST53SP01,"Self-paced Learning: Introduction to Data Mining",1,1,16FST01,"Dr J Glorypersial",9944452400,glorypersial_st1@mail.sjctni.edu
24UST130,23UST53SP01,"Self-paced Learning: Introduction to Data Mining",1,1,16FST01,"Dr J Glorypersial",9944452400,glorypersial_st1@mail.sjctni.edu
24UST131,23UST53SP01,"Self-paced Learning: Introduction to Data Mining",1,1,16FST01,"Dr J Glorypersial",9944452400,glorypersial_st1@mail.sjctni.edu
24UST132,23UST53SP01,"Self-paced Learning: Introduction to Data Mining",1,1,16FST01,"Dr J Glorypersial",9944452400,glorypersial_st1@mail.sjctni.edu
24UST133,23UST53SP01,"Self-paced Learning: Introduction to Data Mining",1,1,16FST01,"Dr J Glorypersial",9944452400,glorypersial_st1@mail.sjctni.edu
24UST134,23UST53SP01,"Self-paced Learning: Introduction to Data Mining",1,1,16FST01,"Dr J Glorypersial",9944452400,glorypersial_st1@mail.sjctni.edu
24UST136,23UST53SP01,"Self-paced Learning: Introduction to Data Mining",1,1,16FST01,"Dr J Glorypersial",9944452400,glorypersial_st1@mail.sjctni.edu
24UST137,23UST53SP01,"Self-paced Learning: Introduction to Data Mining",1,1,16FST01,"Dr J Glorypersial",9944452400,glorypersial_st1@mail.sjctni.edu
24UST138,23UST53SP01,"Self-paced Learning: Introduction to Data Mining",1,1,16FST01,"Dr J Glorypersial",9944452400,glorypersial_st1@mail.sjctni.edu
24UST140,23UST53SP01,"Self-paced Learning: Introduction to Data Mining",1,1,16FST01,"Dr J Glorypersial",9944452400,glorypersial_st1@mail.sjctni.edu
24UST141,23UST53SP01,"Self-paced Learning: Introduction to Data Mining",1,1,16FST01,"Dr J Glorypersial",9944452400,glorypersial_st1@mail.sjctni.edu
24UST142,23UST53SP01,"Self-paced Learning: Introduction to Data Mining",1,1,16FST01,"Dr J Glorypersial",9944452400,glorypersial_st1@mail.sjctni.edu
24UST143,23UST53SP01,"Self-paced Learning: Introduction to Data Mining",1,1,16FST01,"Dr J Glorypersial",9944452400,glorypersial_st1@mail.sjctni.edu
24UST144,23UST53SP01,"Self-paced Learning: Introduction to Data Mining",1,1,16FST01,"Dr J Glorypersial",9944452400,glorypersial_st1@mail.sjctni.edu
24UST145,23UST53SP01,"Self-paced Learning: Introduction to Data Mining",1,1,16FST01,"Dr J Glorypersial",9944452400,glorypersial_st1@mail.sjctni.edu
24UST146,23UST53SP01,"Self-paced Learning: Introduction to Data Mining",1,1,16FST01,"Dr J Glorypersial",9944452400,glorypersial_st1@mail.sjctni.edu
24UST147,23UST53SP01,"Self-paced Learning: Introduction to Data Mining",1,1,16FST01,"Dr J Glorypersial",9944452400,glorypersial_st1@mail.sjctni.edu
24UST148,23UST53SP01,"Self-paced Learning: Introduction to Data Mining",1,1,16FST01,"Dr J Glorypersial",9944452400,glorypersial_st1@mail.sjctni.edu
24UST149,23UST53SP01,"Self-paced Learning: Introduction to Data Mining",1,1,16FST01,"Dr J Glorypersial",9944452400,glorypersial_st1@mail.sjctni.edu
24UST150,23UST53SP01,"Self-paced Learning: Introduction to Data Mining",1,1,16FST01,"Dr J Glorypersial",9944452400,glorypersial_st1@mail.sjctni.edu
24UST151,23UST53SP01,"Self-paced Learning: Introduction to Data Mining",1,1,16FST01,"Dr J Glorypersial",9944452400,glorypersial_st1@mail.sjctni.edu
24UST152,23UST53SP01,"Self-paced Learning: Introduction to Data Mining",1,1,16FST01,"Dr J Glorypersial",9944452400,glorypersial_st1@mail.sjctni.edu
24UST153,23UST53SP01,"Self-paced Learning: Introduction to Data Mining",1,1,16FST01,"Dr J Glorypersial",9944452400,glorypersial_st1@mail.sjctni.edu
24UST155,23UST53SP01,"Self-paced Learning: Introduction to Data Mining",1,1,16FST01,"Dr J Glorypersial",9944452400,glorypersial_st1@mail.sjctni.edu
24UST156,23UST53SP01,"Self-paced Learning: Introduction to Data Mining",1,1,16FST01,"Dr J Glorypersial",9944452400,glorypersial_st1@mail.sjctni.edu
24UST157,23UST53SP01,"Self-paced Learning: Introduction to Data Mining",1,1,16FST01,"Dr J Glorypersial",9944452400,glorypersial_st1@mail.sjctni.edu
24UST158,23UST53SP01,"Self-paced Learning: Introduction to Data Mining",1,1,16FST01,"Dr J Glorypersial",9944452400,glorypersial_st1@mail.sjctni.edu
24UST159,23UST53SP01,"Self-paced Learning: Introduction to Data Mining",1,1,16FST01,"Dr J Glorypersial",9944452400,glorypersial_st1@mail.sjctni.edu
24UST160,23UST53SP01,"Self-paced Learning: Introduction to Data Mining",1,1,16FST01,"Dr J Glorypersial",9944452400,glorypersial_st1@mail.sjctni.edu
24UST161,23UST53SP01,"Self-paced Learning: Introduction to Data Mining",1,1,16FST01,"Dr J Glorypersial",9944452400,glorypersial_st1@mail.sjctni.edu
24UTA101,23UTA53SP01,"Self-paced Learning: Modern Literature",1,1,22FTA01,"Dr J Saleth",6381493915,saleth_ta1@mail.sjctni.edu
24UTA102,23UTA53SP01,"Self-paced Learning: Modern Literature",1,1,22FTA01,"Dr J Saleth",6381493915,saleth_ta1@mail.sjctni.edu
24UTA103,23UTA53SP01,"Self-paced Learning: Modern Literature",1,1,22FTA01,"Dr J Saleth",6381493915,saleth_ta1@mail.sjctni.edu
24UTA104,23UTA53SP01,"Self-paced Learning: Modern Literature",1,1,22FTA01,"Dr J Saleth",6381493915,saleth_ta1@mail.sjctni.edu
24UTA105,23UTA53SP01,"Self-paced Learning: Modern Literature",1,1,22FTA01,"Dr J Saleth",6381493915,saleth_ta1@mail.sjctni.edu
24UTA106,23UTA53SP01,"Self-paced Learning: Modern Literature",1,1,22FTA01,"Dr J Saleth",6381493915,saleth_ta1@mail.sjctni.edu
24UTA107,23UTA53SP01,"Self-paced Learning: Modern Literature",1,1,22FTA01,"Dr J Saleth",6381493915,saleth_ta1@mail.sjctni.edu
24UTA108,23UTA53SP01,"Self-paced Learning: Modern Literature",1,1,22FTA01,"Dr J Saleth",6381493915,saleth_ta1@mail.sjctni.edu
24UTA109,23UTA53SP01,"Self-paced Learning: Modern Literature",1,1,22FTA01,"Dr J Saleth",6381493915,saleth_ta1@mail.sjctni.edu
24UTA110,23UTA53SP01,"Self-paced Learning: Modern Literature",1,1,22FTA01,"Dr J Saleth",6381493915,saleth_ta1@mail.sjctni.edu
24UTA111,23UTA53SP01,"Self-paced Learning: Modern Literature",1,1,22FTA01,"Dr J Saleth",6381493915,saleth_ta1@mail.sjctni.edu
24UTA112,23UTA53SP01,"Self-paced Learning: Modern Literature",1,1,22FTA01,"Dr J Saleth",6381493915,saleth_ta1@mail.sjctni.edu
24UTA113,23UTA53SP01,"Self-paced Learning: Modern Literature",1,1,22FTA01,"Dr J Saleth",6381493915,saleth_ta1@mail.sjctni.edu
24UTA114,23UTA53SP01,"Self-paced Learning: Modern Literature",1,1,22FTA01,"Dr J Saleth",6381493915,saleth_ta1@mail.sjctni.edu
24UTA115,23UTA53SP01,"Self-paced Learning: Modern Literature",1,1,22FTA01,"Dr J Saleth",6381493915,saleth_ta1@mail.sjctni.edu
24UTA116,23UTA53SP01,"Self-paced Learning: Modern Literature",1,1,22FTA01,"Dr J Saleth",6381493915,saleth_ta1@mail.sjctni.edu
24UTA117,23UTA53SP01,"Self-paced Learning: Modern Literature",1,1,22FTA01,"Dr J Saleth",6381493915,saleth_ta1@mail.sjctni.edu
24UTA118,23UTA53SP01,"Self-paced Learning: Modern Literature",1,1,22FTA01,"Dr J Saleth",6381493915,saleth_ta1@mail.sjctni.edu
24UTA119,23UTA53SP01,"Self-paced Learning: Modern Literature",1,1,22FTA01,"Dr J Saleth",6381493915,saleth_ta1@mail.sjctni.edu
24UTA120,23UTA53SP01,"Self-paced Learning: Modern Literature",1,1,22FTA01,"Dr J Saleth",6381493915,saleth_ta1@mail.sjctni.edu
24UTA121,23UTA53SP01,"Self-paced Learning: Modern Literature",1,1,22FTA01,"Dr J Saleth",6381493915,saleth_ta1@mail.sjctni.edu
24UTA122,23UTA53SP01,"Self-paced Learning: Modern Literature",1,1,22FTA01,"Dr J Saleth",6381493915,saleth_ta1@mail.sjctni.edu
24UTA123,23UTA53SP01,"Self-paced Learning: Modern Literature",1,1,22FTA01,"Dr J Saleth",6381493915,saleth_ta1@mail.sjctni.edu
24UTA124,23UTA53SP01,"Self-paced Learning: Modern Literature",1,1,22FTA01,"Dr J Saleth",6381493915,saleth_ta1@mail.sjctni.edu
24UTA125,23UTA53SP01,"Self-paced Learning: Modern Literature",1,1,22FTA01,"Dr J Saleth",6381493915,saleth_ta1@mail.sjctni.edu
24UTA126,23UTA53SP01,"Self-paced Learning: Modern Literature",1,1,22FTA01,"Dr J Saleth",6381493915,saleth_ta1@mail.sjctni.edu
24UTA127,23UTA53SP01,"Self-paced Learning: Modern Literature",1,1,22FTA01,"Dr J Saleth",6381493915,saleth_ta1@mail.sjctni.edu
24UTA128,23UTA53SP01,"Self-paced Learning: Modern Literature",1,1,22FTA01,"Dr J Saleth",6381493915,saleth_ta1@mail.sjctni.edu
24UTA129,23UTA53SP01,"Self-paced Learning: Modern Literature",1,1,22FTA01,"Dr J Saleth",6381493915,saleth_ta1@mail.sjctni.edu
24UTA130,23UTA53SP01,"Self-paced Learning: Modern Literature",1,1,22FTA01,"Dr J Saleth",6381493915,saleth_ta1@mail.sjctni.edu
24UTA131,23UTA53SP01,"Self-paced Learning: Modern Literature",1,1,22FTA01,"Dr J Saleth",6381493915,saleth_ta1@mail.sjctni.edu
24UTA132,23UTA53SP01,"Self-paced Learning: Modern Literature",1,1,22FTA01,"Dr J Saleth",6381493915,saleth_ta1@mail.sjctni.edu
24UTA133,23UTA53SP01,"Self-paced Learning: Modern Literature",1,1,22FTA01,"Dr J Saleth",6381493915,saleth_ta1@mail.sjctni.edu
24UTA134,23UTA53SP01,"Self-paced Learning: Modern Literature",1,1,22FTA01,"Dr J Saleth",6381493915,saleth_ta1@mail.sjctni.edu
24UTA135,23UTA53SP01,"Self-paced Learning: Modern Literature",1,1,22FTA01,"Dr J Saleth",6381493915,saleth_ta1@mail.sjctni.edu
24UTA136,23UTA53SP01,"Self-paced Learning: Modern Literature",1,1,22FTA01,"Dr J Saleth",6381493915,saleth_ta1@mail.sjctni.edu
24UTA137,23UTA53SP01,"Self-paced Learning: Modern Literature",1,1,22FTA01,"Dr J Saleth",6381493915,saleth_ta1@mail.sjctni.edu
24UTA138,23UTA53SP01,"Self-paced Learning: Modern Literature",1,1,22FTA01,"Dr J Saleth",6381493915,saleth_ta1@mail.sjctni.edu
24UTA139,23UTA53SP01,"Self-paced Learning: Modern Literature",1,1,22FTA01,"Dr J Saleth",6381493915,saleth_ta1@mail.sjctni.edu
24UTA140,23UTA53SP01,"Self-paced Learning: Modern Literature",1,1,22FTA01,"Dr J Saleth",6381493915,saleth_ta1@mail.sjctni.edu
24UTA141,23UTA53SP01,"Self-paced Learning: Modern Literature",1,1,22FTA01,"Dr J Saleth",6381493915,saleth_ta1@mail.sjctni.edu
24UTA142,23UTA53SP01,"Self-paced Learning: Modern Literature",1,1,22FTA01,"Dr J Saleth",6381493915,saleth_ta1@mail.sjctni.edu
24UTA143,23UTA53SP01,"Self-paced Learning: Modern Literature",1,1,22FTA01,"Dr J Saleth",6381493915,saleth_ta1@mail.sjctni.edu
24UTA144,23UTA53SP01,"Self-paced Learning: Modern Literature",1,1,22FTA01,"Dr J Saleth",6381493915,saleth_ta1@mail.sjctni.edu
24UTA145,23UTA53SP01,"Self-paced Learning: Modern Literature",1,1,22FTA01,"Dr J Saleth",6381493915,saleth_ta1@mail.sjctni.edu
24UTA146,23UTA53SP01,"Self-paced Learning: Modern Literature",1,1,22FTA01,"Dr J Saleth",6381493915,saleth_ta1@mail.sjctni.edu
24UTA147,23UTA53SP01,"Self-paced Learning: Modern Literature",1,1,22FTA01,"Dr J Saleth",6381493915,saleth_ta1@mail.sjctni.edu
24UTA148,23UTA53SP01,"Self-paced Learning: Modern Literature",1,1,22FTA01,"Dr J Saleth",6381493915,saleth_ta1@mail.sjctni.edu
24UTA149,23UTA53SP01,"Self-paced Learning: Modern Literature",1,1,22FTA01,"Dr J Saleth",6381493915,saleth_ta1@mail.sjctni.edu
24UTA150,23UTA53SP01,"Self-paced Learning: Modern Literature",1,1,22FTA01,"Dr J Saleth",6381493915,saleth_ta1@mail.sjctni.edu
24UTA151,23UTA53SP01,"Self-paced Learning: Modern Literature",1,1,22FTA01,"Dr J Saleth",6381493915,saleth_ta1@mail.sjctni.edu
24UTA152,23UTA53SP01,"Self-paced Learning: Modern Literature",1,1,22FTA01,"Dr J Saleth",6381493915,saleth_ta1@mail.sjctni.edu
24UTA153,23UTA53SP01,"Self-paced Learning: Modern Literature",1,1,22FTA01,"Dr J Saleth",6381493915,saleth_ta1@mail.sjctni.edu
24UTA154,23UTA53SP01,"Self-paced Learning: Modern Literature",1,1,22FTA01,"Dr J Saleth",6381493915,saleth_ta1@mail.sjctni.edu
24UTA155,23UTA53SP01,"Self-paced Learning: Modern Literature",1,1,22FTA01,"Dr J Saleth",6381493915,saleth_ta1@mail.sjctni.edu
24UTA157,23UTA53SP01,"Self-paced Learning: Modern Literature",1,1,22FTA01,"Dr J Saleth",6381493915,saleth_ta1@mail.sjctni.edu
24UTA158,23UTA53SP01,"Self-paced Learning: Modern Literature",1,1,22FTA01,"Dr J Saleth",6381493915,saleth_ta1@mail.sjctni.edu
24UTA159,23UTA53SP01,"Self-paced Learning: Modern Literature",1,1,22FTA01,"Dr J Saleth",6381493915,saleth_ta1@mail.sjctni.edu
24UTA160,23UTA53SP01,"Self-paced Learning: Modern Literature",1,1,22FTA01,"Dr J Saleth",6381493915,saleth_ta1@mail.sjctni.edu
24UTA161,23UTA53SP01,"Self-paced Learning: Modern Literature",1,1,22FTA01,"Dr J Saleth",6381493915,saleth_ta1@mail.sjctni.edu
24UTA162,23UTA53SP01,"Self-paced Learning: Modern Literature",1,1,22FTA01,"Dr J Saleth",6381493915,saleth_ta1@mail.sjctni.edu
24UTA163,23UTA53SP01,"Self-paced Learning: Modern Literature",1,1,22FTA01,"Dr J Saleth",6381493915,saleth_ta1@mail.sjctni.edu
24UTA164,23UTA53SP01,"Self-paced Learning: Modern Literature",1,1,22FTA01,"Dr J Saleth",6381493915,saleth_ta1@mail.sjctni.edu
24UTA165,23UTA53SP01,"Self-paced Learning: Modern Literature",1,1,22FTA01,"Dr J Saleth",6381493915,saleth_ta1@mail.sjctni.edu
24UTA166,23UTA53SP01,"Self-paced Learning: Modern Literature",1,1,22FTA01,"Dr J Saleth",6381493915,saleth_ta1@mail.sjctni.edu
24UTA167,23UTA53SP01,"Self-paced Learning: Modern Literature",1,1,22FTA01,"Dr J Saleth",6381493915,saleth_ta1@mail.sjctni.edu
24UTA168,23UTA53SP01,"Self-paced Learning: Modern Literature",1,1,22FTA01,"Dr J Saleth",6381493915,saleth_ta1@mail.sjctni.edu
24UTA169,23UTA53SP01,"Self-paced Learning: Modern Literature",1,1,22FTA01,"Dr J Saleth",6381493915,saleth_ta1@mail.sjctni.edu
24UTA170,23UTA53SP01,"Self-paced Learning: Modern Literature",1,1,22FTA01,"Dr J Saleth",6381493915,saleth_ta1@mail.sjctni.edu
24UTA171,23UTA53SP01,"Self-paced Learning: Modern Literature",1,1,22FTA01,"Dr J Saleth",6381493915,saleth_ta1@mail.sjctni.edu
24UTA172,23UTA53SP01,"Self-paced Learning: Modern Literature",1,1,22FTA01,"Dr J Saleth",6381493915,saleth_ta1@mail.sjctni.edu
24UTA173,23UTA53SP01,"Self-paced Learning: Modern Literature",1,1,22FTA01,"Dr J Saleth",6381493915,saleth_ta1@mail.sjctni.edu
24UTA174,23UTA53SP01,"Self-paced Learning: Modern Literature",1,1,22FTA01,"Dr J Saleth",6381493915,saleth_ta1@mail.sjctni.edu
24UTA175,23UTA53SP01,"Self-paced Learning: Modern Literature",1,1,22FTA01,"Dr J Saleth",6381493915,saleth_ta1@mail.sjctni.edu
24UTA176,23UTA53SP01,"Self-paced Learning: Modern Literature",1,1,22FTA01,"Dr J Saleth",6381493915,saleth_ta1@mail.sjctni.edu
24UTA177,23UTA53SP01,"Self-paced Learning: Modern Literature",1,1,22FTA01,"Dr J Saleth",6381493915,saleth_ta1@mail.sjctni.edu
24UTA178,23UTA53SP01,"Self-paced Learning: Modern Literature",1,1,22FTA01,"Dr J Saleth",6381493915,saleth_ta1@mail.sjctni.edu
24UVC501,23UVC53SP01,"Self-paced Learning: Jingle Production",2,1,21CVC51,"Ms K Ramya",9489114628,ramya_vc2@mail.sjctni.edu
24UVC502,23UVC53SP01,"Self-paced Learning: Jingle Production",2,1,21CVC51,"Ms K Ramya",9489114628,ramya_vc2@mail.sjctni.edu
24UVC503,23UVC53SP01,"Self-paced Learning: Jingle Production",2,1,21CVC51,"Ms K Ramya",9489114628,ramya_vc2@mail.sjctni.edu
24UVC504,23UVC53SP01,"Self-paced Learning: Jingle Production",2,1,21CVC51,"Ms K Ramya",9489114628,ramya_vc2@mail.sjctni.edu
24UVC505,23UVC53SP01,"Self-paced Learning: Jingle Production",2,1,21CVC51,"Ms K Ramya",9489114628,ramya_vc2@mail.sjctni.edu
24UVC506,23UVC53SP01,"Self-paced Learning: Jingle Production",2,1,21CVC51,"Ms K Ramya",9489114628,ramya_vc2@mail.sjctni.edu
24UVC507,23UVC53SP01,"Self-paced Learning: Jingle Production",2,1,21CVC51,"Ms K Ramya",9489114628,ramya_vc2@mail.sjctni.edu
24UVC508,23UVC53SP01,"Self-paced Learning: Jingle Production",2,1,21CVC51,"Ms K Ramya",9489114628,ramya_vc2@mail.sjctni.edu
24UVC509,23UVC53SP01,"Self-paced Learning: Jingle Production",2,1,21CVC51,"Ms K Ramya",9489114628,ramya_vc2@mail.sjctni.edu
24UVC510,23UVC53SP01,"Self-paced Learning: Jingle Production",2,1,21CVC51,"Ms K Ramya",9489114628,ramya_vc2@mail.sjctni.edu
24UVC511,23UVC53SP01,"Self-paced Learning: Jingle Production",2,1,21CVC51,"Ms K Ramya",9489114628,ramya_vc2@mail.sjctni.edu
24UVC512,23UVC53SP01,"Self-paced Learning: Jingle Production",2,1,21CVC51,"Ms K Ramya",9489114628,ramya_vc2@mail.sjctni.edu
24UVC513,23UVC53SP01,"Self-paced Learning: Jingle Production",2,1,21CVC51,"Ms K Ramya",9489114628,ramya_vc2@mail.sjctni.edu
24UVC514,23UVC53SP01,"Self-paced Learning: Jingle Production",2,1,21CVC51,"Ms K Ramya",9489114628,ramya_vc2@mail.sjctni.edu
24UVC515,23UVC53SP01,"Self-paced Learning: Jingle Production",2,1,21CVC51,"Ms K Ramya",9489114628,ramya_vc2@mail.sjctni.edu
24UVC516,23UVC53SP01,"Self-paced Learning: Jingle Production",2,1,21CVC51,"Ms K Ramya",9489114628,ramya_vc2@mail.sjctni.edu
24UVC517,23UVC53SP01,"Self-paced Learning: Jingle Production",2,1,21CVC51,"Ms K Ramya",9489114628,ramya_vc2@mail.sjctni.edu
24UVC518,23UVC53SP01,"Self-paced Learning: Jingle Production",2,1,21CVC51,"Ms K Ramya",9489114628,ramya_vc2@mail.sjctni.edu
24UVC519,23UVC53SP01,"Self-paced Learning: Jingle Production",2,1,21CVC51,"Ms K Ramya",9489114628,ramya_vc2@mail.sjctni.edu
24UVC520,23UVC53SP01,"Self-paced Learning: Jingle Production",2,1,21CVC51,"Ms K Ramya",9489114628,ramya_vc2@mail.sjctni.edu
24UVC521,23UVC53SP01,"Self-paced Learning: Jingle Production",2,1,21CVC51,"Ms K Ramya",9489114628,ramya_vc2@mail.sjctni.edu
24UVC522,23UVC53SP01,"Self-paced Learning: Jingle Production",2,1,21CVC51,"Ms K Ramya",9489114628,ramya_vc2@mail.sjctni.edu
24UVC524,23UVC53SP01,"Self-paced Learning: Jingle Production",2,1,21CVC51,"Ms K Ramya",9489114628,ramya_vc2@mail.sjctni.edu
24UVC525,23UVC53SP01,"Self-paced Learning: Jingle Production",2,1,21CVC51,"Ms K Ramya",9489114628,ramya_vc2@mail.sjctni.edu
24UVC526,23UVC53SP01,"Self-paced Learning: Jingle Production",2,1,21CVC51,"Ms K Ramya",9489114628,ramya_vc2@mail.sjctni.edu
24UVC527,23UVC53SP01,"Self-paced Learning: Jingle Production",2,1,21CVC51,"Ms K Ramya",9489114628,ramya_vc2@mail.sjctni.edu
24UVC528,23UVC53SP01,"Self-paced Learning: Jingle Production",2,1,21CVC51,"Ms K Ramya",9489114628,ramya_vc2@mail.sjctni.edu
24UVC529,23UVC53SP01,"Self-paced Learning: Jingle Production",2,1,21CVC51,"Ms K Ramya",9489114628,ramya_vc2@mail.sjctni.edu
24UVC530,23UVC53SP01,"Self-paced Learning: Jingle Production",2,1,21CVC51,"Ms K Ramya",9489114628,ramya_vc2@mail.sjctni.edu
24UVC531,23UVC53SP01,"Self-paced Learning: Jingle Production",2,1,21CVC51,"Ms K Ramya",9489114628,ramya_vc2@mail.sjctni.edu
24UVC532,23UVC53SP01,"Self-paced Learning: Jingle Production",2,1,21CVC51,"Ms K Ramya",9489114628,ramya_vc2@mail.sjctni.edu
24UVC533,23UVC53SP01,"Self-paced Learning: Jingle Production",2,1,21CVC51,"Ms K Ramya",9489114628,ramya_vc2@mail.sjctni.edu
24UVC534,23UVC53SP01,"Self-paced Learning: Jingle Production",2,1,21CVC51,"Ms K Ramya",9489114628,ramya_vc2@mail.sjctni.edu
24UVC535,23UVC53SP01,"Self-paced Learning: Jingle Production",2,1,21CVC51,"Ms K Ramya",9489114628,ramya_vc2@mail.sjctni.edu
24UVC536,23UVC53SP01,"Self-paced Learning: Jingle Production",2,1,21CVC51,"Ms K Ramya",9489114628,ramya_vc2@mail.sjctni.edu
24UVC537,23UVC53SP01,"Self-paced Learning: Jingle Production",2,1,21CVC51,"Ms K Ramya",9489114628,ramya_vc2@mail.sjctni.edu
24UVC538,23UVC53SP01,"Self-paced Learning: Jingle Production",2,1,21CVC51,"Ms K Ramya",9489114628,ramya_vc2@mail.sjctni.edu
24UVC539,23UVC53SP01,"Self-paced Learning: Jingle Production",2,1,21CVC51,"Ms K Ramya",9489114628,ramya_vc2@mail.sjctni.edu
24UVC540,23UVC53SP01,"Self-paced Learning: Jingle Production",2,1,21CVC51,"Ms K Ramya",9489114628,ramya_vc2@mail.sjctni.edu
24UVC541,23UVC53SP01,"Self-paced Learning: Jingle Production",2,1,21CVC51,"Ms K Ramya",9489114628,ramya_vc2@mail.sjctni.edu
24UVC542,23UVC53SP01,"Self-paced Learning: Jingle Production",2,1,21CVC51,"Ms K Ramya",9489114628,ramya_vc2@mail.sjctni.edu
24UVC543,23UVC53SP01,"Self-paced Learning: Jingle Production",2,1,21CVC51,"Ms K Ramya",9489114628,ramya_vc2@mail.sjctni.edu
24UVC544,23UVC53SP01,"Self-paced Learning: Jingle Production",2,1,21CVC51,"Ms K Ramya",9489114628,ramya_vc2@mail.sjctni.edu
24UVC545,23UVC53SP01,"Self-paced Learning: Jingle Production",2,1,21CVC51,"Ms K Ramya",9489114628,ramya_vc2@mail.sjctni.edu
24UVC546,23UVC53SP01,"Self-paced Learning: Jingle Production",2,1,21CVC51,"Ms K Ramya",9489114628,ramya_vc2@mail.sjctni.edu
25PAI801,25PAI3SL03,"Self - Learning: R Programming",2,1,26SAI52,"Mr C Mohanraja",NULL,mohanraja_cs2@mail.sjctni.edu
25PAI802,25PAI3SL03,"Self - Learning: R Programming",2,1,26SAI52,"Mr C Mohanraja",NULL,mohanraja_cs2@mail.sjctni.edu
25PAI803,25PAI3SL03,"Self - Learning: R Programming",2,1,26SAI52,"Mr C Mohanraja",NULL,mohanraja_cs2@mail.sjctni.edu
25PAI804,25PAI3SL03,"Self - Learning: R Programming",2,1,26SAI52,"Mr C Mohanraja",NULL,mohanraja_cs2@mail.sjctni.edu
25PAI805,25PAI3SL03,"Self - Learning: R Programming",2,1,26SAI52,"Mr C Mohanraja",NULL,mohanraja_cs2@mail.sjctni.edu
25PAI806,25PAI3SL03,"Self - Learning: R Programming",2,1,26SAI52,"Mr C Mohanraja",NULL,mohanraja_cs2@mail.sjctni.edu
25PAI807,25PAI3SL03,"Self - Learning: R Programming",2,1,26SAI52,"Mr C Mohanraja",NULL,mohanraja_cs2@mail.sjctni.edu
25PAI808,25PAI3SL03,"Self - Learning: R Programming",2,1,26SAI52,"Mr C Mohanraja",NULL,mohanraja_cs2@mail.sjctni.edu
25PAI809,25PAI3SL03,"Self - Learning: R Programming",2,1,26SAI52,"Mr C Mohanraja",NULL,mohanraja_cs2@mail.sjctni.edu
25PAI810,25PAI3SL03,"Self - Learning: R Programming",2,1,26SAI52,"Mr C Mohanraja",NULL,mohanraja_cs2@mail.sjctni.edu
25PAI811,25PAI3SL03,"Self - Learning: R Programming",2,1,26SAI52,"Mr C Mohanraja",NULL,mohanraja_cs2@mail.sjctni.edu
25PAI812,25PAI3SL03,"Self - Learning: R Programming",2,1,26SAI52,"Mr C Mohanraja",NULL,mohanraja_cs2@mail.sjctni.edu
25PAI813,25PAI3SL03,"Self - Learning: R Programming",2,1,26SAI52,"Mr C Mohanraja",NULL,mohanraja_cs2@mail.sjctni.edu
25PAI814,25PAI3SL03,"Self - Learning: R Programming",2,1,26SAI52,"Mr C Mohanraja",NULL,mohanraja_cs2@mail.sjctni.edu
25PAI815,25PAI3SL03,"Self - Learning: R Programming",2,1,26SAI52,"Mr C Mohanraja",NULL,mohanraja_cs2@mail.sjctni.edu
25PAI816,25PAI3SL03,"Self - Learning: R Programming",2,1,26SAI52,"Mr C Mohanraja",NULL,mohanraja_cs2@mail.sjctni.edu
25PAI817,25PAI3SL03,"Self - Learning: R Programming",2,1,26SAI52,"Mr C Mohanraja",NULL,mohanraja_cs2@mail.sjctni.edu
25PAI818,25PAI3SL03,"Self - Learning: R Programming",2,1,26SAI52,"Mr C Mohanraja",NULL,mohanraja_cs2@mail.sjctni.edu
25PAI819,25PAI3SL03,"Self - Learning: R Programming",2,1,26SAI52,"Mr C Mohanraja",NULL,mohanraja_cs2@mail.sjctni.edu
25PAI820,25PAI3SL03,"Self - Learning: R Programming",2,1,26SAI52,"Mr C Mohanraja",NULL,mohanraja_cs2@mail.sjctni.edu
25PAI821,25PAI3SL03,"Self - Learning: R Programming",2,1,26SAI52,"Mr C Mohanraja",NULL,mohanraja_cs2@mail.sjctni.edu
25PAI822,25PAI3SL03,"Self - Learning: R Programming",2,1,26SAI52,"Mr C Mohanraja",NULL,mohanraja_cs2@mail.sjctni.edu
25PAI823,25PAI3SL03,"Self - Learning: R Programming",2,1,26SAI52,"Mr C Mohanraja",NULL,mohanraja_cs2@mail.sjctni.edu
25PAI824,25PAI3SL03,"Self - Learning: R Programming",2,1,26SAI52,"Mr C Mohanraja",NULL,mohanraja_cs2@mail.sjctni.edu
25PBI801,25PBI3SL03,"Self - Learning: Advanced Nutrition",2,1,01TBI05,"Mr T Antony Diwakar Chandran",9443167518,antonydiwakarchandran_bi2@mail.sjctni.edu
25PBI802,25PBI3SL03,"Self - Learning: Advanced Nutrition",2,1,01TBI05,"Mr T Antony Diwakar Chandran",9443167518,antonydiwakarchandran_bi2@mail.sjctni.edu
25PBI803,25PBI3SL03,"Self - Learning: Advanced Nutrition",2,1,01TBI05,"Mr T Antony Diwakar Chandran",9443167518,antonydiwakarchandran_bi2@mail.sjctni.edu
25PBI804,25PBI3SL03,"Self - Learning: Advanced Nutrition",2,1,01TBI05,"Mr T Antony Diwakar Chandran",9443167518,antonydiwakarchandran_bi2@mail.sjctni.edu
25PBI805,25PBI3SL03,"Self - Learning: Advanced Nutrition",2,1,01TBI05,"Mr T Antony Diwakar Chandran",9443167518,antonydiwakarchandran_bi2@mail.sjctni.edu
25PBI806,25PBI3SL03,"Self - Learning: Advanced Nutrition",2,1,01TBI05,"Mr T Antony Diwakar Chandran",9443167518,antonydiwakarchandran_bi2@mail.sjctni.edu
25PBI807,25PBI3SL03,"Self - Learning: Advanced Nutrition",2,1,01TBI05,"Mr T Antony Diwakar Chandran",9443167518,antonydiwakarchandran_bi2@mail.sjctni.edu
25PBI808,25PBI3SL03,"Self - Learning: Advanced Nutrition",2,1,01TBI05,"Mr T Antony Diwakar Chandran",9443167518,antonydiwakarchandran_bi2@mail.sjctni.edu
25PBI809,25PBI3SL03,"Self - Learning: Advanced Nutrition",2,1,01TBI05,"Mr T Antony Diwakar Chandran",9443167518,antonydiwakarchandran_bi2@mail.sjctni.edu
25PBI810,25PBI3SL03,"Self - Learning: Advanced Nutrition",2,1,01TBI05,"Mr T Antony Diwakar Chandran",9443167518,antonydiwakarchandran_bi2@mail.sjctni.edu
25PBI811,25PBI3SL03,"Self - Learning: Advanced Nutrition",2,1,01TBI05,"Mr T Antony Diwakar Chandran",9443167518,antonydiwakarchandran_bi2@mail.sjctni.edu
25PBI812,25PBI3SL03,"Self - Learning: Advanced Nutrition",2,1,01TBI05,"Mr T Antony Diwakar Chandran",9443167518,antonydiwakarchandran_bi2@mail.sjctni.edu
25PBO101,25PBO3SL03,"Self - Learning: Evolutionary Adaptations and Plant Breeding",1,1,07FPB03,"Dr M Francis Sathiyaseelan",9940955619,francissathiyaseelan_bo1@mail.sjctni.edu
25PBO102,25PBO3SL03,"Self - Learning: Evolutionary Adaptations and Plant Breeding",1,1,07FPB03,"Dr M Francis Sathiyaseelan",9940955619,francissathiyaseelan_bo1@mail.sjctni.edu
25PBO103,25PBO3SL03,"Self - Learning: Evolutionary Adaptations and Plant Breeding",1,1,07FPB03,"Dr M Francis Sathiyaseelan",9940955619,francissathiyaseelan_bo1@mail.sjctni.edu
25PBO104,25PBO3SL03,"Self - Learning: Evolutionary Adaptations and Plant Breeding",1,1,07FPB03,"Dr M Francis Sathiyaseelan",9940955619,francissathiyaseelan_bo1@mail.sjctni.edu
25PBO105,25PBO3SL03,"Self - Learning: Evolutionary Adaptations and Plant Breeding",1,1,07FPB03,"Dr M Francis Sathiyaseelan",9940955619,francissathiyaseelan_bo1@mail.sjctni.edu
25PBO106,25PBO3SL03,"Self - Learning: Evolutionary Adaptations and Plant Breeding",1,1,07FPB03,"Dr M Francis Sathiyaseelan",9940955619,francissathiyaseelan_bo1@mail.sjctni.edu
25PBO107,25PBO3SL03,"Self - Learning: Evolutionary Adaptations and Plant Breeding",1,1,07FPB03,"Dr M Francis Sathiyaseelan",9940955619,francissathiyaseelan_bo1@mail.sjctni.edu
25PBO108,25PBO3SL03,"Self - Learning: Evolutionary Adaptations and Plant Breeding",1,1,07FPB03,"Dr M Francis Sathiyaseelan",9940955619,francissathiyaseelan_bo1@mail.sjctni.edu
25PBO109,25PBO3SL03,"Self - Learning: Evolutionary Adaptations and Plant Breeding",1,1,07FPB03,"Dr M Francis Sathiyaseelan",9940955619,francissathiyaseelan_bo1@mail.sjctni.edu
25PBO110,25PBO3SL03,"Self - Learning: Evolutionary Adaptations and Plant Breeding",1,1,07FPB03,"Dr M Francis Sathiyaseelan",9940955619,francissathiyaseelan_bo1@mail.sjctni.edu
25PBO111,25PBO3SL03,"Self - Learning: Evolutionary Adaptations and Plant Breeding",1,1,07FPB03,"Dr M Francis Sathiyaseelan",9940955619,francissathiyaseelan_bo1@mail.sjctni.edu
25PBO112,25PBO3SL03,"Self - Learning: Evolutionary Adaptations and Plant Breeding",1,1,07FPB03,"Dr M Francis Sathiyaseelan",9940955619,francissathiyaseelan_bo1@mail.sjctni.edu
25PBO113,25PBO3SL03,"Self - Learning: Evolutionary Adaptations and Plant Breeding",1,1,07FPB03,"Dr M Francis Sathiyaseelan",9940955619,francissathiyaseelan_bo1@mail.sjctni.edu
25PBO114,25PBO3SL03,"Self - Learning: Evolutionary Adaptations and Plant Breeding",1,1,07FPB03,"Dr M Francis Sathiyaseelan",9940955619,francissathiyaseelan_bo1@mail.sjctni.edu
25PBO115,25PBO3SL03,"Self - Learning: Evolutionary Adaptations and Plant Breeding",1,1,07FPB03,"Dr M Francis Sathiyaseelan",9940955619,francissathiyaseelan_bo1@mail.sjctni.edu
25PBO116,25PBO3SL03,"Self - Learning: Evolutionary Adaptations and Plant Breeding",1,1,07FPB03,"Dr M Francis Sathiyaseelan",9940955619,francissathiyaseelan_bo1@mail.sjctni.edu
25PBO117,25PBO3SL03,"Self - Learning: Evolutionary Adaptations and Plant Breeding",1,1,07FPB03,"Dr M Francis Sathiyaseelan",9940955619,francissathiyaseelan_bo1@mail.sjctni.edu
25PBO118,25PBO3SL03,"Self - Learning: Evolutionary Adaptations and Plant Breeding",1,1,07FPB03,"Dr M Francis Sathiyaseelan",9940955619,francissathiyaseelan_bo1@mail.sjctni.edu
25PBO119,25PBO3SL03,"Self - Learning: Evolutionary Adaptations and Plant Breeding",1,1,07FPB03,"Dr M Francis Sathiyaseelan",9940955619,francissathiyaseelan_bo1@mail.sjctni.edu
25PBT801,25PBT3SL03,"Self - Learning: Fundamentals of Genetics",2,1,23CBT51,"Dr Asha Monica",8526208969,ashamonica_bt2@mail.sjctni.edu
25PBT802,25PBT3SL03,"Self - Learning: Fundamentals of Genetics",2,1,23CBT51,"Dr Asha Monica",8526208969,ashamonica_bt2@mail.sjctni.edu
25PBT803,25PBT3SL03,"Self - Learning: Fundamentals of Genetics",2,1,23CBT51,"Dr Asha Monica",8526208969,ashamonica_bt2@mail.sjctni.edu
25PBT804,25PBT3SL03,"Self - Learning: Fundamentals of Genetics",2,1,23CBT51,"Dr Asha Monica",8526208969,ashamonica_bt2@mail.sjctni.edu
25PBT805,25PBT3SL03,"Self - Learning: Fundamentals of Genetics",2,1,23CBT51,"Dr Asha Monica",8526208969,ashamonica_bt2@mail.sjctni.edu
25PBT806,25PBT3SL03,"Self - Learning: Fundamentals of Genetics",2,1,23CBT51,"Dr Asha Monica",8526208969,ashamonica_bt2@mail.sjctni.edu
25PBT807,25PBT3SL03,"Self - Learning: Fundamentals of Genetics",2,1,23CBT51,"Dr Asha Monica",8526208969,ashamonica_bt2@mail.sjctni.edu
25PBT808,25PBT3SL03,"Self - Learning: Fundamentals of Genetics",2,1,23CBT51,"Dr Asha Monica",8526208969,ashamonica_bt2@mail.sjctni.edu
25PBT809,25PBT3SL03,"Self - Learning: Fundamentals of Genetics",2,1,23CBT51,"Dr Asha Monica",8526208969,ashamonica_bt2@mail.sjctni.edu
25PBT810,25PBT3SL03,"Self - Learning: Fundamentals of Genetics",2,1,23CBT51,"Dr Asha Monica",8526208969,ashamonica_bt2@mail.sjctni.edu
25PBT811,25PBT3SL03,"Self - Learning: Fundamentals of Genetics",2,1,23CBT51,"Dr Asha Monica",8526208969,ashamonica_bt2@mail.sjctni.edu
25PBT812,25PBT3SL03,"Self - Learning: Fundamentals of Genetics",2,1,23CBT51,"Dr Asha Monica",8526208969,ashamonica_bt2@mail.sjctni.edu
25PBT813,25PBT3SL03,"Self - Learning: Fundamentals of Genetics",2,1,23CBT51,"Dr Asha Monica",8526208969,ashamonica_bt2@mail.sjctni.edu
25PBT814,25PBT3SL03,"Self - Learning: Fundamentals of Genetics",2,1,23CBT51,"Dr Asha Monica",8526208969,ashamonica_bt2@mail.sjctni.edu
25PBT815,25PBT3SL03,"Self - Learning: Fundamentals of Genetics",2,1,23CBT51,"Dr Asha Monica",8526208969,ashamonica_bt2@mail.sjctni.edu
25PBT816,25PBT3SL03,"Self - Learning: Fundamentals of Genetics",2,1,23CBT51,"Dr Asha Monica",8526208969,ashamonica_bt2@mail.sjctni.edu
25PBT817,25PBT3SL03,"Self - Learning: Fundamentals of Genetics",2,1,23CBT51,"Dr Asha Monica",8526208969,ashamonica_bt2@mail.sjctni.edu
25PBT818,25PBT3SL03,"Self - Learning: Fundamentals of Genetics",2,1,23CBT51,"Dr Asha Monica",8526208969,ashamonica_bt2@mail.sjctni.edu
25PBT819,25PBT3SL03,"Self - Learning: Fundamentals of Genetics",2,1,23CBT51,"Dr Asha Monica",8526208969,ashamonica_bt2@mail.sjctni.edu
25PBT820,25PBT3SL03,"Self - Learning: Fundamentals of Genetics",2,1,23CBT51,"Dr Asha Monica",8526208969,ashamonica_bt2@mail.sjctni.edu
25PBT821,25PBT3SL03,"Self - Learning: Fundamentals of Genetics",2,1,23CBT51,"Dr Asha Monica",8526208969,ashamonica_bt2@mail.sjctni.edu
25PBT822,25PBT3SL03,"Self - Learning: Fundamentals of Genetics",2,1,23CBT51,"Dr Asha Monica",8526208969,ashamonica_bt2@mail.sjctni.edu
25PBT823,25PBT3SL03,"Self - Learning: Fundamentals of Genetics",2,1,23CBT51,"Dr Asha Monica",8526208969,ashamonica_bt2@mail.sjctni.edu
25PBT824,25PBT3SL03,"Self - Learning: Fundamentals of Genetics",2,1,23CBT51,"Dr Asha Monica",8526208969,ashamonica_bt2@mail.sjctni.edu
25PBT825,25PBT3SL03,"Self - Learning: Fundamentals of Genetics",2,1,23CBT51,"Dr Asha Monica",8526208969,ashamonica_bt2@mail.sjctni.edu
25PBT826,25PBT3SL03,"Self - Learning: Fundamentals of Genetics",2,1,23CBT51,"Dr Asha Monica",8526208969,ashamonica_bt2@mail.sjctni.edu
25PBT827,25PBT3SL03,"Self - Learning: Fundamentals of Genetics",2,1,23CBT51,"Dr Asha Monica",8526208969,ashamonica_bt2@mail.sjctni.edu
25PBT828,25PBT3SL03,"Self - Learning: Fundamentals of Genetics",2,1,23CBT51,"Dr Asha Monica",8526208969,ashamonica_bt2@mail.sjctni.edu
25PBT829,25PBT3SL03,"Self - Learning: Fundamentals of Genetics",2,1,23CBT51,"Dr Asha Monica",8526208969,ashamonica_bt2@mail.sjctni.edu
25PBT830,25PBT3SL03,"Self - Learning: Fundamentals of Genetics",2,1,23CBT51,"Dr Asha Monica",8526208969,ashamonica_bt2@mail.sjctni.edu
25PBT831,25PBT3SL03,"Self - Learning: Fundamentals of Genetics",2,1,23CBT51,"Dr Asha Monica",8526208969,ashamonica_bt2@mail.sjctni.edu
25PCA101,25PCA3SL03,"Self - Learning: Organizational Behaviour",1,1,23FCS02,"Dr George Gabriel Richard Roy",9994289769,georgeroy_cs1@mail.sjctni.edu
25PCA102,25PCA3SL03,"Self - Learning: Organizational Behaviour",1,1,23FCS02,"Dr George Gabriel Richard Roy",9994289769,georgeroy_cs1@mail.sjctni.edu
25PCA103,25PCA3SL03,"Self - Learning: Organizational Behaviour",1,1,23FCS02,"Dr George Gabriel Richard Roy",9994289769,georgeroy_cs1@mail.sjctni.edu
25PCA104,25PCA3SL03,"Self - Learning: Organizational Behaviour",1,1,23FCS02,"Dr George Gabriel Richard Roy",9994289769,georgeroy_cs1@mail.sjctni.edu
25PCA105,25PCA3SL03,"Self - Learning: Organizational Behaviour",1,1,23FCS02,"Dr George Gabriel Richard Roy",9994289769,georgeroy_cs1@mail.sjctni.edu
25PCA106,25PCA3SL03,"Self - Learning: Organizational Behaviour",1,1,23FCS02,"Dr George Gabriel Richard Roy",9994289769,georgeroy_cs1@mail.sjctni.edu
25PCA107,25PCA3SL03,"Self - Learning: Organizational Behaviour",1,1,23FCS02,"Dr George Gabriel Richard Roy",9994289769,georgeroy_cs1@mail.sjctni.edu
25PCA108,25PCA3SL03,"Self - Learning: Organizational Behaviour",1,1,23FCS02,"Dr George Gabriel Richard Roy",9994289769,georgeroy_cs1@mail.sjctni.edu
25PCA109,25PCA3SL03,"Self - Learning: Organizational Behaviour",1,1,23FCS02,"Dr George Gabriel Richard Roy",9994289769,georgeroy_cs1@mail.sjctni.edu
25PCA110,25PCA3SL03,"Self - Learning: Organizational Behaviour",1,1,23FCS02,"Dr George Gabriel Richard Roy",9994289769,georgeroy_cs1@mail.sjctni.edu
25PCA111,25PCA3SL03,"Self - Learning: Organizational Behaviour",1,1,23FCS02,"Dr George Gabriel Richard Roy",9994289769,georgeroy_cs1@mail.sjctni.edu
25PCA112,25PCA3SL03,"Self - Learning: Organizational Behaviour",1,1,23FCS02,"Dr George Gabriel Richard Roy",9994289769,georgeroy_cs1@mail.sjctni.edu
25PCA113,25PCA3SL03,"Self - Learning: Organizational Behaviour",1,1,23FCS02,"Dr George Gabriel Richard Roy",9994289769,georgeroy_cs1@mail.sjctni.edu
25PCA114,25PCA3SL03,"Self - Learning: Organizational Behaviour",1,1,23FCS02,"Dr George Gabriel Richard Roy",9994289769,georgeroy_cs1@mail.sjctni.edu
25PCA115,25PCA3SL03,"Self - Learning: Organizational Behaviour",1,1,23FCS02,"Dr George Gabriel Richard Roy",9994289769,georgeroy_cs1@mail.sjctni.edu
25PCA116,25PCA3SL03,"Self - Learning: Organizational Behaviour",1,1,23FCS02,"Dr George Gabriel Richard Roy",9994289769,georgeroy_cs1@mail.sjctni.edu
25PCA117,25PCA3SL03,"Self - Learning: Organizational Behaviour",1,1,23FCS02,"Dr George Gabriel Richard Roy",9994289769,georgeroy_cs1@mail.sjctni.edu
25PCA118,25PCA3SL03,"Self - Learning: Organizational Behaviour",1,1,23FCS02,"Dr George Gabriel Richard Roy",9994289769,georgeroy_cs1@mail.sjctni.edu
25PCA119,25PCA3SL03,"Self - Learning: Organizational Behaviour",1,1,23FCS02,"Dr George Gabriel Richard Roy",9994289769,georgeroy_cs1@mail.sjctni.edu
25PCA120,25PCA3SL03,"Self - Learning: Organizational Behaviour",1,1,23FCS02,"Dr George Gabriel Richard Roy",9994289769,georgeroy_cs1@mail.sjctni.edu
25PCA121,25PCA3SL03,"Self - Learning: Organizational Behaviour",1,1,23FCS02,"Dr George Gabriel Richard Roy",9994289769,georgeroy_cs1@mail.sjctni.edu
25PCA122,25PCA3SL03,"Self - Learning: Organizational Behaviour",1,1,23FCS02,"Dr George Gabriel Richard Roy",9994289769,georgeroy_cs1@mail.sjctni.edu
25PCA123,25PCA3SL03,"Self - Learning: Organizational Behaviour",1,1,23FCS02,"Dr George Gabriel Richard Roy",9994289769,georgeroy_cs1@mail.sjctni.edu
25PCA124,25PCA3SL03,"Self - Learning: Organizational Behaviour",1,1,23FCS02,"Dr George Gabriel Richard Roy",9994289769,georgeroy_cs1@mail.sjctni.edu
25PCA125,25PCA3SL03,"Self - Learning: Organizational Behaviour",1,1,23FCS02,"Dr George Gabriel Richard Roy",9994289769,georgeroy_cs1@mail.sjctni.edu
25PCA126,25PCA3SL03,"Self - Learning: Organizational Behaviour",1,1,23FCS02,"Dr George Gabriel Richard Roy",9994289769,georgeroy_cs1@mail.sjctni.edu
25PCA127,25PCA3SL03,"Self - Learning: Organizational Behaviour",1,1,23FCS02,"Dr George Gabriel Richard Roy",9994289769,georgeroy_cs1@mail.sjctni.edu
25PCA128,25PCA3SL03,"Self - Learning: Organizational Behaviour",1,1,23FCS02,"Dr George Gabriel Richard Roy",9994289769,georgeroy_cs1@mail.sjctni.edu
25PCA129,25PCA3SL03,"Self - Learning: Organizational Behaviour",1,1,23FCS02,"Dr George Gabriel Richard Roy",9994289769,georgeroy_cs1@mail.sjctni.edu
25PCA130,25PCA3SL03,"Self - Learning: Organizational Behaviour",1,1,23FCS02,"Dr George Gabriel Richard Roy",9994289769,georgeroy_cs1@mail.sjctni.edu
25PCA131,25PCA3SL03,"Self - Learning: Organizational Behaviour",1,1,23FCS02,"Dr George Gabriel Richard Roy",9994289769,georgeroy_cs1@mail.sjctni.edu
25PCA132,25PCA3SL03,"Self - Learning: Organizational Behaviour",1,1,23FCS02,"Dr George Gabriel Richard Roy",9994289769,georgeroy_cs1@mail.sjctni.edu
25PCA133,25PCA3SL03,"Self - Learning: Organizational Behaviour",1,1,23FCS02,"Dr George Gabriel Richard Roy",9994289769,georgeroy_cs1@mail.sjctni.edu
25PCA134,25PCA3SL03,"Self - Learning: Organizational Behaviour",1,1,23FCS02,"Dr George Gabriel Richard Roy",9994289769,georgeroy_cs1@mail.sjctni.edu
25PCA135,25PCA3SL03,"Self - Learning: Organizational Behaviour",1,1,23FCS02,"Dr George Gabriel Richard Roy",9994289769,georgeroy_cs1@mail.sjctni.edu
25PCA136,25PCA3SL03,"Self - Learning: Organizational Behaviour",1,1,23FCS02,"Dr George Gabriel Richard Roy",9994289769,georgeroy_cs1@mail.sjctni.edu
25PCA137,25PCA3SL03,"Self - Learning: Organizational Behaviour",1,1,23FCS02,"Dr George Gabriel Richard Roy",9994289769,georgeroy_cs1@mail.sjctni.edu
25PCA138,25PCA3SL03,"Self - Learning: Organizational Behaviour",1,1,23FCS02,"Dr George Gabriel Richard Roy",9994289769,georgeroy_cs1@mail.sjctni.edu
25PCA139,25PCA3SL03,"Self - Learning: Organizational Behaviour",1,1,23FCS02,"Dr George Gabriel Richard Roy",9994289769,georgeroy_cs1@mail.sjctni.edu
25PCA140,25PCA3SL03,"Self - Learning: Organizational Behaviour",1,1,23FCS02,"Dr George Gabriel Richard Roy",9994289769,georgeroy_cs1@mail.sjctni.edu
25PCA141,25PCA3SL03,"Self - Learning: Organizational Behaviour",1,1,23FCS02,"Dr George Gabriel Richard Roy",9994289769,georgeroy_cs1@mail.sjctni.edu
25PCA142,25PCA3SL03,"Self - Learning: Organizational Behaviour",1,1,23FCS02,"Dr George Gabriel Richard Roy",9994289769,georgeroy_cs1@mail.sjctni.edu
25PCA143,25PCA3SL03,"Self - Learning: Organizational Behaviour",1,1,23FCS02,"Dr George Gabriel Richard Roy",9994289769,georgeroy_cs1@mail.sjctni.edu
25PCA144,25PCA3SL03,"Self - Learning: Organizational Behaviour",1,1,23FCS02,"Dr George Gabriel Richard Roy",9994289769,georgeroy_cs1@mail.sjctni.edu
25PCA145,25PCA3SL03,"Self - Learning: Organizational Behaviour",1,1,23FCS02,"Dr George Gabriel Richard Roy",9994289769,georgeroy_cs1@mail.sjctni.edu
25PCA146,25PCA3SL03,"Self - Learning: Organizational Behaviour",1,1,23FCS02,"Dr George Gabriel Richard Roy",9994289769,georgeroy_cs1@mail.sjctni.edu
25PCA147,25PCA3SL03,"Self - Learning: Organizational Behaviour",1,1,23FCS02,"Dr George Gabriel Richard Roy",9994289769,georgeroy_cs1@mail.sjctni.edu
25PCA148,25PCA3SL03,"Self - Learning: Organizational Behaviour",1,1,23FCS02,"Dr George Gabriel Richard Roy",9994289769,georgeroy_cs1@mail.sjctni.edu
25PCA149,25PCA3SL03,"Self - Learning: Organizational Behaviour",1,1,23FCS02,"Dr George Gabriel Richard Roy",9994289769,georgeroy_cs1@mail.sjctni.edu
25PCA150,25PCA3SL03,"Self - Learning: Organizational Behaviour",1,1,23FCS02,"Dr George Gabriel Richard Roy",9994289769,georgeroy_cs1@mail.sjctni.edu
25PCA151,25PCA3SL03,"Self - Learning: Organizational Behaviour",1,1,23FCS02,"Dr George Gabriel Richard Roy",9994289769,georgeroy_cs1@mail.sjctni.edu
25PCA152,25PCA3SL03,"Self - Learning: Organizational Behaviour",1,1,23FCS02,"Dr George Gabriel Richard Roy",9994289769,georgeroy_cs1@mail.sjctni.edu
25PCA153,25PCA3SL03,"Self - Learning: Organizational Behaviour",1,1,23FCS02,"Dr George Gabriel Richard Roy",9994289769,georgeroy_cs1@mail.sjctni.edu
25PCA154,25PCA3SL03,"Self - Learning: Organizational Behaviour",1,1,23FCS02,"Dr George Gabriel Richard Roy",9994289769,georgeroy_cs1@mail.sjctni.edu
25PCA155,25PCA3SL03,"Self - Learning: Organizational Behaviour",1,1,23FCS02,"Dr George Gabriel Richard Roy",9994289769,georgeroy_cs1@mail.sjctni.edu
25PCA156,25PCA3SL03,"Self - Learning: Organizational Behaviour",1,1,23FCS02,"Dr George Gabriel Richard Roy",9994289769,georgeroy_cs1@mail.sjctni.edu
25PCA157,25PCA3SL03,"Self - Learning: Organizational Behaviour",1,1,23FCS02,"Dr George Gabriel Richard Roy",9994289769,georgeroy_cs1@mail.sjctni.edu
25PCA158,25PCA3SL03,"Self - Learning: Organizational Behaviour",1,1,23FCS02,"Dr George Gabriel Richard Roy",9994289769,georgeroy_cs1@mail.sjctni.edu
25PCA159,25PCA3SL03,"Self - Learning: Organizational Behaviour",1,1,23FCS02,"Dr George Gabriel Richard Roy",9994289769,georgeroy_cs1@mail.sjctni.edu
25PCA160,25PCA3SL03,"Self - Learning: Organizational Behaviour",1,1,23FCS02,"Dr George Gabriel Richard Roy",9994289769,georgeroy_cs1@mail.sjctni.edu
25PCC801,25PCC3SL03,"Self - Learning: Cloud Computing",2,1,14TCC01,"Dr B Fathima Mary",9629482064,fathimamary_cc2@mail.sjctni.edu
25PCC802,25PCC3SL03,"Self - Learning: Cloud Computing",2,1,14TCC01,"Dr B Fathima Mary",9629482064,fathimamary_cc2@mail.sjctni.edu
25PCC803,25PCC3SL03,"Self - Learning: Cloud Computing",2,1,14TCC01,"Dr B Fathima Mary",9629482064,fathimamary_cc2@mail.sjctni.edu
25PCC804,25PCC3SL03,"Self - Learning: Cloud Computing",2,1,14TCC01,"Dr B Fathima Mary",9629482064,fathimamary_cc2@mail.sjctni.edu
25PCC805,25PCC3SL03,"Self - Learning: Cloud Computing",2,1,14TCC01,"Dr B Fathima Mary",9629482064,fathimamary_cc2@mail.sjctni.edu
25PCC806,25PCC3SL03,"Self - Learning: Cloud Computing",2,1,14TCC01,"Dr B Fathima Mary",9629482064,fathimamary_cc2@mail.sjctni.edu
25PCC807,25PCC3SL03,"Self - Learning: Cloud Computing",2,1,14TCC01,"Dr B Fathima Mary",9629482064,fathimamary_cc2@mail.sjctni.edu
25PCC808,25PCC3SL03,"Self - Learning: Cloud Computing",2,1,14TCC01,"Dr B Fathima Mary",9629482064,fathimamary_cc2@mail.sjctni.edu
25PCC809,25PCC3SL03,"Self - Learning: Cloud Computing",2,1,14TCC01,"Dr B Fathima Mary",9629482064,fathimamary_cc2@mail.sjctni.edu
25PCC810,25PCC3SL03,"Self - Learning: Cloud Computing",2,1,14TCC01,"Dr B Fathima Mary",9629482064,fathimamary_cc2@mail.sjctni.edu
25PCC811,25PCC3SL03,"Self - Learning: Cloud Computing",2,1,14TCC01,"Dr B Fathima Mary",9629482064,fathimamary_cc2@mail.sjctni.edu
25PCC812,25PCC3SL03,"Self - Learning: Cloud Computing",2,1,14TCC01,"Dr B Fathima Mary",9629482064,fathimamary_cc2@mail.sjctni.edu
25PCC813,25PCC3SL03,"Self - Learning: Cloud Computing",2,1,14TCC01,"Dr B Fathima Mary",9629482064,fathimamary_cc2@mail.sjctni.edu
25PCC814,25PCC3SL03,"Self - Learning: Cloud Computing",2,1,14TCC01,"Dr B Fathima Mary",9629482064,fathimamary_cc2@mail.sjctni.edu
25PCC815,25PCC3SL03,"Self - Learning: Cloud Computing",2,1,14TCC01,"Dr B Fathima Mary",9629482064,fathimamary_cc2@mail.sjctni.edu
25PCC816,25PCC3SL03,"Self - Learning: Cloud Computing",2,1,14TCC01,"Dr B Fathima Mary",9629482064,fathimamary_cc2@mail.sjctni.edu
25PCC817,25PCC3SL03,"Self - Learning: Cloud Computing",2,1,14TCC01,"Dr B Fathima Mary",9629482064,fathimamary_cc2@mail.sjctni.edu
25PCC818,25PCC3SL03,"Self - Learning: Cloud Computing",2,1,14TCC01,"Dr B Fathima Mary",9629482064,fathimamary_cc2@mail.sjctni.edu
25PCC819,25PCC3SL03,"Self - Learning: Cloud Computing",2,1,14TCC01,"Dr B Fathima Mary",9629482064,fathimamary_cc2@mail.sjctni.edu
25PCC820,25PCC3SL03,"Self - Learning: Cloud Computing",2,1,14TCC01,"Dr B Fathima Mary",9629482064,fathimamary_cc2@mail.sjctni.edu
25PCC821,25PCC3SL03,"Self - Learning: Cloud Computing",2,1,14TCC01,"Dr B Fathima Mary",9629482064,fathimamary_cc2@mail.sjctni.edu
25PCC822,25PCC3SL03,"Self - Learning: Cloud Computing",2,1,14TCC01,"Dr B Fathima Mary",9629482064,fathimamary_cc2@mail.sjctni.edu
25PCC823,25PCC3SL03,"Self - Learning: Cloud Computing",2,1,14TCC01,"Dr B Fathima Mary",9629482064,fathimamary_cc2@mail.sjctni.edu
25PCC824,25PCC3SL03,"Self - Learning: Cloud Computing",2,1,14TCC01,"Dr B Fathima Mary",9629482064,fathimamary_cc2@mail.sjctni.edu
25PCC825,25PCC3SL03,"Self - Learning: Cloud Computing",2,1,14TCC01,"Dr B Fathima Mary",9629482064,fathimamary_cc2@mail.sjctni.edu
25PCC826,25PCC3SL03,"Self - Learning: Cloud Computing",2,1,14TCC01,"Dr B Fathima Mary",9629482064,fathimamary_cc2@mail.sjctni.edu
25PCC827,25PCC3SL03,"Self - Learning: Cloud Computing",2,1,14TCC01,"Dr B Fathima Mary",9629482064,fathimamary_cc2@mail.sjctni.edu
25PCC828,25PCC3SL03,"Self - Learning: Cloud Computing",2,1,14TCC01,"Dr B Fathima Mary",9629482064,fathimamary_cc2@mail.sjctni.edu
25PCC829,25PCC3SL03,"Self - Learning: Cloud Computing",2,1,14TCC01,"Dr B Fathima Mary",9629482064,fathimamary_cc2@mail.sjctni.edu
25PCC830,25PCC3SL03,"Self - Learning: Cloud Computing",2,1,14TCC01,"Dr B Fathima Mary",9629482064,fathimamary_cc2@mail.sjctni.edu
25PCC831,25PCC3SL03,"Self - Learning: Cloud Computing",2,1,14TCC01,"Dr B Fathima Mary",9629482064,fathimamary_cc2@mail.sjctni.edu
25PCC832,25PCC3SL03,"Self - Learning: Cloud Computing",2,1,14TCC01,"Dr B Fathima Mary",9629482064,fathimamary_cc2@mail.sjctni.edu
25PCC833,25PCC3SL03,"Self - Learning: Cloud Computing",2,1,14TCC01,"Dr B Fathima Mary",9629482064,fathimamary_cc2@mail.sjctni.edu
25PCC834,25PCC3SL03,"Self - Learning: Cloud Computing",2,1,14TCC01,"Dr B Fathima Mary",9629482064,fathimamary_cc2@mail.sjctni.edu
25PCC835,25PCC3SL03,"Self - Learning: Cloud Computing",2,1,14TCC01,"Dr B Fathima Mary",9629482064,fathimamary_cc2@mail.sjctni.edu
25PCC836,25PCC3SL03,"Self - Learning: Cloud Computing",2,1,14TCC01,"Dr B Fathima Mary",9629482064,fathimamary_cc2@mail.sjctni.edu
25PCC837,25PCC3SL03,"Self - Learning: Cloud Computing",2,1,14TCC01,"Dr B Fathima Mary",9629482064,fathimamary_cc2@mail.sjctni.edu
25PCC838,25PCC3SL03,"Self - Learning: Cloud Computing",2,1,14TCC01,"Dr B Fathima Mary",9629482064,fathimamary_cc2@mail.sjctni.edu
25PCC839,25PCC3SL03,"Self - Learning: Cloud Computing",2,1,14TCC01,"Dr B Fathima Mary",9629482064,fathimamary_cc2@mail.sjctni.edu
25PCC840,25PCC3SL03,"Self - Learning: Cloud Computing",2,1,14TCC01,"Dr B Fathima Mary",9629482064,fathimamary_cc2@mail.sjctni.edu
25PCC841,25PCC3SL03,"Self - Learning: Cloud Computing",2,1,14TCC01,"Dr B Fathima Mary",9629482064,fathimamary_cc2@mail.sjctni.edu
25PCH101,25PCH3SL03,"Self - Learning: Selected Topics in Chemistry",1,1,07FCH01,"Dr A Edwin Vasu",9487192997,edwinvasu_ch1@mail.sjctni.edu
25PCH102,25PCH3SL03,"Self - Learning: Selected Topics in Chemistry",1,1,07FCH01,"Dr A Edwin Vasu",9487192997,edwinvasu_ch1@mail.sjctni.edu
25PCH103,25PCH3SL03,"Self - Learning: Selected Topics in Chemistry",1,1,07FCH01,"Dr A Edwin Vasu",9487192997,edwinvasu_ch1@mail.sjctni.edu
25PCH104,25PCH3SL03,"Self - Learning: Selected Topics in Chemistry",1,1,07FCH01,"Dr A Edwin Vasu",9487192997,edwinvasu_ch1@mail.sjctni.edu
25PCH105,25PCH3SL03,"Self - Learning: Selected Topics in Chemistry",1,1,07FCH01,"Dr A Edwin Vasu",9487192997,edwinvasu_ch1@mail.sjctni.edu
25PCH106,25PCH3SL03,"Self - Learning: Selected Topics in Chemistry",1,1,07FCH01,"Dr A Edwin Vasu",9487192997,edwinvasu_ch1@mail.sjctni.edu
25PCH107,25PCH3SL03,"Self - Learning: Selected Topics in Chemistry",1,1,07FCH01,"Dr A Edwin Vasu",9487192997,edwinvasu_ch1@mail.sjctni.edu
25PCH108,25PCH3SL03,"Self - Learning: Selected Topics in Chemistry",1,1,07FCH01,"Dr A Edwin Vasu",9487192997,edwinvasu_ch1@mail.sjctni.edu
25PCH109,25PCH3SL03,"Self - Learning: Selected Topics in Chemistry",1,1,07FCH01,"Dr A Edwin Vasu",9487192997,edwinvasu_ch1@mail.sjctni.edu
25PCH110,25PCH3SL03,"Self - Learning: Selected Topics in Chemistry",1,1,07FCH01,"Dr A Edwin Vasu",9487192997,edwinvasu_ch1@mail.sjctni.edu
25PCH111,25PCH3SL03,"Self - Learning: Selected Topics in Chemistry",1,1,07FCH01,"Dr A Edwin Vasu",9487192997,edwinvasu_ch1@mail.sjctni.edu
25PCH112,25PCH3SL03,"Self - Learning: Selected Topics in Chemistry",1,1,07FCH01,"Dr A Edwin Vasu",9487192997,edwinvasu_ch1@mail.sjctni.edu
25PCH113,25PCH3SL03,"Self - Learning: Selected Topics in Chemistry",1,1,07FCH01,"Dr A Edwin Vasu",9487192997,edwinvasu_ch1@mail.sjctni.edu
25PCH114,25PCH3SL03,"Self - Learning: Selected Topics in Chemistry",1,1,07FCH01,"Dr A Edwin Vasu",9487192997,edwinvasu_ch1@mail.sjctni.edu
25PCH115,25PCH3SL03,"Self - Learning: Selected Topics in Chemistry",1,1,07FCH01,"Dr A Edwin Vasu",9487192997,edwinvasu_ch1@mail.sjctni.edu
25PCH116,25PCH3SL03,"Self - Learning: Selected Topics in Chemistry",1,1,07FCH01,"Dr A Edwin Vasu",9487192997,edwinvasu_ch1@mail.sjctni.edu
25PCH117,25PCH3SL03,"Self - Learning: Selected Topics in Chemistry",1,1,07FCH01,"Dr A Edwin Vasu",9487192997,edwinvasu_ch1@mail.sjctni.edu
25PCH118,25PCH3SL03,"Self - Learning: Selected Topics in Chemistry",1,1,07FCH01,"Dr A Edwin Vasu",9487192997,edwinvasu_ch1@mail.sjctni.edu
25PCH119,25PCH3SL03,"Self - Learning: Selected Topics in Chemistry",1,1,07FCH01,"Dr A Edwin Vasu",9487192997,edwinvasu_ch1@mail.sjctni.edu
25PCH120,25PCH3SL03,"Self - Learning: Selected Topics in Chemistry",1,1,07FCH01,"Dr A Edwin Vasu",9487192997,edwinvasu_ch1@mail.sjctni.edu
25PCH121,25PCH3SL03,"Self - Learning: Selected Topics in Chemistry",1,1,07FCH01,"Dr A Edwin Vasu",9487192997,edwinvasu_ch1@mail.sjctni.edu
25PCH122,25PCH3SL03,"Self - Learning: Selected Topics in Chemistry",1,1,07FCH01,"Dr A Edwin Vasu",9487192997,edwinvasu_ch1@mail.sjctni.edu
25PCH123,25PCH3SL03,"Self - Learning: Selected Topics in Chemistry",1,1,07FCH01,"Dr A Edwin Vasu",9487192997,edwinvasu_ch1@mail.sjctni.edu
25PCH124,25PCH3SL03,"Self - Learning: Selected Topics in Chemistry",1,1,07FCH01,"Dr A Edwin Vasu",9487192997,edwinvasu_ch1@mail.sjctni.edu
25PCH125,25PCH3SL03,"Self - Learning: Selected Topics in Chemistry",1,1,07FCH01,"Dr A Edwin Vasu",9487192997,edwinvasu_ch1@mail.sjctni.edu
25PCH126,25PCH3SL03,"Self - Learning: Selected Topics in Chemistry",1,1,07FCH01,"Dr A Edwin Vasu",9487192997,edwinvasu_ch1@mail.sjctni.edu
25PCH127,25PCH3SL03,"Self - Learning: Selected Topics in Chemistry",1,1,07FCH01,"Dr A Edwin Vasu",9487192997,edwinvasu_ch1@mail.sjctni.edu
25PCH128,25PCH3SL03,"Self - Learning: Selected Topics in Chemistry",1,1,07FCH01,"Dr A Edwin Vasu",9487192997,edwinvasu_ch1@mail.sjctni.edu
25PCH129,25PCH3SL03,"Self - Learning: Selected Topics in Chemistry",1,1,07FCH01,"Dr A Edwin Vasu",9487192997,edwinvasu_ch1@mail.sjctni.edu
25PCH130,25PCH3SL03,"Self - Learning: Selected Topics in Chemistry",1,1,07FCH01,"Dr A Edwin Vasu",9487192997,edwinvasu_ch1@mail.sjctni.edu
25PCH131,25PCH3SL03,"Self - Learning: Selected Topics in Chemistry",1,1,07FCH01,"Dr A Edwin Vasu",9487192997,edwinvasu_ch1@mail.sjctni.edu
25PCH132,25PCH3SL03,"Self - Learning: Selected Topics in Chemistry",1,1,07FCH01,"Dr A Edwin Vasu",9487192997,edwinvasu_ch1@mail.sjctni.edu
25PCH801,25PCH3SL03,"Self - Learning: Selected Topics in Chemistry",2,1,16TCH01,"Mr P Arockia Doss",,arockiadoss_ch2@mail.sjctni.edu
25PCH802,25PCH3SL03,"Self - Learning: Selected Topics in Chemistry",2,1,16TCH01,"Mr P Arockia Doss",,arockiadoss_ch2@mail.sjctni.edu
25PCH803,25PCH3SL03,"Self - Learning: Selected Topics in Chemistry",2,1,16TCH01,"Mr P Arockia Doss",,arockiadoss_ch2@mail.sjctni.edu
25PCH804,25PCH3SL03,"Self - Learning: Selected Topics in Chemistry",2,1,16TCH01,"Mr P Arockia Doss",,arockiadoss_ch2@mail.sjctni.edu
25PCH805,25PCH3SL03,"Self - Learning: Selected Topics in Chemistry",2,1,16TCH01,"Mr P Arockia Doss",,arockiadoss_ch2@mail.sjctni.edu
25PCH806,25PCH3SL03,"Self - Learning: Selected Topics in Chemistry",2,1,16TCH01,"Mr P Arockia Doss",,arockiadoss_ch2@mail.sjctni.edu
25PCH807,25PCH3SL03,"Self - Learning: Selected Topics in Chemistry",2,1,16TCH01,"Mr P Arockia Doss",,arockiadoss_ch2@mail.sjctni.edu
25PCH808,25PCH3SL03,"Self - Learning: Selected Topics in Chemistry",2,1,16TCH01,"Mr P Arockia Doss",,arockiadoss_ch2@mail.sjctni.edu
25PCH809,25PCH3SL03,"Self - Learning: Selected Topics in Chemistry",2,1,16TCH01,"Mr P Arockia Doss",,arockiadoss_ch2@mail.sjctni.edu
25PCH810,25PCH3SL03,"Self - Learning: Selected Topics in Chemistry",2,1,16TCH01,"Mr P Arockia Doss",,arockiadoss_ch2@mail.sjctni.edu
25PCH811,25PCH3SL03,"Self - Learning: Selected Topics in Chemistry",2,1,16TCH01,"Mr P Arockia Doss",,arockiadoss_ch2@mail.sjctni.edu
25PCH812,25PCH3SL03,"Self - Learning: Selected Topics in Chemistry",2,1,16TCH01,"Mr P Arockia Doss",,arockiadoss_ch2@mail.sjctni.edu
25PCH813,25PCH3SL03,"Self - Learning: Selected Topics in Chemistry",2,1,16TCH01,"Mr P Arockia Doss",,arockiadoss_ch2@mail.sjctni.edu
25PCH814,25PCH3SL03,"Self - Learning: Selected Topics in Chemistry",2,1,16TCH01,"Mr P Arockia Doss",,arockiadoss_ch2@mail.sjctni.edu
25PCH815,25PCH3SL03,"Self - Learning: Selected Topics in Chemistry",2,1,16TCH01,"Mr P Arockia Doss",,arockiadoss_ch2@mail.sjctni.edu
25PCH817,25PCH3SL03,"Self - Learning: Selected Topics in Chemistry",2,1,16TCH01,"Mr P Arockia Doss",,arockiadoss_ch2@mail.sjctni.edu
25PCH818,25PCH3SL03,"Self - Learning: Selected Topics in Chemistry",2,1,16TCH01,"Mr P Arockia Doss",,arockiadoss_ch2@mail.sjctni.edu
25PCH819,25PCH3SL03,"Self - Learning: Selected Topics in Chemistry",2,1,16TCH01,"Mr P Arockia Doss",,arockiadoss_ch2@mail.sjctni.edu
25PCH820,25PCH3SL03,"Self - Learning: Selected Topics in Chemistry",2,1,16TCH01,"Mr P Arockia Doss",,arockiadoss_ch2@mail.sjctni.edu
25PCH821,25PCH3SL03,"Self - Learning: Selected Topics in Chemistry",2,1,16TCH01,"Mr P Arockia Doss",,arockiadoss_ch2@mail.sjctni.edu
25PCH822,25PCH3SL03,"Self - Learning: Selected Topics in Chemistry",2,1,16TCH01,"Mr P Arockia Doss",,arockiadoss_ch2@mail.sjctni.edu
25PCH823,25PCH3SL03,"Self - Learning: Selected Topics in Chemistry",2,1,16TCH01,"Mr P Arockia Doss",,arockiadoss_ch2@mail.sjctni.edu
25PCH824,25PCH3SL03,"Self - Learning: Selected Topics in Chemistry",2,1,16TCH01,"Mr P Arockia Doss",,arockiadoss_ch2@mail.sjctni.edu
25PCH825,25PCH3SL03,"Self - Learning: Selected Topics in Chemistry",2,1,16TCH01,"Mr P Arockia Doss",,arockiadoss_ch2@mail.sjctni.edu
25PCH826,25PCH3SL03,"Self - Learning: Selected Topics in Chemistry",2,1,16TCH01,"Mr P Arockia Doss",,arockiadoss_ch2@mail.sjctni.edu
25PCH827,25PCH3SL03,"Self - Learning: Selected Topics in Chemistry",2,1,16TCH01,"Mr P Arockia Doss",,arockiadoss_ch2@mail.sjctni.edu
25PCH828,25PCH3SL03,"Self - Learning: Selected Topics in Chemistry",2,1,16TCH01,"Mr P Arockia Doss",,arockiadoss_ch2@mail.sjctni.edu
25PCH829,25PCH3SL03,"Self - Learning: Selected Topics in Chemistry",2,1,16TCH01,"Mr P Arockia Doss",,arockiadoss_ch2@mail.sjctni.edu
25PCH830,25PCH3SL03,"Self - Learning: Selected Topics in Chemistry",2,1,16TCH01,"Mr P Arockia Doss",,arockiadoss_ch2@mail.sjctni.edu
25PCH831,25PCH3SL03,"Self - Learning: Selected Topics in Chemistry",2,1,16TCH01,"Mr P Arockia Doss",,arockiadoss_ch2@mail.sjctni.edu
25PCH832,25PCH3SL03,"Self - Learning: Selected Topics in Chemistry",2,1,16TCH01,"Mr P Arockia Doss",,arockiadoss_ch2@mail.sjctni.edu
25PCH833,25PCH3SL03,"Self - Learning: Selected Topics in Chemistry",2,1,16TCH01,"Mr P Arockia Doss",,arockiadoss_ch2@mail.sjctni.edu
25PCO101,25PCO3SL03,"Self - Learning: E-Commerce",1,1,07FCM12,"Dr V Bastin Jerome",9840553408,bastinjerome_co1@mail.sjctni.edu
25PCO102,25PCO3SL03,"Self - Learning: E-Commerce",1,1,07FCM12,"Dr V Bastin Jerome",9840553408,bastinjerome_co1@mail.sjctni.edu
25PCO103,25PCO3SL03,"Self - Learning: E-Commerce",1,1,07FCM12,"Dr V Bastin Jerome",9840553408,bastinjerome_co1@mail.sjctni.edu
25PCO104,25PCO3SL03,"Self - Learning: E-Commerce",1,1,07FCM12,"Dr V Bastin Jerome",9840553408,bastinjerome_co1@mail.sjctni.edu
25PCO105,25PCO3SL03,"Self - Learning: E-Commerce",1,1,07FCM12,"Dr V Bastin Jerome",9840553408,bastinjerome_co1@mail.sjctni.edu
25PCO106,25PCO3SL03,"Self - Learning: E-Commerce",1,1,07FCM12,"Dr V Bastin Jerome",9840553408,bastinjerome_co1@mail.sjctni.edu
25PCO107,25PCO3SL03,"Self - Learning: E-Commerce",1,1,07FCM12,"Dr V Bastin Jerome",9840553408,bastinjerome_co1@mail.sjctni.edu
25PCO108,25PCO3SL03,"Self - Learning: E-Commerce",1,1,07FCM12,"Dr V Bastin Jerome",9840553408,bastinjerome_co1@mail.sjctni.edu
25PCO109,25PCO3SL03,"Self - Learning: E-Commerce",1,1,07FCM12,"Dr V Bastin Jerome",9840553408,bastinjerome_co1@mail.sjctni.edu
25PCO110,25PCO3SL03,"Self - Learning: E-Commerce",1,1,07FCM12,"Dr V Bastin Jerome",9840553408,bastinjerome_co1@mail.sjctni.edu
25PCO111,25PCO3SL03,"Self - Learning: E-Commerce",1,1,07FCM12,"Dr V Bastin Jerome",9840553408,bastinjerome_co1@mail.sjctni.edu
25PCO112,25PCO3SL03,"Self - Learning: E-Commerce",1,1,07FCM12,"Dr V Bastin Jerome",9840553408,bastinjerome_co1@mail.sjctni.edu
25PCO113,25PCO3SL03,"Self - Learning: E-Commerce",1,1,07FCM12,"Dr V Bastin Jerome",9840553408,bastinjerome_co1@mail.sjctni.edu
25PCO114,25PCO3SL03,"Self - Learning: E-Commerce",1,1,07FCM12,"Dr V Bastin Jerome",9840553408,bastinjerome_co1@mail.sjctni.edu
25PCO115,25PCO3SL03,"Self - Learning: E-Commerce",1,1,07FCM12,"Dr V Bastin Jerome",9840553408,bastinjerome_co1@mail.sjctni.edu
25PCO116,25PCO3SL03,"Self - Learning: E-Commerce",1,1,07FCM12,"Dr V Bastin Jerome",9840553408,bastinjerome_co1@mail.sjctni.edu
25PCO117,25PCO3SL03,"Self - Learning: E-Commerce",1,1,07FCM12,"Dr V Bastin Jerome",9840553408,bastinjerome_co1@mail.sjctni.edu
25PCO118,25PCO3SL03,"Self - Learning: E-Commerce",1,1,07FCM12,"Dr V Bastin Jerome",9840553408,bastinjerome_co1@mail.sjctni.edu
25PCO119,25PCO3SL03,"Self - Learning: E-Commerce",1,1,07FCM12,"Dr V Bastin Jerome",9840553408,bastinjerome_co1@mail.sjctni.edu
25PCO120,25PCO3SL03,"Self - Learning: E-Commerce",1,1,07FCM12,"Dr V Bastin Jerome",9840553408,bastinjerome_co1@mail.sjctni.edu
25PCO121,25PCO3SL03,"Self - Learning: E-Commerce",1,1,07FCM12,"Dr V Bastin Jerome",9840553408,bastinjerome_co1@mail.sjctni.edu
25PCO122,25PCO3SL03,"Self - Learning: E-Commerce",1,1,07FCM12,"Dr V Bastin Jerome",9840553408,bastinjerome_co1@mail.sjctni.edu
25PCO123,25PCO3SL03,"Self - Learning: E-Commerce",1,1,07FCM12,"Dr V Bastin Jerome",9840553408,bastinjerome_co1@mail.sjctni.edu
25PCO124,25PCO3SL03,"Self - Learning: E-Commerce",1,1,07FCM12,"Dr V Bastin Jerome",9840553408,bastinjerome_co1@mail.sjctni.edu
25PCO125,25PCO3SL03,"Self - Learning: E-Commerce",1,1,07FCM12,"Dr V Bastin Jerome",9840553408,bastinjerome_co1@mail.sjctni.edu
25PCO126,25PCO3SL03,"Self - Learning: E-Commerce",1,1,07FCM12,"Dr V Bastin Jerome",9840553408,bastinjerome_co1@mail.sjctni.edu
25PCO127,25PCO3SL03,"Self - Learning: E-Commerce",1,1,07FCM12,"Dr V Bastin Jerome",9840553408,bastinjerome_co1@mail.sjctni.edu
25PCO128,25PCO3SL03,"Self - Learning: E-Commerce",1,1,07FCM12,"Dr V Bastin Jerome",9840553408,bastinjerome_co1@mail.sjctni.edu
25PCO129,25PCO3SL03,"Self - Learning: E-Commerce",1,1,07FCM12,"Dr V Bastin Jerome",9840553408,bastinjerome_co1@mail.sjctni.edu
25PCO130,25PCO3SL03,"Self - Learning: E-Commerce",1,1,07FCM12,"Dr V Bastin Jerome",9840553408,bastinjerome_co1@mail.sjctni.edu
25PCO131,25PCO3SL03,"Self - Learning: E-Commerce",1,1,07FCM12,"Dr V Bastin Jerome",9840553408,bastinjerome_co1@mail.sjctni.edu
25PCO132,25PCO3SL03,"Self - Learning: E-Commerce",1,1,07FCM12,"Dr V Bastin Jerome",9840553408,bastinjerome_co1@mail.sjctni.edu
25PCO134,25PCO3SL03,"Self - Learning: E-Commerce",1,1,07FCM12,"Dr V Bastin Jerome",9840553408,bastinjerome_co1@mail.sjctni.edu
25PCO135,25PCO3SL03,"Self - Learning: E-Commerce",1,1,07FCM12,"Dr V Bastin Jerome",9840553408,bastinjerome_co1@mail.sjctni.edu
25PCO136,25PCO3SL03,"Self - Learning: E-Commerce",1,1,07FCM12,"Dr V Bastin Jerome",9840553408,bastinjerome_co1@mail.sjctni.edu
25PCO137,25PCO3SL03,"Self - Learning: E-Commerce",1,1,07FCM12,"Dr V Bastin Jerome",9840553408,bastinjerome_co1@mail.sjctni.edu
25PCO138,25PCO3SL03,"Self - Learning: E-Commerce",1,1,07FCM12,"Dr V Bastin Jerome",9840553408,bastinjerome_co1@mail.sjctni.edu
25PCO139,25PCO3SL03,"Self - Learning: E-Commerce",1,1,07FCM12,"Dr V Bastin Jerome",9840553408,bastinjerome_co1@mail.sjctni.edu
25PCO140,25PCO3SL03,"Self - Learning: E-Commerce",1,1,07FCM12,"Dr V Bastin Jerome",9840553408,bastinjerome_co1@mail.sjctni.edu
25PCO141,25PCO3SL03,"Self - Learning: E-Commerce",1,1,07FCM12,"Dr V Bastin Jerome",9840553408,bastinjerome_co1@mail.sjctni.edu
25PCO142,25PCO3SL03,"Self - Learning: E-Commerce",1,1,07FCM12,"Dr V Bastin Jerome",9840553408,bastinjerome_co1@mail.sjctni.edu
25PCP801,25PCP3SL03,"Self - Learning: Psychological Wellbeing",2,1,26scp51,"Mr V S Sarabeshwaraa",NULL,sarabeshwaraa_cp2@mail.sjctni.edu
25PCP802,25PCP3SL03,"Self - Learning: Psychological Wellbeing",2,1,26scp51,"Mr V S Sarabeshwaraa",NULL,sarabeshwaraa_cp2@mail.sjctni.edu
25PCP803,25PCP3SL03,"Self - Learning: Psychological Wellbeing",2,1,26scp51,"Mr V S Sarabeshwaraa",NULL,sarabeshwaraa_cp2@mail.sjctni.edu
25PCP804,25PCP3SL03,"Self - Learning: Psychological Wellbeing",2,1,26scp51,"Mr V S Sarabeshwaraa",NULL,sarabeshwaraa_cp2@mail.sjctni.edu
25PCP805,25PCP3SL03,"Self - Learning: Psychological Wellbeing",2,1,26scp51,"Mr V S Sarabeshwaraa",NULL,sarabeshwaraa_cp2@mail.sjctni.edu
25PCP806,25PCP3SL03,"Self - Learning: Psychological Wellbeing",2,1,26scp51,"Mr V S Sarabeshwaraa",NULL,sarabeshwaraa_cp2@mail.sjctni.edu
25PCP807,25PCP3SL03,"Self - Learning: Psychological Wellbeing",2,1,26scp51,"Mr V S Sarabeshwaraa",NULL,sarabeshwaraa_cp2@mail.sjctni.edu
25PCP808,25PCP3SL03,"Self - Learning: Psychological Wellbeing",2,1,26scp51,"Mr V S Sarabeshwaraa",NULL,sarabeshwaraa_cp2@mail.sjctni.edu
25PCP809,25PCP3SL03,"Self - Learning: Psychological Wellbeing",2,1,26scp51,"Mr V S Sarabeshwaraa",NULL,sarabeshwaraa_cp2@mail.sjctni.edu
25PCP810,25PCP3SL03,"Self - Learning: Psychological Wellbeing",2,1,26scp51,"Mr V S Sarabeshwaraa",NULL,sarabeshwaraa_cp2@mail.sjctni.edu
25PCP811,25PCP3SL03,"Self - Learning: Psychological Wellbeing",2,1,26scp51,"Mr V S Sarabeshwaraa",NULL,sarabeshwaraa_cp2@mail.sjctni.edu
25PCP812,25PCP3SL03,"Self - Learning: Psychological Wellbeing",2,1,26scp51,"Mr V S Sarabeshwaraa",NULL,sarabeshwaraa_cp2@mail.sjctni.edu
25PCP813,25PCP3SL03,"Self - Learning: Psychological Wellbeing",2,1,26scp51,"Mr V S Sarabeshwaraa",NULL,sarabeshwaraa_cp2@mail.sjctni.edu
25PCP814,25PCP3SL03,"Self - Learning: Psychological Wellbeing",2,1,26scp51,"Mr V S Sarabeshwaraa",NULL,sarabeshwaraa_cp2@mail.sjctni.edu
25PCP815,25PCP3SL03,"Self - Learning: Psychological Wellbeing",2,1,26scp51,"Mr V S Sarabeshwaraa",NULL,sarabeshwaraa_cp2@mail.sjctni.edu
25PCP816,25PCP3SL03,"Self - Learning: Psychological Wellbeing",2,1,26scp51,"Mr V S Sarabeshwaraa",NULL,sarabeshwaraa_cp2@mail.sjctni.edu
25PCP817,25PCP3SL03,"Self - Learning: Psychological Wellbeing",2,1,26scp51,"Mr V S Sarabeshwaraa",NULL,sarabeshwaraa_cp2@mail.sjctni.edu
25PCP818,25PCP3SL03,"Self - Learning: Psychological Wellbeing",2,1,26scp51,"Mr V S Sarabeshwaraa",NULL,sarabeshwaraa_cp2@mail.sjctni.edu
25PCP819,25PCP3SL03,"Self - Learning: Psychological Wellbeing",2,1,26scp51,"Mr V S Sarabeshwaraa",NULL,sarabeshwaraa_cp2@mail.sjctni.edu
25PCP820,25PCP3SL03,"Self - Learning: Psychological Wellbeing",2,1,26scp51,"Mr V S Sarabeshwaraa",NULL,sarabeshwaraa_cp2@mail.sjctni.edu
25PCP821,25PCP3SL03,"Self - Learning: Psychological Wellbeing",2,1,26scp51,"Mr V S Sarabeshwaraa",NULL,sarabeshwaraa_cp2@mail.sjctni.edu
25PCP822,25PCP3SL03,"Self - Learning: Psychological Wellbeing",2,1,26scp51,"Mr V S Sarabeshwaraa",NULL,sarabeshwaraa_cp2@mail.sjctni.edu
25PCP823,25PCP3SL03,"Self - Learning: Psychological Wellbeing",2,1,26scp51,"Mr V S Sarabeshwaraa",NULL,sarabeshwaraa_cp2@mail.sjctni.edu
25PCP824,25PCP3SL03,"Self - Learning: Psychological Wellbeing",2,1,26scp51,"Mr V S Sarabeshwaraa",NULL,sarabeshwaraa_cp2@mail.sjctni.edu
25PCP825,25PCP3SL03,"Self - Learning: Psychological Wellbeing",2,1,26scp51,"Mr V S Sarabeshwaraa",NULL,sarabeshwaraa_cp2@mail.sjctni.edu
25PCP826,25PCP3SL03,"Self - Learning: Psychological Wellbeing",2,1,26scp51,"Mr V S Sarabeshwaraa",NULL,sarabeshwaraa_cp2@mail.sjctni.edu
25PCP827,25PCP3SL03,"Self - Learning: Psychological Wellbeing",2,1,26scp51,"Mr V S Sarabeshwaraa",NULL,sarabeshwaraa_cp2@mail.sjctni.edu
25PCP828,25PCP3SL03,"Self - Learning: Psychological Wellbeing",2,1,26scp51,"Mr V S Sarabeshwaraa",NULL,sarabeshwaraa_cp2@mail.sjctni.edu
25PCP829,25PCP3SL03,"Self - Learning: Psychological Wellbeing",2,1,26scp51,"Mr V S Sarabeshwaraa",NULL,sarabeshwaraa_cp2@mail.sjctni.edu
25PCP830,25PCP3SL03,"Self - Learning: Psychological Wellbeing",2,1,26scp51,"Mr V S Sarabeshwaraa",NULL,sarabeshwaraa_cp2@mail.sjctni.edu
25PCP831,25PCP3SL03,"Self - Learning: Psychological Wellbeing",2,1,26scp51,"Mr V S Sarabeshwaraa",NULL,sarabeshwaraa_cp2@mail.sjctni.edu
25PCP832,25PCP3SL03,"Self - Learning: Psychological Wellbeing",2,1,26scp51,"Mr V S Sarabeshwaraa",NULL,sarabeshwaraa_cp2@mail.sjctni.edu
25PCP833,25PCP3SL03,"Self - Learning: Psychological Wellbeing",2,1,26scp51,"Mr V S Sarabeshwaraa",NULL,sarabeshwaraa_cp2@mail.sjctni.edu
25PCP834,25PCP3SL03,"Self - Learning: Psychological Wellbeing",2,1,26scp51,"Mr V S Sarabeshwaraa",NULL,sarabeshwaraa_cp2@mail.sjctni.edu
25PCP835,25PCP3SL03,"Self - Learning: Psychological Wellbeing",2,1,26scp51,"Mr V S Sarabeshwaraa",NULL,sarabeshwaraa_cp2@mail.sjctni.edu
25PCP836,25PCP3SL03,"Self - Learning: Psychological Wellbeing",2,1,26scp51,"Mr V S Sarabeshwaraa",NULL,sarabeshwaraa_cp2@mail.sjctni.edu
25PCS801,25PCS3SL03,"Self - Learning: Social Media Techniques",2,1,16TIT01,"Dr D Richard",9842495048,richard_it2@mail.sjctni.edu
25PCS802,25PCS3SL03,"Self - Learning: Social Media Techniques",2,1,16TIT01,"Dr D Richard",9842495048,richard_it2@mail.sjctni.edu
25PCS803,25PCS3SL03,"Self - Learning: Social Media Techniques",2,1,16TIT01,"Dr D Richard",9842495048,richard_it2@mail.sjctni.edu
25PCS804,25PCS3SL03,"Self - Learning: Social Media Techniques",2,1,16TIT01,"Dr D Richard",9842495048,richard_it2@mail.sjctni.edu
25PCS805,25PCS3SL03,"Self - Learning: Social Media Techniques",2,1,16TIT01,"Dr D Richard",9842495048,richard_it2@mail.sjctni.edu
25PCS806,25PCS3SL03,"Self - Learning: Social Media Techniques",2,1,16TIT01,"Dr D Richard",9842495048,richard_it2@mail.sjctni.edu
25PCS807,25PCS3SL03,"Self - Learning: Social Media Techniques",2,1,16TIT01,"Dr D Richard",9842495048,richard_it2@mail.sjctni.edu
25PCS808,25PCS3SL03,"Self - Learning: Social Media Techniques",2,1,16TIT01,"Dr D Richard",9842495048,richard_it2@mail.sjctni.edu
25PCS809,25PCS3SL03,"Self - Learning: Social Media Techniques",2,1,16TIT01,"Dr D Richard",9842495048,richard_it2@mail.sjctni.edu
25PCS810,25PCS3SL03,"Self - Learning: Social Media Techniques",2,1,16TIT01,"Dr D Richard",9842495048,richard_it2@mail.sjctni.edu
25PCS811,25PCS3SL03,"Self - Learning: Social Media Techniques",2,1,16TIT01,"Dr D Richard",9842495048,richard_it2@mail.sjctni.edu
25PCS812,25PCS3SL03,"Self - Learning: Social Media Techniques",2,1,16TIT01,"Dr D Richard",9842495048,richard_it2@mail.sjctni.edu
25PCS813,25PCS3SL03,"Self - Learning: Social Media Techniques",2,1,16TIT01,"Dr D Richard",9842495048,richard_it2@mail.sjctni.edu
25PCS814,25PCS3SL03,"Self - Learning: Social Media Techniques",2,1,16TIT01,"Dr D Richard",9842495048,richard_it2@mail.sjctni.edu
25PCS815,25PCS3SL03,"Self - Learning: Social Media Techniques",2,1,16TIT01,"Dr D Richard",9842495048,richard_it2@mail.sjctni.edu
25PCS816,25PCS3SL03,"Self - Learning: Social Media Techniques",2,1,16TIT01,"Dr D Richard",9842495048,richard_it2@mail.sjctni.edu
25PCS817,25PCS3SL03,"Self - Learning: Social Media Techniques",2,1,16TIT01,"Dr D Richard",9842495048,richard_it2@mail.sjctni.edu
25PCS818,25PCS3SL03,"Self - Learning: Social Media Techniques",2,1,16TIT01,"Dr D Richard",9842495048,richard_it2@mail.sjctni.edu
25PCS819,25PCS3SL03,"Self - Learning: Social Media Techniques",2,1,16TIT01,"Dr D Richard",9842495048,richard_it2@mail.sjctni.edu
25PCS820,25PCS3SL03,"Self - Learning: Social Media Techniques",2,1,16TIT01,"Dr D Richard",9842495048,richard_it2@mail.sjctni.edu
25PCS821,25PCS3SL03,"Self - Learning: Social Media Techniques",2,1,16TIT01,"Dr D Richard",9842495048,richard_it2@mail.sjctni.edu
25PCS822,25PCS3SL03,"Self - Learning: Social Media Techniques",2,1,16TIT01,"Dr D Richard",9842495048,richard_it2@mail.sjctni.edu
25PCS823,25PCS3SL03,"Self - Learning: Social Media Techniques",2,1,16TIT01,"Dr D Richard",9842495048,richard_it2@mail.sjctni.edu
25PCS824,25PCS3SL03,"Self - Learning: Social Media Techniques",2,1,16TIT01,"Dr D Richard",9842495048,richard_it2@mail.sjctni.edu
25PCS825,25PCS3SL03,"Self - Learning: Social Media Techniques",2,1,16TIT01,"Dr D Richard",9842495048,richard_it2@mail.sjctni.edu
25PCS826,25PCS3SL03,"Self - Learning: Social Media Techniques",2,1,16TIT01,"Dr D Richard",9842495048,richard_it2@mail.sjctni.edu
25PCS827,25PCS3SL03,"Self - Learning: Social Media Techniques",2,1,16TIT01,"Dr D Richard",9842495048,richard_it2@mail.sjctni.edu
25PCS828,25PCS3SL03,"Self - Learning: Social Media Techniques",2,1,16TIT01,"Dr D Richard",9842495048,richard_it2@mail.sjctni.edu
25PCS829,25PCS3SL03,"Self - Learning: Social Media Techniques",2,1,16TIT01,"Dr D Richard",9842495048,richard_it2@mail.sjctni.edu
25PCS830,25PCS3SL03,"Self - Learning: Social Media Techniques",2,1,16TIT01,"Dr D Richard",9842495048,richard_it2@mail.sjctni.edu
25PCS831,25PCS3SL03,"Self - Learning: Social Media Techniques",2,1,16TIT01,"Dr D Richard",9842495048,richard_it2@mail.sjctni.edu
25PCS832,25PCS3SL03,"Self - Learning: Social Media Techniques",2,1,16TIT01,"Dr D Richard",9842495048,richard_it2@mail.sjctni.edu
25PCS833,25PCS3SL03,"Self - Learning: Social Media Techniques",2,1,16TIT01,"Dr D Richard",9842495048,richard_it2@mail.sjctni.edu
25PCS834,25PCS3SL03,"Self - Learning: Social Media Techniques",2,1,16TIT01,"Dr D Richard",9842495048,richard_it2@mail.sjctni.edu
25PCS835,25PCS3SL03,"Self - Learning: Social Media Techniques",2,1,16TIT01,"Dr D Richard",9842495048,richard_it2@mail.sjctni.edu
25PCS836,25PCS3SL03,"Self - Learning: Social Media Techniques",2,1,16TIT01,"Dr D Richard",9842495048,richard_it2@mail.sjctni.edu
25PCS837,25PCS3SL03,"Self - Learning: Social Media Techniques",2,1,16TIT01,"Dr D Richard",9842495048,richard_it2@mail.sjctni.edu
25PCS838,25PCS3SL03,"Self - Learning: Social Media Techniques",2,1,16TIT01,"Dr D Richard",9842495048,richard_it2@mail.sjctni.edu
25PCS839,25PCS3SL03,"Self - Learning: Social Media Techniques",2,1,16TIT01,"Dr D Richard",9842495048,richard_it2@mail.sjctni.edu
25PCS840,25PCS3SL03,"Self - Learning: Social Media Techniques",2,1,16TIT01,"Dr D Richard",9842495048,richard_it2@mail.sjctni.edu
25PCS841,25PCS3SL03,"Self - Learning: Social Media Techniques",2,1,16TIT01,"Dr D Richard",9842495048,richard_it2@mail.sjctni.edu
25PCS842,25PCS3SL03,"Self - Learning: Social Media Techniques",2,1,16TIT01,"Dr D Richard",9842495048,richard_it2@mail.sjctni.edu
25PCS843,25PCS3SL03,"Self - Learning: Social Media Techniques",2,1,16TIT01,"Dr D Richard",9842495048,richard_it2@mail.sjctni.edu
25PCS844,25PCS3SL03,"Self - Learning: Social Media Techniques",2,1,16TIT01,"Dr D Richard",9842495048,richard_it2@mail.sjctni.edu
25PCS845,25PCS3SL03,"Self - Learning: Social Media Techniques",2,1,16TIT01,"Dr D Richard",9842495048,richard_it2@mail.sjctni.edu
25PCS846,25PCS3SL03,"Self - Learning: Social Media Techniques",2,1,16TIT01,"Dr D Richard",9842495048,richard_it2@mail.sjctni.edu
25PCS847,25PCS3SL03,"Self - Learning: Social Media Techniques",2,1,16TIT01,"Dr D Richard",9842495048,richard_it2@mail.sjctni.edu
25PCS848,25PCS3SL03,"Self - Learning: Social Media Techniques",2,1,16TIT01,"Dr D Richard",9842495048,richard_it2@mail.sjctni.edu
25PCS901,25PCS3SL03,"Self - Learning: Social Media Techniques",2,2,12TIT02,"Dr P Bastin Thiyagaraj",8973529210,bastinthiyagaraj_it2@mail.sjctni.edu
25PCS902,25PCS3SL03,"Self - Learning: Social Media Techniques",2,2,12TIT02,"Dr P Bastin Thiyagaraj",8973529210,bastinthiyagaraj_it2@mail.sjctni.edu
25PCS903,25PCS3SL03,"Self - Learning: Social Media Techniques",2,2,12TIT02,"Dr P Bastin Thiyagaraj",8973529210,bastinthiyagaraj_it2@mail.sjctni.edu
25PCS904,25PCS3SL03,"Self - Learning: Social Media Techniques",2,2,12TIT02,"Dr P Bastin Thiyagaraj",8973529210,bastinthiyagaraj_it2@mail.sjctni.edu
25PCS905,25PCS3SL03,"Self - Learning: Social Media Techniques",2,2,12TIT02,"Dr P Bastin Thiyagaraj",8973529210,bastinthiyagaraj_it2@mail.sjctni.edu
25PCS906,25PCS3SL03,"Self - Learning: Social Media Techniques",2,2,12TIT02,"Dr P Bastin Thiyagaraj",8973529210,bastinthiyagaraj_it2@mail.sjctni.edu
25PCS907,25PCS3SL03,"Self - Learning: Social Media Techniques",2,2,12TIT02,"Dr P Bastin Thiyagaraj",8973529210,bastinthiyagaraj_it2@mail.sjctni.edu
25PCS908,25PCS3SL03,"Self - Learning: Social Media Techniques",2,2,12TIT02,"Dr P Bastin Thiyagaraj",8973529210,bastinthiyagaraj_it2@mail.sjctni.edu
25PCS909,25PCS3SL03,"Self - Learning: Social Media Techniques",2,2,12TIT02,"Dr P Bastin Thiyagaraj",8973529210,bastinthiyagaraj_it2@mail.sjctni.edu
25PCS910,25PCS3SL03,"Self - Learning: Social Media Techniques",2,2,12TIT02,"Dr P Bastin Thiyagaraj",8973529210,bastinthiyagaraj_it2@mail.sjctni.edu
25PCS911,25PCS3SL03,"Self - Learning: Social Media Techniques",2,2,12TIT02,"Dr P Bastin Thiyagaraj",8973529210,bastinthiyagaraj_it2@mail.sjctni.edu
25PCS912,25PCS3SL03,"Self - Learning: Social Media Techniques",2,2,12TIT02,"Dr P Bastin Thiyagaraj",8973529210,bastinthiyagaraj_it2@mail.sjctni.edu
25PCS913,25PCS3SL03,"Self - Learning: Social Media Techniques",2,2,12TIT02,"Dr P Bastin Thiyagaraj",8973529210,bastinthiyagaraj_it2@mail.sjctni.edu
25PCS914,25PCS3SL03,"Self - Learning: Social Media Techniques",2,2,12TIT02,"Dr P Bastin Thiyagaraj",8973529210,bastinthiyagaraj_it2@mail.sjctni.edu
25PCS915,25PCS3SL03,"Self - Learning: Social Media Techniques",2,2,12TIT02,"Dr P Bastin Thiyagaraj",8973529210,bastinthiyagaraj_it2@mail.sjctni.edu
25PCS916,25PCS3SL03,"Self - Learning: Social Media Techniques",2,2,12TIT02,"Dr P Bastin Thiyagaraj",8973529210,bastinthiyagaraj_it2@mail.sjctni.edu
25PCS917,25PCS3SL03,"Self - Learning: Social Media Techniques",2,2,12TIT02,"Dr P Bastin Thiyagaraj",8973529210,bastinthiyagaraj_it2@mail.sjctni.edu
25PCS918,25PCS3SL03,"Self - Learning: Social Media Techniques",2,2,12TIT02,"Dr P Bastin Thiyagaraj",8973529210,bastinthiyagaraj_it2@mail.sjctni.edu
25PCS919,25PCS3SL03,"Self - Learning: Social Media Techniques",2,2,12TIT02,"Dr P Bastin Thiyagaraj",8973529210,bastinthiyagaraj_it2@mail.sjctni.edu
25PCS920,25PCS3SL03,"Self - Learning: Social Media Techniques",2,2,12TIT02,"Dr P Bastin Thiyagaraj",8973529210,bastinthiyagaraj_it2@mail.sjctni.edu
25PCS921,25PCS3SL03,"Self - Learning: Social Media Techniques",2,2,12TIT02,"Dr P Bastin Thiyagaraj",8973529210,bastinthiyagaraj_it2@mail.sjctni.edu
25PCS922,25PCS3SL03,"Self - Learning: Social Media Techniques",2,2,12TIT02,"Dr P Bastin Thiyagaraj",8973529210,bastinthiyagaraj_it2@mail.sjctni.edu
25PCS923,25PCS3SL03,"Self - Learning: Social Media Techniques",2,2,12TIT02,"Dr P Bastin Thiyagaraj",8973529210,bastinthiyagaraj_it2@mail.sjctni.edu
25PCS924,25PCS3SL03,"Self - Learning: Social Media Techniques",2,2,12TIT02,"Dr P Bastin Thiyagaraj",8973529210,bastinthiyagaraj_it2@mail.sjctni.edu
25PCS925,25PCS3SL03,"Self - Learning: Social Media Techniques",2,2,12TIT02,"Dr P Bastin Thiyagaraj",8973529210,bastinthiyagaraj_it2@mail.sjctni.edu
25PCS926,25PCS3SL03,"Self - Learning: Social Media Techniques",2,2,12TIT02,"Dr P Bastin Thiyagaraj",8973529210,bastinthiyagaraj_it2@mail.sjctni.edu
25PCS927,25PCS3SL03,"Self - Learning: Social Media Techniques",2,2,12TIT02,"Dr P Bastin Thiyagaraj",8973529210,bastinthiyagaraj_it2@mail.sjctni.edu
25PCS928,25PCS3SL03,"Self - Learning: Social Media Techniques",2,2,12TIT02,"Dr P Bastin Thiyagaraj",8973529210,bastinthiyagaraj_it2@mail.sjctni.edu
25PCS929,25PCS3SL03,"Self - Learning: Social Media Techniques",2,2,12TIT02,"Dr P Bastin Thiyagaraj",8973529210,bastinthiyagaraj_it2@mail.sjctni.edu
25PCS930,25PCS3SL03,"Self - Learning: Social Media Techniques",2,2,12TIT02,"Dr P Bastin Thiyagaraj",8973529210,bastinthiyagaraj_it2@mail.sjctni.edu
25PCS931,25PCS3SL03,"Self - Learning: Social Media Techniques",2,2,12TIT02,"Dr P Bastin Thiyagaraj",8973529210,bastinthiyagaraj_it2@mail.sjctni.edu
25PCS932,25PCS3SL03,"Self - Learning: Social Media Techniques",2,2,12TIT02,"Dr P Bastin Thiyagaraj",8973529210,bastinthiyagaraj_it2@mail.sjctni.edu
25PCS933,25PCS3SL03,"Self - Learning: Social Media Techniques",2,2,12TIT02,"Dr P Bastin Thiyagaraj",8973529210,bastinthiyagaraj_it2@mail.sjctni.edu
25PCS934,25PCS3SL03,"Self - Learning: Social Media Techniques",2,2,12TIT02,"Dr P Bastin Thiyagaraj",8973529210,bastinthiyagaraj_it2@mail.sjctni.edu
25PCS935,25PCS3SL03,"Self - Learning: Social Media Techniques",2,2,12TIT02,"Dr P Bastin Thiyagaraj",8973529210,bastinthiyagaraj_it2@mail.sjctni.edu
25PCS936,25PCS3SL03,"Self - Learning: Social Media Techniques",2,2,12TIT02,"Dr P Bastin Thiyagaraj",8973529210,bastinthiyagaraj_it2@mail.sjctni.edu
25PCS937,25PCS3SL03,"Self - Learning: Social Media Techniques",2,2,12TIT02,"Dr P Bastin Thiyagaraj",8973529210,bastinthiyagaraj_it2@mail.sjctni.edu
25PCS938,25PCS3SL03,"Self - Learning: Social Media Techniques",2,2,12TIT02,"Dr P Bastin Thiyagaraj",8973529210,bastinthiyagaraj_it2@mail.sjctni.edu
25PCS939,25PCS3SL03,"Self - Learning: Social Media Techniques",2,2,12TIT02,"Dr P Bastin Thiyagaraj",8973529210,bastinthiyagaraj_it2@mail.sjctni.edu
25PCS940,25PCS3SL03,"Self - Learning: Social Media Techniques",2,2,12TIT02,"Dr P Bastin Thiyagaraj",8973529210,bastinthiyagaraj_it2@mail.sjctni.edu
25PCS941,25PCS3SL03,"Self - Learning: Social Media Techniques",2,2,12TIT02,"Dr P Bastin Thiyagaraj",8973529210,bastinthiyagaraj_it2@mail.sjctni.edu
25PCS942,25PCS3SL03,"Self - Learning: Social Media Techniques",2,2,12TIT02,"Dr P Bastin Thiyagaraj",8973529210,bastinthiyagaraj_it2@mail.sjctni.edu
25PCS943,25PCS3SL03,"Self - Learning: Social Media Techniques",2,2,12TIT02,"Dr P Bastin Thiyagaraj",8973529210,bastinthiyagaraj_it2@mail.sjctni.edu
25PCS944,25PCS3SL03,"Self - Learning: Social Media Techniques",2,2,12TIT02,"Dr P Bastin Thiyagaraj",8973529210,bastinthiyagaraj_it2@mail.sjctni.edu
25PCS945,25PCS3SL03,"Self - Learning: Social Media Techniques",2,2,12TIT02,"Dr P Bastin Thiyagaraj",8973529210,bastinthiyagaraj_it2@mail.sjctni.edu
25PCS946,25PCS3SL03,"Self - Learning: Social Media Techniques",2,2,12TIT02,"Dr P Bastin Thiyagaraj",8973529210,bastinthiyagaraj_it2@mail.sjctni.edu
25PCS947,25PCS3SL03,"Self - Learning: Social Media Techniques",2,2,12TIT02,"Dr P Bastin Thiyagaraj",8973529210,bastinthiyagaraj_it2@mail.sjctni.edu
25PDS801,25PDS3SL03,"Self - Learning: MEAN Stack",2,1,21CDS51,"Dr M Kriushanth",9789169675,kriushanth_ds2@mail.sjctni.edu
25PDS802,25PDS3SL03,"Self - Learning: MEAN Stack",2,1,21CDS51,"Dr M Kriushanth",9789169675,kriushanth_ds2@mail.sjctni.edu
25PDS803,25PDS3SL03,"Self - Learning: MEAN Stack",2,1,21CDS51,"Dr M Kriushanth",9789169675,kriushanth_ds2@mail.sjctni.edu
25PDS804,25PDS3SL03,"Self - Learning: MEAN Stack",2,1,21CDS51,"Dr M Kriushanth",9789169675,kriushanth_ds2@mail.sjctni.edu
25PDS805,25PDS3SL03,"Self - Learning: MEAN Stack",2,1,21CDS51,"Dr M Kriushanth",9789169675,kriushanth_ds2@mail.sjctni.edu
25PDS806,25PDS3SL03,"Self - Learning: MEAN Stack",2,1,21CDS51,"Dr M Kriushanth",9789169675,kriushanth_ds2@mail.sjctni.edu
25PDS807,25PDS3SL03,"Self - Learning: MEAN Stack",2,1,21CDS51,"Dr M Kriushanth",9789169675,kriushanth_ds2@mail.sjctni.edu
25PDS808,25PDS3SL03,"Self - Learning: MEAN Stack",2,1,21CDS51,"Dr M Kriushanth",9789169675,kriushanth_ds2@mail.sjctni.edu
25PDS809,25PDS3SL03,"Self - Learning: MEAN Stack",2,1,21CDS51,"Dr M Kriushanth",9789169675,kriushanth_ds2@mail.sjctni.edu
25PDS810,25PDS3SL03,"Self - Learning: MEAN Stack",2,1,21CDS51,"Dr M Kriushanth",9789169675,kriushanth_ds2@mail.sjctni.edu
25PDS811,25PDS3SL03,"Self - Learning: MEAN Stack",2,1,21CDS51,"Dr M Kriushanth",9789169675,kriushanth_ds2@mail.sjctni.edu
25PDS812,25PDS3SL03,"Self - Learning: MEAN Stack",2,1,21CDS51,"Dr M Kriushanth",9789169675,kriushanth_ds2@mail.sjctni.edu
25PDS813,25PDS3SL03,"Self - Learning: MEAN Stack",2,1,21CDS51,"Dr M Kriushanth",9789169675,kriushanth_ds2@mail.sjctni.edu
25PDS814,25PDS3SL03,"Self - Learning: MEAN Stack",2,1,21CDS51,"Dr M Kriushanth",9789169675,kriushanth_ds2@mail.sjctni.edu
25PDS815,25PDS3SL03,"Self - Learning: MEAN Stack",2,1,21CDS51,"Dr M Kriushanth",9789169675,kriushanth_ds2@mail.sjctni.edu
25PDS816,25PDS3SL03,"Self - Learning: MEAN Stack",2,1,21CDS51,"Dr M Kriushanth",9789169675,kriushanth_ds2@mail.sjctni.edu
25PDS817,25PDS3SL03,"Self - Learning: MEAN Stack",2,1,21CDS51,"Dr M Kriushanth",9789169675,kriushanth_ds2@mail.sjctni.edu
25PDS818,25PDS3SL03,"Self - Learning: MEAN Stack",2,1,21CDS51,"Dr M Kriushanth",9789169675,kriushanth_ds2@mail.sjctni.edu
25PDS819,25PDS3SL03,"Self - Learning: MEAN Stack",2,1,21CDS51,"Dr M Kriushanth",9789169675,kriushanth_ds2@mail.sjctni.edu
25PDS820,25PDS3SL03,"Self - Learning: MEAN Stack",2,1,21CDS51,"Dr M Kriushanth",9789169675,kriushanth_ds2@mail.sjctni.edu
25PDS821,25PDS3SL03,"Self - Learning: MEAN Stack",2,1,21CDS51,"Dr M Kriushanth",9789169675,kriushanth_ds2@mail.sjctni.edu
25PDS822,25PDS3SL03,"Self - Learning: MEAN Stack",2,1,21CDS51,"Dr M Kriushanth",9789169675,kriushanth_ds2@mail.sjctni.edu
25PDS823,25PDS3SL03,"Self - Learning: MEAN Stack",2,1,21CDS51,"Dr M Kriushanth",9789169675,kriushanth_ds2@mail.sjctni.edu
25PDS824,25PDS3SL03,"Self - Learning: MEAN Stack",2,1,21CDS51,"Dr M Kriushanth",9789169675,kriushanth_ds2@mail.sjctni.edu
25PDS825,25PDS3SL03,"Self - Learning: MEAN Stack",2,1,21CDS51,"Dr M Kriushanth",9789169675,kriushanth_ds2@mail.sjctni.edu
25PDS826,25PDS3SL03,"Self - Learning: MEAN Stack",2,1,21CDS51,"Dr M Kriushanth",9789169675,kriushanth_ds2@mail.sjctni.edu
25PDS827,25PDS3SL03,"Self - Learning: MEAN Stack",2,1,21CDS51,"Dr M Kriushanth",9789169675,kriushanth_ds2@mail.sjctni.edu
25PDS828,25PDS3SL03,"Self - Learning: MEAN Stack",2,1,21CDS51,"Dr M Kriushanth",9789169675,kriushanth_ds2@mail.sjctni.edu
25PDS829,25PDS3SL03,"Self - Learning: MEAN Stack",2,1,21CDS51,"Dr M Kriushanth",9789169675,kriushanth_ds2@mail.sjctni.edu
25PDS830,25PDS3SL03,"Self - Learning: MEAN Stack",2,1,21CDS51,"Dr M Kriushanth",9789169675,kriushanth_ds2@mail.sjctni.edu
25PDS831,25PDS3SL03,"Self - Learning: MEAN Stack",2,1,21CDS51,"Dr M Kriushanth",9789169675,kriushanth_ds2@mail.sjctni.edu
25PDS832,25PDS3SL03,"Self - Learning: MEAN Stack",2,1,21CDS51,"Dr M Kriushanth",9789169675,kriushanth_ds2@mail.sjctni.edu
25PDS833,25PDS3SL03,"Self - Learning: MEAN Stack",2,1,21CDS51,"Dr M Kriushanth",9789169675,kriushanth_ds2@mail.sjctni.edu
25PDS834,25PDS3SL03,"Self - Learning: MEAN Stack",2,1,21CDS51,"Dr M Kriushanth",9789169675,kriushanth_ds2@mail.sjctni.edu
25PDS835,25PDS3SL03,"Self - Learning: MEAN Stack",2,1,21CDS51,"Dr M Kriushanth",9789169675,kriushanth_ds2@mail.sjctni.edu
25PDS836,25PDS3SL03,"Self - Learning: MEAN Stack",2,1,21CDS51,"Dr M Kriushanth",9789169675,kriushanth_ds2@mail.sjctni.edu
25PDS837,25PDS3SL03,"Self - Learning: MEAN Stack",2,1,21CDS51,"Dr M Kriushanth",9789169675,kriushanth_ds2@mail.sjctni.edu
25PDS838,25PDS3SL03,"Self - Learning: MEAN Stack",2,1,21CDS51,"Dr M Kriushanth",9789169675,kriushanth_ds2@mail.sjctni.edu
25PDS839,25PDS3SL03,"Self - Learning: MEAN Stack",2,1,21CDS51,"Dr M Kriushanth",9789169675,kriushanth_ds2@mail.sjctni.edu
25PDS840,25PDS3SL03,"Self - Learning: MEAN Stack",2,1,21CDS51,"Dr M Kriushanth",9789169675,kriushanth_ds2@mail.sjctni.edu
25PDS841,25PDS3SL03,"Self - Learning: MEAN Stack",2,1,21CDS51,"Dr M Kriushanth",9789169675,kriushanth_ds2@mail.sjctni.edu
25PDS842,25PDS3SL03,"Self - Learning: MEAN Stack",2,1,21CDS51,"Dr M Kriushanth",9789169675,kriushanth_ds2@mail.sjctni.edu
25PDS843,25PDS3SL03,"Self - Learning: MEAN Stack",2,1,21CDS51,"Dr M Kriushanth",9789169675,kriushanth_ds2@mail.sjctni.edu
25PDS844,25PDS3SL03,"Self - Learning: MEAN Stack",2,1,21CDS51,"Dr M Kriushanth",9789169675,kriushanth_ds2@mail.sjctni.edu
25PDS845,25PDS3SL03,"Self - Learning: MEAN Stack",2,1,21CDS51,"Dr M Kriushanth",9789169675,kriushanth_ds2@mail.sjctni.edu
25PDS846,25PDS3SL03,"Self - Learning: MEAN Stack",2,1,21CDS51,"Dr M Kriushanth",9789169675,kriushanth_ds2@mail.sjctni.edu
25PDS847,25PDS3SL03,"Self - Learning: MEAN Stack",2,1,21CDS51,"Dr M Kriushanth",9789169675,kriushanth_ds2@mail.sjctni.edu
25PDS848,25PDS3SL03,"Self - Learning: MEAN Stack",2,1,21CDS51,"Dr M Kriushanth",9789169675,kriushanth_ds2@mail.sjctni.edu
25PDS849,25PDS3SL03,"Self - Learning: MEAN Stack",2,1,21CDS51,"Dr M Kriushanth",9789169675,kriushanth_ds2@mail.sjctni.edu
25PDS850,25PDS3SL03,"Self - Learning: MEAN Stack",2,1,21CDS51,"Dr M Kriushanth",9789169675,kriushanth_ds2@mail.sjctni.edu
25PDS851,25PDS3SL03,"Self - Learning: MEAN Stack",2,1,21CDS51,"Dr M Kriushanth",9789169675,kriushanth_ds2@mail.sjctni.edu
25PDS852,25PDS3SL03,"Self - Learning: MEAN Stack",2,1,21CDS51,"Dr M Kriushanth",9789169675,kriushanth_ds2@mail.sjctni.edu
25PDS853,25PDS3SL03,"Self - Learning: MEAN Stack",2,1,21CDS51,"Dr M Kriushanth",9789169675,kriushanth_ds2@mail.sjctni.edu
25PEC101,25PEC3SL03,"Self - Learning",1,1,14FEC01,"Dr J Vasantha Arockia Selvi",9865073428,vasanthaarockiaselvi_ec1@mail.sjctni.edu
25PEC102,25PEC3SL03,"Self - Learning",1,1,14FEC01,"Dr J Vasantha Arockia Selvi",9865073428,vasanthaarockiaselvi_ec1@mail.sjctni.edu
25PEC103,25PEC3SL03,"Self - Learning",1,1,14FEC01,"Dr J Vasantha Arockia Selvi",9865073428,vasanthaarockiaselvi_ec1@mail.sjctni.edu
25PEC104,25PEC3SL03,"Self - Learning",1,1,14FEC01,"Dr J Vasantha Arockia Selvi",9865073428,vasanthaarockiaselvi_ec1@mail.sjctni.edu
25PEC105,25PEC3SL03,"Self - Learning",1,1,14FEC01,"Dr J Vasantha Arockia Selvi",9865073428,vasanthaarockiaselvi_ec1@mail.sjctni.edu
25PEC106,25PEC3SL03,"Self - Learning",1,1,14FEC01,"Dr J Vasantha Arockia Selvi",9865073428,vasanthaarockiaselvi_ec1@mail.sjctni.edu
25PEC107,25PEC3SL03,"Self - Learning",1,1,14FEC01,"Dr J Vasantha Arockia Selvi",9865073428,vasanthaarockiaselvi_ec1@mail.sjctni.edu
25PEC108,25PEC3SL03,"Self - Learning",1,1,14FEC01,"Dr J Vasantha Arockia Selvi",9865073428,vasanthaarockiaselvi_ec1@mail.sjctni.edu
25PEC109,25PEC3SL03,"Self - Learning",1,1,14FEC01,"Dr J Vasantha Arockia Selvi",9865073428,vasanthaarockiaselvi_ec1@mail.sjctni.edu
25PEC110,25PEC3SL03,"Self - Learning",1,1,14FEC01,"Dr J Vasantha Arockia Selvi",9865073428,vasanthaarockiaselvi_ec1@mail.sjctni.edu
25PEC111,25PEC3SL03,"Self - Learning",1,1,14FEC01,"Dr J Vasantha Arockia Selvi",9865073428,vasanthaarockiaselvi_ec1@mail.sjctni.edu
25PEL801,25PEL3SL03A,"Self - Learning: Programmable Logic Controller",2,1,20CEL51,"Dr P Subbuthai",NULL,subbuthai_el2@mail.sjctni.edu
25PEL802,25PEL3SL03A,"Self - Learning: Programmable Logic Controller",2,1,20CEL51,"Dr P Subbuthai",NULL,subbuthai_el2@mail.sjctni.edu
25PEL803,25PEL3SL03A,"Self - Learning: Programmable Logic Controller",2,1,20CEL51,"Dr P Subbuthai",NULL,subbuthai_el2@mail.sjctni.edu
25PEL804,25PEL3SL03A,"Self - Learning: Programmable Logic Controller",2,1,20CEL51,"Dr P Subbuthai",NULL,subbuthai_el2@mail.sjctni.edu
25PEL805,25PEL3SL03A,"Self - Learning: Programmable Logic Controller",2,1,20CEL51,"Dr P Subbuthai",NULL,subbuthai_el2@mail.sjctni.edu
25PEL806,25PEL3SL03A,"Self - Learning: Programmable Logic Controller",2,1,20CEL51,"Dr P Subbuthai",NULL,subbuthai_el2@mail.sjctni.edu
25PEL807,25PEL3SL03A,"Self - Learning: Programmable Logic Controller",2,1,20CEL51,"Dr P Subbuthai",NULL,subbuthai_el2@mail.sjctni.edu
25PEL808,25PEL3SL03A,"Self - Learning: Programmable Logic Controller",2,1,20CEL51,"Dr P Subbuthai",NULL,subbuthai_el2@mail.sjctni.edu
25PEL809,25PEL3SL03A,"Self - Learning: Programmable Logic Controller",2,1,20CEL51,"Dr P Subbuthai",NULL,subbuthai_el2@mail.sjctni.edu
25PEL810,25PEL3SL03A,"Self - Learning: Programmable Logic Controller",2,1,20CEL51,"Dr P Subbuthai",NULL,subbuthai_el2@mail.sjctni.edu
25PEL811,25PEL3SL03A,"Self - Learning: Programmable Logic Controller",2,1,20CEL51,"Dr P Subbuthai",NULL,subbuthai_el2@mail.sjctni.edu
25PEL812,25PEL3SL03A,"Self - Learning: Programmable Logic Controller",2,1,20CEL51,"Dr P Subbuthai",NULL,subbuthai_el2@mail.sjctni.edu
25PEL813,25PEL3SL03A,"Self - Learning: Programmable Logic Controller",2,1,20CEL51,"Dr P Subbuthai",NULL,subbuthai_el2@mail.sjctni.edu
25PEL814,25PEL3SL03A,"Self - Learning: Programmable Logic Controller",2,1,20CEL51,"Dr P Subbuthai",NULL,subbuthai_el2@mail.sjctni.edu
25PEL815,25PEL3SL03A,"Self - Learning: Programmable Logic Controller",2,1,20CEL51,"Dr P Subbuthai",NULL,subbuthai_el2@mail.sjctni.edu
25PEL816,25PEL3SL03A,"Self - Learning: Programmable Logic Controller",2,1,20CEL51,"Dr P Subbuthai",NULL,subbuthai_el2@mail.sjctni.edu
25PEL817,25PEL3SL03A,"Self - Learning: Programmable Logic Controller",2,1,20CEL51,"Dr P Subbuthai",NULL,subbuthai_el2@mail.sjctni.edu
25PEL818,25PEL3SL03A,"Self - Learning: Programmable Logic Controller",2,1,20CEL51,"Dr P Subbuthai",NULL,subbuthai_el2@mail.sjctni.edu
25PEL819,25PEL3SL03A,"Self - Learning: Programmable Logic Controller",2,1,20CEL51,"Dr P Subbuthai",NULL,subbuthai_el2@mail.sjctni.edu
25PEL820,25PEL3SL03A,"Self - Learning: Programmable Logic Controller",2,1,20CEL51,"Dr P Subbuthai",NULL,subbuthai_el2@mail.sjctni.edu
25PEL821,25PEL3SL03A,"Self - Learning: Programmable Logic Controller",2,1,20CEL51,"Dr P Subbuthai",NULL,subbuthai_el2@mail.sjctni.edu
25PEN101,25PEN3SL03,"Self - Learning: Children’s Literature",1,1,21FEN01,"Ms G Annie Rose",8110076743,annierose_en1@mail.sjctni.edu
25PEN102,25PEN3SL03,"Self - Learning: Children’s Literature",1,1,21FEN01,"Ms G Annie Rose",8110076743,annierose_en1@mail.sjctni.edu
25PEN103,25PEN3SL03,"Self - Learning: Children’s Literature",1,1,21FEN01,"Ms G Annie Rose",8110076743,annierose_en1@mail.sjctni.edu
25PEN104,25PEN3SL03,"Self - Learning: Children’s Literature",1,1,21FEN01,"Ms G Annie Rose",8110076743,annierose_en1@mail.sjctni.edu
25PEN105,25PEN3SL03,"Self - Learning: Children’s Literature",1,1,21FEN01,"Ms G Annie Rose",8110076743,annierose_en1@mail.sjctni.edu
25PEN106,25PEN3SL03,"Self - Learning: Children’s Literature",1,1,21FEN01,"Ms G Annie Rose",8110076743,annierose_en1@mail.sjctni.edu
25PEN107,25PEN3SL03,"Self - Learning: Children’s Literature",1,1,21FEN01,"Ms G Annie Rose",8110076743,annierose_en1@mail.sjctni.edu
25PEN108,25PEN3SL03,"Self - Learning: Children’s Literature",1,1,21FEN01,"Ms G Annie Rose",8110076743,annierose_en1@mail.sjctni.edu
25PEN109,25PEN3SL03,"Self - Learning: Children’s Literature",1,1,21FEN01,"Ms G Annie Rose",8110076743,annierose_en1@mail.sjctni.edu
25PEN110,25PEN3SL03,"Self - Learning: Children’s Literature",1,1,21FEN01,"Ms G Annie Rose",8110076743,annierose_en1@mail.sjctni.edu
25PEN111,25PEN3SL03,"Self - Learning: Children’s Literature",1,1,21FEN01,"Ms G Annie Rose",8110076743,annierose_en1@mail.sjctni.edu
25PEN112,25PEN3SL03,"Self - Learning: Children’s Literature",1,1,21FEN01,"Ms G Annie Rose",8110076743,annierose_en1@mail.sjctni.edu
25PEN113,25PEN3SL03,"Self - Learning: Children’s Literature",1,1,21FEN01,"Ms G Annie Rose",8110076743,annierose_en1@mail.sjctni.edu
25PEN114,25PEN3SL03,"Self - Learning: Children’s Literature",1,1,21FEN01,"Ms G Annie Rose",8110076743,annierose_en1@mail.sjctni.edu
25PEN115,25PEN3SL03,"Self - Learning: Children’s Literature",1,1,21FEN01,"Ms G Annie Rose",8110076743,annierose_en1@mail.sjctni.edu
25PEN116,25PEN3SL03,"Self - Learning: Children’s Literature",1,1,21FEN01,"Ms G Annie Rose",8110076743,annierose_en1@mail.sjctni.edu
25PEN117,25PEN3SL03,"Self - Learning: Children’s Literature",1,1,21FEN01,"Ms G Annie Rose",8110076743,annierose_en1@mail.sjctni.edu
25PEN118,25PEN3SL03,"Self - Learning: Children’s Literature",1,1,21FEN01,"Ms G Annie Rose",8110076743,annierose_en1@mail.sjctni.edu
25PEN119,25PEN3SL03,"Self - Learning: Children’s Literature",1,1,21FEN01,"Ms G Annie Rose",8110076743,annierose_en1@mail.sjctni.edu
25PEN120,25PEN3SL03,"Self - Learning: Children’s Literature",1,1,21FEN01,"Ms G Annie Rose",8110076743,annierose_en1@mail.sjctni.edu
25PEN121,25PEN3SL03,"Self - Learning: Children’s Literature",1,1,21FEN01,"Ms G Annie Rose",8110076743,annierose_en1@mail.sjctni.edu
25PEN122,25PEN3SL03,"Self - Learning: Children’s Literature",1,1,21FEN01,"Ms G Annie Rose",8110076743,annierose_en1@mail.sjctni.edu
25PEN123,25PEN3SL03,"Self - Learning: Children’s Literature",1,1,21FEN01,"Ms G Annie Rose",8110076743,annierose_en1@mail.sjctni.edu
25PEN124,25PEN3SL03,"Self - Learning: Children’s Literature",1,1,21FEN01,"Ms G Annie Rose",8110076743,annierose_en1@mail.sjctni.edu
25PEN125,25PEN3SL03,"Self - Learning: Children’s Literature",1,1,21FEN01,"Ms G Annie Rose",8110076743,annierose_en1@mail.sjctni.edu
25PEN126,25PEN3SL03,"Self - Learning: Children’s Literature",1,1,21FEN01,"Ms G Annie Rose",8110076743,annierose_en1@mail.sjctni.edu
25PEN127,25PEN3SL03,"Self - Learning: Children’s Literature",1,1,21FEN01,"Ms G Annie Rose",8110076743,annierose_en1@mail.sjctni.edu
25PEN128,25PEN3SL03,"Self - Learning: Children’s Literature",1,1,21FEN01,"Ms G Annie Rose",8110076743,annierose_en1@mail.sjctni.edu
25PEN129,25PEN3SL03,"Self - Learning: Children’s Literature",1,1,21FEN01,"Ms G Annie Rose",8110076743,annierose_en1@mail.sjctni.edu
25PEN130,25PEN3SL03,"Self - Learning: Children’s Literature",1,1,21FEN01,"Ms G Annie Rose",8110076743,annierose_en1@mail.sjctni.edu
25PEN131,25PEN3SL03,"Self - Learning: Children’s Literature",1,1,21FEN01,"Ms G Annie Rose",8110076743,annierose_en1@mail.sjctni.edu
25PEN132,25PEN3SL03,"Self - Learning: Children’s Literature",1,1,21FEN01,"Ms G Annie Rose",8110076743,annierose_en1@mail.sjctni.edu
25PEN133,25PEN3SL03,"Self - Learning: Children’s Literature",1,1,21FEN01,"Ms G Annie Rose",8110076743,annierose_en1@mail.sjctni.edu
25PEN134,25PEN3SL03,"Self - Learning: Children’s Literature",1,1,21FEN01,"Ms G Annie Rose",8110076743,annierose_en1@mail.sjctni.edu
25PEN135,25PEN3SL03,"Self - Learning: Children’s Literature",1,1,21FEN01,"Ms G Annie Rose",8110076743,annierose_en1@mail.sjctni.edu
25PEN136,25PEN3SL03,"Self - Learning: Children’s Literature",1,1,21FEN01,"Ms G Annie Rose",8110076743,annierose_en1@mail.sjctni.edu
25PEN137,25PEN3SL03,"Self - Learning: Children’s Literature",1,1,21FEN01,"Ms G Annie Rose",8110076743,annierose_en1@mail.sjctni.edu
25PEN138,25PEN3SL03,"Self - Learning: Children’s Literature",1,1,21FEN01,"Ms G Annie Rose",8110076743,annierose_en1@mail.sjctni.edu
25PEN139,25PEN3SL03,"Self - Learning: Children’s Literature",1,1,21FEN01,"Ms G Annie Rose",8110076743,annierose_en1@mail.sjctni.edu
25PEN140,25PEN3SL03,"Self - Learning: Children’s Literature",1,1,21FEN01,"Ms G Annie Rose",8110076743,annierose_en1@mail.sjctni.edu
25PEN801,25PEN3SL03,"Self - Learning: Children’s Literature",2,1,26SEN52,"Ms J Aldris Angelin",7538878776,aldrisangelin_en2@mail.sjctni.edu
25PEN802,25PEN3SL03,"Self - Learning: Children’s Literature",2,1,26SEN52,"Ms J Aldris Angelin",7538878776,aldrisangelin_en2@mail.sjctni.edu
25PEN803,25PEN3SL03,"Self - Learning: Children’s Literature",2,1,26SEN52,"Ms J Aldris Angelin",7538878776,aldrisangelin_en2@mail.sjctni.edu
25PEN804,25PEN3SL03,"Self - Learning: Children’s Literature",2,1,26SEN52,"Ms J Aldris Angelin",7538878776,aldrisangelin_en2@mail.sjctni.edu
25PEN805,25PEN3SL03,"Self - Learning: Children’s Literature",2,1,26SEN52,"Ms J Aldris Angelin",7538878776,aldrisangelin_en2@mail.sjctni.edu
25PEN806,25PEN3SL03,"Self - Learning: Children’s Literature",2,1,26SEN52,"Ms J Aldris Angelin",7538878776,aldrisangelin_en2@mail.sjctni.edu
25PEN807,25PEN3SL03,"Self - Learning: Children’s Literature",2,1,26SEN52,"Ms J Aldris Angelin",7538878776,aldrisangelin_en2@mail.sjctni.edu
25PEN808,25PEN3SL03,"Self - Learning: Children’s Literature",2,1,26SEN52,"Ms J Aldris Angelin",7538878776,aldrisangelin_en2@mail.sjctni.edu
25PEN809,25PEN3SL03,"Self - Learning: Children’s Literature",2,1,26SEN52,"Ms J Aldris Angelin",7538878776,aldrisangelin_en2@mail.sjctni.edu
25PEN810,25PEN3SL03,"Self - Learning: Children’s Literature",2,1,26SEN52,"Ms J Aldris Angelin",7538878776,aldrisangelin_en2@mail.sjctni.edu
25PEN812,25PEN3SL03,"Self - Learning: Children’s Literature",2,1,26SEN52,"Ms J Aldris Angelin",7538878776,aldrisangelin_en2@mail.sjctni.edu
25PEN813,25PEN3SL03,"Self - Learning: Children’s Literature",2,1,26SEN52,"Ms J Aldris Angelin",7538878776,aldrisangelin_en2@mail.sjctni.edu
25PEN814,25PEN3SL03,"Self - Learning: Children’s Literature",2,1,26SEN52,"Ms J Aldris Angelin",7538878776,aldrisangelin_en2@mail.sjctni.edu
25PEN816,25PEN3SL03,"Self - Learning: Children’s Literature",2,1,26SEN52,"Ms J Aldris Angelin",7538878776,aldrisangelin_en2@mail.sjctni.edu
25PEN817,25PEN3SL03,"Self - Learning: Children’s Literature",2,1,26SEN52,"Ms J Aldris Angelin",7538878776,aldrisangelin_en2@mail.sjctni.edu
25PEN818,25PEN3SL03,"Self - Learning: Children’s Literature",2,1,26SEN52,"Ms J Aldris Angelin",7538878776,aldrisangelin_en2@mail.sjctni.edu
25PEN819,25PEN3SL03,"Self - Learning: Children’s Literature",2,1,26SEN52,"Ms J Aldris Angelin",7538878776,aldrisangelin_en2@mail.sjctni.edu
25PEN821,25PEN3SL03,"Self - Learning: Children’s Literature",2,1,26SEN52,"Ms J Aldris Angelin",7538878776,aldrisangelin_en2@mail.sjctni.edu
25PEN822,25PEN3SL03,"Self - Learning: Children’s Literature",2,1,26SEN52,"Ms J Aldris Angelin",7538878776,aldrisangelin_en2@mail.sjctni.edu
25PEN823,25PEN3SL03,"Self - Learning: Children’s Literature",2,1,26SEN52,"Ms J Aldris Angelin",7538878776,aldrisangelin_en2@mail.sjctni.edu
25PEN824,25PEN3SL03,"Self - Learning: Children’s Literature",2,1,26SEN52,"Ms J Aldris Angelin",7538878776,aldrisangelin_en2@mail.sjctni.edu
25PEN825,25PEN3SL03,"Self - Learning: Children’s Literature",2,1,26SEN52,"Ms J Aldris Angelin",7538878776,aldrisangelin_en2@mail.sjctni.edu
25PEN826,25PEN3SL03,"Self - Learning: Children’s Literature",2,1,26SEN52,"Ms J Aldris Angelin",7538878776,aldrisangelin_en2@mail.sjctni.edu
25PEN827,25PEN3SL03,"Self - Learning: Children’s Literature",2,1,26SEN52,"Ms J Aldris Angelin",7538878776,aldrisangelin_en2@mail.sjctni.edu
25PEN828,25PEN3SL03,"Self - Learning: Children’s Literature",2,1,26SEN52,"Ms J Aldris Angelin",7538878776,aldrisangelin_en2@mail.sjctni.edu
25PHR101,25PHR3SL03,"Self - Learning: Talent Management",1,1,13FHR02,"Mr G Louis Victor",9445776442,louisvictor_hr1@mail.sjctni.edu
25PHR102,25PHR3SL03,"Self - Learning: Talent Management",1,1,13FHR02,"Mr G Louis Victor",9445776442,louisvictor_hr1@mail.sjctni.edu
25PHR103,25PHR3SL03,"Self - Learning: Talent Management",1,1,13FHR02,"Mr G Louis Victor",9445776442,louisvictor_hr1@mail.sjctni.edu
25PHR104,25PHR3SL03,"Self - Learning: Talent Management",1,1,13FHR02,"Mr G Louis Victor",9445776442,louisvictor_hr1@mail.sjctni.edu
25PHR105,25PHR3SL03,"Self - Learning: Talent Management",1,1,13FHR02,"Mr G Louis Victor",9445776442,louisvictor_hr1@mail.sjctni.edu
25PHR106,25PHR3SL03,"Self - Learning: Talent Management",1,1,13FHR02,"Mr G Louis Victor",9445776442,louisvictor_hr1@mail.sjctni.edu
25PHR107,25PHR3SL03,"Self - Learning: Talent Management",1,1,13FHR02,"Mr G Louis Victor",9445776442,louisvictor_hr1@mail.sjctni.edu
25PHR108,25PHR3SL03,"Self - Learning: Talent Management",1,1,13FHR02,"Mr G Louis Victor",9445776442,louisvictor_hr1@mail.sjctni.edu
25PHR109,25PHR3SL03,"Self - Learning: Talent Management",1,1,13FHR02,"Mr G Louis Victor",9445776442,louisvictor_hr1@mail.sjctni.edu
25PHR110,25PHR3SL03,"Self - Learning: Talent Management",1,1,13FHR02,"Mr G Louis Victor",9445776442,louisvictor_hr1@mail.sjctni.edu
25PHR111,25PHR3SL03,"Self - Learning: Talent Management",1,1,13FHR02,"Mr G Louis Victor",9445776442,louisvictor_hr1@mail.sjctni.edu
25PHR112,25PHR3SL03,"Self - Learning: Talent Management",1,1,13FHR02,"Mr G Louis Victor",9445776442,louisvictor_hr1@mail.sjctni.edu
25PHR113,25PHR3SL03,"Self - Learning: Talent Management",1,1,13FHR02,"Mr G Louis Victor",9445776442,louisvictor_hr1@mail.sjctni.edu
25PHR114,25PHR3SL03,"Self - Learning: Talent Management",1,1,13FHR02,"Mr G Louis Victor",9445776442,louisvictor_hr1@mail.sjctni.edu
25PHR115,25PHR3SL03,"Self - Learning: Talent Management",1,1,13FHR02,"Mr G Louis Victor",9445776442,louisvictor_hr1@mail.sjctni.edu
25PHR116,25PHR3SL03,"Self - Learning: Talent Management",1,1,13FHR02,"Mr G Louis Victor",9445776442,louisvictor_hr1@mail.sjctni.edu
25PHR117,25PHR3SL03,"Self - Learning: Talent Management",1,1,13FHR02,"Mr G Louis Victor",9445776442,louisvictor_hr1@mail.sjctni.edu
25PHR118,25PHR3SL03,"Self - Learning: Talent Management",1,1,13FHR02,"Mr G Louis Victor",9445776442,louisvictor_hr1@mail.sjctni.edu
25PHR119,25PHR3SL03,"Self - Learning: Talent Management",1,1,13FHR02,"Mr G Louis Victor",9445776442,louisvictor_hr1@mail.sjctni.edu
25PHR120,25PHR3SL03,"Self - Learning: Talent Management",1,1,13FHR02,"Mr G Louis Victor",9445776442,louisvictor_hr1@mail.sjctni.edu
25PHR121,25PHR3SL03,"Self - Learning: Talent Management",1,1,13FHR02,"Mr G Louis Victor",9445776442,louisvictor_hr1@mail.sjctni.edu
25PHR122,25PHR3SL03,"Self - Learning: Talent Management",1,1,13FHR02,"Mr G Louis Victor",9445776442,louisvictor_hr1@mail.sjctni.edu
25PHR123,25PHR3SL03,"Self - Learning: Talent Management",1,1,13FHR02,"Mr G Louis Victor",9445776442,louisvictor_hr1@mail.sjctni.edu
25PHR124,25PHR3SL03,"Self - Learning: Talent Management",1,1,13FHR02,"Mr G Louis Victor",9445776442,louisvictor_hr1@mail.sjctni.edu
25PHR125,25PHR3SL03,"Self - Learning: Talent Management",1,1,13FHR02,"Mr G Louis Victor",9445776442,louisvictor_hr1@mail.sjctni.edu
25PHR126,25PHR3SL03,"Self - Learning: Talent Management",1,1,13FHR02,"Mr G Louis Victor",9445776442,louisvictor_hr1@mail.sjctni.edu
25PHR127,25PHR3SL03,"Self - Learning: Talent Management",1,1,13FHR02,"Mr G Louis Victor",9445776442,louisvictor_hr1@mail.sjctni.edu
25PHR128,25PHR3SL03,"Self - Learning: Talent Management",1,1,13FHR02,"Mr G Louis Victor",9445776442,louisvictor_hr1@mail.sjctni.edu
25PHR130,25PHR3SL03,"Self - Learning: Talent Management",1,1,13FHR02,"Mr G Louis Victor",9445776442,louisvictor_hr1@mail.sjctni.edu
25PHR131,25PHR3SL03,"Self - Learning: Talent Management",1,1,13FHR02,"Mr G Louis Victor",9445776442,louisvictor_hr1@mail.sjctni.edu
25PHR132,25PHR3SL03,"Self - Learning: Talent Management",1,1,13FHR02,"Mr G Louis Victor",9445776442,louisvictor_hr1@mail.sjctni.edu
25PHR133,25PHR3SL03,"Self - Learning: Talent Management",1,1,13FHR02,"Mr G Louis Victor",9445776442,louisvictor_hr1@mail.sjctni.edu
25PHR134,25PHR3SL03,"Self - Learning: Talent Management",1,1,13FHR02,"Mr G Louis Victor",9445776442,louisvictor_hr1@mail.sjctni.edu
25PHR135,25PHR3SL03,"Self - Learning: Talent Management",1,1,13FHR02,"Mr G Louis Victor",9445776442,louisvictor_hr1@mail.sjctni.edu
25PHR136,25PHR3SL03,"Self - Learning: Talent Management",1,1,13FHR02,"Mr G Louis Victor",9445776442,louisvictor_hr1@mail.sjctni.edu
25PHR137,25PHR3SL03,"Self - Learning: Talent Management",1,1,13FHR02,"Mr G Louis Victor",9445776442,louisvictor_hr1@mail.sjctni.edu
25PHR138,25PHR3SL03,"Self - Learning: Talent Management",1,1,13FHR02,"Mr G Louis Victor",9445776442,louisvictor_hr1@mail.sjctni.edu
25PHR139,25PHR3SL03,"Self - Learning: Talent Management",1,1,13FHR02,"Mr G Louis Victor",9445776442,louisvictor_hr1@mail.sjctni.edu
25PHR801,25PHR3SL03,"Self - Learning: Talent Management",2,1,13FHR02,"Mr G Louis Victor",9445776442,louisvictor_hr1@mail.sjctni.edu
25PHR802,25PHR3SL03,"Self - Learning: Talent Management",2,1,13FHR02,"Mr G Louis Victor",9445776442,louisvictor_hr1@mail.sjctni.edu
25PHR803,25PHR3SL03,"Self - Learning: Talent Management",2,1,13FHR02,"Mr G Louis Victor",9445776442,louisvictor_hr1@mail.sjctni.edu
25PHR804,25PHR3SL03,"Self - Learning: Talent Management",2,1,13FHR02,"Mr G Louis Victor",9445776442,louisvictor_hr1@mail.sjctni.edu
25PHR805,25PHR3SL03,"Self - Learning: Talent Management",2,1,13FHR02,"Mr G Louis Victor",9445776442,louisvictor_hr1@mail.sjctni.edu
25PHR806,25PHR3SL03,"Self - Learning: Talent Management",2,1,13FHR02,"Mr G Louis Victor",9445776442,louisvictor_hr1@mail.sjctni.edu
25PHR807,25PHR3SL03,"Self - Learning: Talent Management",2,1,13FHR02,"Mr G Louis Victor",9445776442,louisvictor_hr1@mail.sjctni.edu
25PHR808,25PHR3SL03,"Self - Learning: Talent Management",2,1,13FHR02,"Mr G Louis Victor",9445776442,louisvictor_hr1@mail.sjctni.edu
25PHR809,25PHR3SL03,"Self - Learning: Talent Management",2,1,13FHR02,"Mr G Louis Victor",9445776442,louisvictor_hr1@mail.sjctni.edu
25PHR810,25PHR3SL03,"Self - Learning: Talent Management",2,1,13FHR02,"Mr G Louis Victor",9445776442,louisvictor_hr1@mail.sjctni.edu
25PHR811,25PHR3SL03,"Self - Learning: Talent Management",2,1,13FHR02,"Mr G Louis Victor",9445776442,louisvictor_hr1@mail.sjctni.edu
25PHR812,25PHR3SL03,"Self - Learning: Talent Management",2,1,13FHR02,"Mr G Louis Victor",9445776442,louisvictor_hr1@mail.sjctni.edu
25PHR813,25PHR3SL03,"Self - Learning: Talent Management",2,1,13FHR02,"Mr G Louis Victor",9445776442,louisvictor_hr1@mail.sjctni.edu
25PHR814,25PHR3SL03,"Self - Learning: Talent Management",2,1,13FHR02,"Mr G Louis Victor",9445776442,louisvictor_hr1@mail.sjctni.edu
25PHR815,25PHR3SL03,"Self - Learning: Talent Management",2,1,13FHR02,"Mr G Louis Victor",9445776442,louisvictor_hr1@mail.sjctni.edu
25PHR816,25PHR3SL03,"Self - Learning: Talent Management",2,1,13FHR02,"Mr G Louis Victor",9445776442,louisvictor_hr1@mail.sjctni.edu
25PHR818,25PHR3SL03,"Self - Learning: Talent Management",2,1,13FHR02,"Mr G Louis Victor",9445776442,louisvictor_hr1@mail.sjctni.edu
25PHR819,25PHR3SL03,"Self - Learning: Talent Management",2,1,13FHR02,"Mr G Louis Victor",9445776442,louisvictor_hr1@mail.sjctni.edu
25PHR820,25PHR3SL03,"Self - Learning: Talent Management",2,1,13FHR02,"Mr G Louis Victor",9445776442,louisvictor_hr1@mail.sjctni.edu
25PHR821,25PHR3SL03,"Self - Learning: Talent Management",2,1,13FHR02,"Mr G Louis Victor",9445776442,louisvictor_hr1@mail.sjctni.edu
25PHR822,25PHR3SL03,"Self - Learning: Talent Management",2,1,13FHR02,"Mr G Louis Victor",9445776442,louisvictor_hr1@mail.sjctni.edu
25PHR823,25PHR3SL03,"Self - Learning: Talent Management",2,1,13FHR02,"Mr G Louis Victor",9445776442,louisvictor_hr1@mail.sjctni.edu
25PHR824,25PHR3SL03,"Self - Learning: Talent Management",2,1,13FHR02,"Mr G Louis Victor",9445776442,louisvictor_hr1@mail.sjctni.edu
25PHR825,25PHR3SL03,"Self - Learning: Talent Management",2,1,13FHR02,"Mr G Louis Victor",9445776442,louisvictor_hr1@mail.sjctni.edu
25PHR826,25PHR3SL03,"Self - Learning: Talent Management",2,1,13FHR02,"Mr G Louis Victor",9445776442,louisvictor_hr1@mail.sjctni.edu
25PHR827,25PHR3SL03,"Self - Learning: Talent Management",2,1,13FHR02,"Mr G Louis Victor",9445776442,louisvictor_hr1@mail.sjctni.edu
25PHR828,25PHR3SL03,"Self - Learning: Talent Management",2,1,13FHR02,"Mr G Louis Victor",9445776442,louisvictor_hr1@mail.sjctni.edu
25PHR829,25PHR3SL03,"Self - Learning: Talent Management",2,1,13FHR02,"Mr G Louis Victor",9445776442,louisvictor_hr1@mail.sjctni.edu
25PHR830,25PHR3SL03,"Self - Learning: Talent Management",2,1,13FHR02,"Mr G Louis Victor",9445776442,louisvictor_hr1@mail.sjctni.edu
25PHR831,25PHR3SL03,"Self - Learning: Talent Management",2,1,13FHR02,"Mr G Louis Victor",9445776442,louisvictor_hr1@mail.sjctni.edu
25PHR832,25PHR3SL03,"Self - Learning: Talent Management",2,1,13FHR02,"Mr G Louis Victor",9445776442,louisvictor_hr1@mail.sjctni.edu
25PHR833,25PHR3SL03,"Self - Learning: Talent Management",2,1,13FHR02,"Mr G Louis Victor",9445776442,louisvictor_hr1@mail.sjctni.edu
25PHS801,25PHS3SL03,"Self - Learning",2,1,26CHS52,"Mr M R Gowtham Rajan",NULL,gowthamrajan_hs1@mail.sjctni.edu
25PHS802,25PHS3SL03,"Self - Learning",2,1,26CHS52,"Mr M R Gowtham Rajan",NULL,gowthamrajan_hs1@mail.sjctni.edu
25PHS803,25PHS3SL03,"Self - Learning",2,1,26CHS52,"Mr M R Gowtham Rajan",NULL,gowthamrajan_hs1@mail.sjctni.edu
25PHS804,25PHS3SL03,"Self - Learning",2,1,26CHS52,"Mr M R Gowtham Rajan",NULL,gowthamrajan_hs1@mail.sjctni.edu
25PHS805,25PHS3SL03,"Self - Learning",2,1,26CHS52,"Mr M R Gowtham Rajan",NULL,gowthamrajan_hs1@mail.sjctni.edu
25PHS806,25PHS3SL03,"Self - Learning",2,1,26CHS52,"Mr M R Gowtham Rajan",NULL,gowthamrajan_hs1@mail.sjctni.edu
25PHS807,25PHS3SL03,"Self - Learning",2,1,26CHS52,"Mr M R Gowtham Rajan",NULL,gowthamrajan_hs1@mail.sjctni.edu
25PHS808,25PHS3SL03,"Self - Learning",2,1,26CHS52,"Mr M R Gowtham Rajan",NULL,gowthamrajan_hs1@mail.sjctni.edu
25PHS809,25PHS3SL03,"Self - Learning",2,1,26CHS52,"Mr M R Gowtham Rajan",NULL,gowthamrajan_hs1@mail.sjctni.edu
25PHS810,25PHS3SL03,"Self - Learning",2,1,26CHS52,"Mr M R Gowtham Rajan",NULL,gowthamrajan_hs1@mail.sjctni.edu
25PHS811,25PHS3SL03,"Self - Learning",2,1,26CHS52,"Mr M R Gowtham Rajan",NULL,gowthamrajan_hs1@mail.sjctni.edu
25PHS812,25PHS3SL03,"Self - Learning",2,1,26CHS52,"Mr M R Gowtham Rajan",NULL,gowthamrajan_hs1@mail.sjctni.edu
25PHS813,25PHS3SL03,"Self - Learning",2,1,26CHS52,"Mr M R Gowtham Rajan",NULL,gowthamrajan_hs1@mail.sjctni.edu
25PHS814,25PHS3SL03,"Self - Learning",2,1,26CHS52,"Mr M R Gowtham Rajan",NULL,gowthamrajan_hs1@mail.sjctni.edu
25PHS815,25PHS3SL03,"Self - Learning",2,1,26CHS52,"Mr M R Gowtham Rajan",NULL,gowthamrajan_hs1@mail.sjctni.edu
25PMA101,25PMA3SL03,"Self - Learning: History of Mathematics",1,1,18FMA01,"Dr J Amalorpava Jerline",9789673526,amalorpavajerline_ma1@mail.sjctni.edu
25PMA102,25PMA3SL03,"Self - Learning: History of Mathematics",1,1,18FMA01,"Dr J Amalorpava Jerline",9789673526,amalorpavajerline_ma1@mail.sjctni.edu
25PMA103,25PMA3SL03,"Self - Learning: History of Mathematics",1,1,18FMA01,"Dr J Amalorpava Jerline",9789673526,amalorpavajerline_ma1@mail.sjctni.edu
25PMA104,25PMA3SL03,"Self - Learning: History of Mathematics",1,1,18FMA01,"Dr J Amalorpava Jerline",9789673526,amalorpavajerline_ma1@mail.sjctni.edu
25PMA105,25PMA3SL03,"Self - Learning: History of Mathematics",1,1,18FMA01,"Dr J Amalorpava Jerline",9789673526,amalorpavajerline_ma1@mail.sjctni.edu
25PMA106,25PMA3SL03,"Self - Learning: History of Mathematics",1,1,18FMA01,"Dr J Amalorpava Jerline",9789673526,amalorpavajerline_ma1@mail.sjctni.edu
25PMA107,25PMA3SL03,"Self - Learning: History of Mathematics",1,1,18FMA01,"Dr J Amalorpava Jerline",9789673526,amalorpavajerline_ma1@mail.sjctni.edu
25PMA108,25PMA3SL03,"Self - Learning: History of Mathematics",1,1,18FMA01,"Dr J Amalorpava Jerline",9789673526,amalorpavajerline_ma1@mail.sjctni.edu
25PMA109,25PMA3SL03,"Self - Learning: History of Mathematics",1,1,18FMA01,"Dr J Amalorpava Jerline",9789673526,amalorpavajerline_ma1@mail.sjctni.edu
25PMA110,25PMA3SL03,"Self - Learning: History of Mathematics",1,1,18FMA01,"Dr J Amalorpava Jerline",9789673526,amalorpavajerline_ma1@mail.sjctni.edu
25PMA111,25PMA3SL03,"Self - Learning: History of Mathematics",1,1,18FMA01,"Dr J Amalorpava Jerline",9789673526,amalorpavajerline_ma1@mail.sjctni.edu
25PMA112,25PMA3SL03,"Self - Learning: History of Mathematics",1,1,18FMA01,"Dr J Amalorpava Jerline",9789673526,amalorpavajerline_ma1@mail.sjctni.edu
25PMA113,25PMA3SL03,"Self - Learning: History of Mathematics",1,1,18FMA01,"Dr J Amalorpava Jerline",9789673526,amalorpavajerline_ma1@mail.sjctni.edu
25PMA114,25PMA3SL03,"Self - Learning: History of Mathematics",1,1,18FMA01,"Dr J Amalorpava Jerline",9789673526,amalorpavajerline_ma1@mail.sjctni.edu
25PMA115,25PMA3SL03,"Self - Learning: History of Mathematics",1,1,18FMA01,"Dr J Amalorpava Jerline",9789673526,amalorpavajerline_ma1@mail.sjctni.edu
25PMA116,25PMA3SL03,"Self - Learning: History of Mathematics",1,1,18FMA01,"Dr J Amalorpava Jerline",9789673526,amalorpavajerline_ma1@mail.sjctni.edu
25PMA117,25PMA3SL03,"Self - Learning: History of Mathematics",1,1,18FMA01,"Dr J Amalorpava Jerline",9789673526,amalorpavajerline_ma1@mail.sjctni.edu
25PMA118,25PMA3SL03,"Self - Learning: History of Mathematics",1,1,18FMA01,"Dr J Amalorpava Jerline",9789673526,amalorpavajerline_ma1@mail.sjctni.edu
25PMA119,25PMA3SL03,"Self - Learning: History of Mathematics",1,1,18FMA01,"Dr J Amalorpava Jerline",9789673526,amalorpavajerline_ma1@mail.sjctni.edu
25PMA120,25PMA3SL03,"Self - Learning: History of Mathematics",1,1,18FMA01,"Dr J Amalorpava Jerline",9789673526,amalorpavajerline_ma1@mail.sjctni.edu
25PMA121,25PMA3SL03,"Self - Learning: History of Mathematics",1,1,18FMA01,"Dr J Amalorpava Jerline",9789673526,amalorpavajerline_ma1@mail.sjctni.edu
25PMA122,25PMA3SL03,"Self - Learning: History of Mathematics",1,1,18FMA01,"Dr J Amalorpava Jerline",9789673526,amalorpavajerline_ma1@mail.sjctni.edu
25PMA123,25PMA3SL03,"Self - Learning: History of Mathematics",1,1,18FMA01,"Dr J Amalorpava Jerline",9789673526,amalorpavajerline_ma1@mail.sjctni.edu
25PMA124,25PMA3SL03,"Self - Learning: History of Mathematics",1,1,18FMA01,"Dr J Amalorpava Jerline",9789673526,amalorpavajerline_ma1@mail.sjctni.edu
25PMA125,25PMA3SL03,"Self - Learning: History of Mathematics",1,1,18FMA01,"Dr J Amalorpava Jerline",9789673526,amalorpavajerline_ma1@mail.sjctni.edu
25PMA126,25PMA3SL03,"Self - Learning: History of Mathematics",1,1,18FMA01,"Dr J Amalorpava Jerline",9789673526,amalorpavajerline_ma1@mail.sjctni.edu
25PMA127,25PMA3SL03,"Self - Learning: History of Mathematics",1,1,18FMA01,"Dr J Amalorpava Jerline",9789673526,amalorpavajerline_ma1@mail.sjctni.edu
25PMA128,25PMA3SL03,"Self - Learning: History of Mathematics",1,1,18FMA01,"Dr J Amalorpava Jerline",9789673526,amalorpavajerline_ma1@mail.sjctni.edu
25PMA129,25PMA3SL03,"Self - Learning: History of Mathematics",1,1,18FMA01,"Dr J Amalorpava Jerline",9789673526,amalorpavajerline_ma1@mail.sjctni.edu
25PMA130,25PMA3SL03,"Self - Learning: History of Mathematics",1,1,18FMA01,"Dr J Amalorpava Jerline",9789673526,amalorpavajerline_ma1@mail.sjctni.edu
25PMA131,25PMA3SL03,"Self - Learning: History of Mathematics",1,1,18FMA01,"Dr J Amalorpava Jerline",9789673526,amalorpavajerline_ma1@mail.sjctni.edu
25PMA132,25PMA3SL03,"Self - Learning: History of Mathematics",1,1,18FMA01,"Dr J Amalorpava Jerline",9789673526,amalorpavajerline_ma1@mail.sjctni.edu
25PMA133,25PMA3SL03,"Self - Learning: History of Mathematics",1,1,18FMA01,"Dr J Amalorpava Jerline",9789673526,amalorpavajerline_ma1@mail.sjctni.edu
25PMA134,25PMA3SL03,"Self - Learning: History of Mathematics",1,1,18FMA01,"Dr J Amalorpava Jerline",9789673526,amalorpavajerline_ma1@mail.sjctni.edu
25PMA135,25PMA3SL03,"Self - Learning: History of Mathematics",1,1,18FMA01,"Dr J Amalorpava Jerline",9789673526,amalorpavajerline_ma1@mail.sjctni.edu
25PMA136,25PMA3SL03,"Self - Learning: History of Mathematics",1,1,18FMA01,"Dr J Amalorpava Jerline",9789673526,amalorpavajerline_ma1@mail.sjctni.edu
25PMA137,25PMA3SL03,"Self - Learning: History of Mathematics",1,1,18FMA01,"Dr J Amalorpava Jerline",9789673526,amalorpavajerline_ma1@mail.sjctni.edu
25PMA801,25PMA3SL03,"Self - Learning: History of Mathematics",2,1,22CMA54,"Dr S Sahaya Jernith",9865091139,sahayajernith_ma2@mail.sjctni.edu
25PMA802,25PMA3SL03,"Self - Learning: History of Mathematics",2,1,22CMA54,"Dr S Sahaya Jernith",9865091139,sahayajernith_ma2@mail.sjctni.edu
25PMA803,25PMA3SL03,"Self - Learning: History of Mathematics",2,1,22CMA54,"Dr S Sahaya Jernith",9865091139,sahayajernith_ma2@mail.sjctni.edu
25PMA804,25PMA3SL03,"Self - Learning: History of Mathematics",2,1,22CMA54,"Dr S Sahaya Jernith",9865091139,sahayajernith_ma2@mail.sjctni.edu
25PMA805,25PMA3SL03,"Self - Learning: History of Mathematics",2,1,22CMA54,"Dr S Sahaya Jernith",9865091139,sahayajernith_ma2@mail.sjctni.edu
25PMA806,25PMA3SL03,"Self - Learning: History of Mathematics",2,1,22CMA54,"Dr S Sahaya Jernith",9865091139,sahayajernith_ma2@mail.sjctni.edu
25PMA807,25PMA3SL03,"Self - Learning: History of Mathematics",2,1,22CMA54,"Dr S Sahaya Jernith",9865091139,sahayajernith_ma2@mail.sjctni.edu
25PMA808,25PMA3SL03,"Self - Learning: History of Mathematics",2,1,22CMA54,"Dr S Sahaya Jernith",9865091139,sahayajernith_ma2@mail.sjctni.edu
25PMA809,25PMA3SL03,"Self - Learning: History of Mathematics",2,1,22CMA54,"Dr S Sahaya Jernith",9865091139,sahayajernith_ma2@mail.sjctni.edu
25PPH101,25PPH3SL03A,"Self - Learning: Medical Physics",1,1,07FPH01,"Dr A Maggie Dayana",9003994838,maggiedayana_ph1@mail.sjctni.edu
25PPH102,25PPH3SL03A,"Self - Learning: Medical Physics",1,1,07FPH01,"Dr A Maggie Dayana",9003994838,maggiedayana_ph1@mail.sjctni.edu
25PPH103,25PPH3SL03A,"Self - Learning: Medical Physics",1,1,07FPH01,"Dr A Maggie Dayana",9003994838,maggiedayana_ph1@mail.sjctni.edu
25PPH104,25PPH3SL03A,"Self - Learning: Medical Physics",1,1,07FPH01,"Dr A Maggie Dayana",9003994838,maggiedayana_ph1@mail.sjctni.edu
25PPH105,25PPH3SL03A,"Self - Learning: Medical Physics",1,1,07FPH01,"Dr A Maggie Dayana",9003994838,maggiedayana_ph1@mail.sjctni.edu
25PPH106,25PPH3SL03A,"Self - Learning: Medical Physics",1,1,07FPH01,"Dr A Maggie Dayana",9003994838,maggiedayana_ph1@mail.sjctni.edu
25PPH107,25PPH3SL03A,"Self - Learning: Medical Physics",1,1,07FPH01,"Dr A Maggie Dayana",9003994838,maggiedayana_ph1@mail.sjctni.edu
25PPH108,25PPH3SL03A,"Self - Learning: Medical Physics",1,1,07FPH01,"Dr A Maggie Dayana",9003994838,maggiedayana_ph1@mail.sjctni.edu
25PPH109,25PPH3SL03A,"Self - Learning: Medical Physics",1,1,07FPH01,"Dr A Maggie Dayana",9003994838,maggiedayana_ph1@mail.sjctni.edu
25PPH110,25PPH3SL03A,"Self - Learning: Medical Physics",1,1,07FPH01,"Dr A Maggie Dayana",9003994838,maggiedayana_ph1@mail.sjctni.edu
25PPH111,25PPH3SL03A,"Self - Learning: Medical Physics",1,1,07FPH01,"Dr A Maggie Dayana",9003994838,maggiedayana_ph1@mail.sjctni.edu
25PPH112,25PPH3SL03A,"Self - Learning: Medical Physics",1,1,07FPH01,"Dr A Maggie Dayana",9003994838,maggiedayana_ph1@mail.sjctni.edu
25PPH113,25PPH3SL03A,"Self - Learning: Medical Physics",1,1,07FPH01,"Dr A Maggie Dayana",9003994838,maggiedayana_ph1@mail.sjctni.edu
25PPH114,25PPH3SL03A,"Self - Learning: Medical Physics",1,1,07FPH01,"Dr A Maggie Dayana",9003994838,maggiedayana_ph1@mail.sjctni.edu
25PPH115,25PPH3SL03A,"Self - Learning: Medical Physics",1,1,07FPH01,"Dr A Maggie Dayana",9003994838,maggiedayana_ph1@mail.sjctni.edu
25PPH116,25PPH3SL03A,"Self - Learning: Medical Physics",1,1,07FPH01,"Dr A Maggie Dayana",9003994838,maggiedayana_ph1@mail.sjctni.edu
25PPH117,25PPH3SL03A,"Self - Learning: Medical Physics",1,1,07FPH01,"Dr A Maggie Dayana",9003994838,maggiedayana_ph1@mail.sjctni.edu
25PPH118,25PPH3SL03A,"Self - Learning: Medical Physics",1,1,07FPH01,"Dr A Maggie Dayana",9003994838,maggiedayana_ph1@mail.sjctni.edu
25PPH119,25PPH3SL03A,"Self - Learning: Medical Physics",1,1,07FPH01,"Dr A Maggie Dayana",9003994838,maggiedayana_ph1@mail.sjctni.edu
25PPH120,25PPH3SL03A,"Self - Learning: Medical Physics",1,1,07FPH01,"Dr A Maggie Dayana",9003994838,maggiedayana_ph1@mail.sjctni.edu
25PPH121,25PPH3SL03A,"Self - Learning: Medical Physics",1,1,07FPH01,"Dr A Maggie Dayana",9003994838,maggiedayana_ph1@mail.sjctni.edu
25PPH122,25PPH3SL03A,"Self - Learning: Medical Physics",1,1,07FPH01,"Dr A Maggie Dayana",9003994838,maggiedayana_ph1@mail.sjctni.edu
25PPH123,25PPH3SL03A,"Self - Learning: Medical Physics",1,1,07FPH01,"Dr A Maggie Dayana",9003994838,maggiedayana_ph1@mail.sjctni.edu
25PPH124,25PPH3SL03A,"Self - Learning: Medical Physics",1,1,07FPH01,"Dr A Maggie Dayana",9003994838,maggiedayana_ph1@mail.sjctni.edu
25PPH125,25PPH3SL03A,"Self - Learning: Medical Physics",1,1,07FPH01,"Dr A Maggie Dayana",9003994838,maggiedayana_ph1@mail.sjctni.edu
25PPH126,25PPH3SL03A,"Self - Learning: Medical Physics",1,1,07FPH01,"Dr A Maggie Dayana",9003994838,maggiedayana_ph1@mail.sjctni.edu
25PPH127,25PPH3SL03A,"Self - Learning: Medical Physics",1,1,07FPH01,"Dr A Maggie Dayana",9003994838,maggiedayana_ph1@mail.sjctni.edu
25PPH128,25PPH3SL03A,"Self - Learning: Medical Physics",1,1,07FPH01,"Dr A Maggie Dayana",9003994838,maggiedayana_ph1@mail.sjctni.edu
25PPH129,25PPH3SL03A,"Self - Learning: Medical Physics",1,1,07FPH01,"Dr A Maggie Dayana",9003994838,maggiedayana_ph1@mail.sjctni.edu
25PPH801,25PPH3SL03A,"Self - Learning: Medical Physics",2,1,19CPH51,"Dr A Sinthiya",9486732241,sinthiya_ph2@mail.sjctni.edu
25PPH802,25PPH3SL03A,"Self - Learning: Medical Physics",2,1,19CPH51,"Dr A Sinthiya",9486732241,sinthiya_ph2@mail.sjctni.edu
25PPH803,25PPH3SL03A,"Self - Learning: Medical Physics",2,1,19CPH51,"Dr A Sinthiya",9486732241,sinthiya_ph2@mail.sjctni.edu
25PPH804,25PPH3SL03A,"Self - Learning: Medical Physics",2,1,19CPH51,"Dr A Sinthiya",9486732241,sinthiya_ph2@mail.sjctni.edu
25PPH805,25PPH3SL03A,"Self - Learning: Medical Physics",2,1,19CPH51,"Dr A Sinthiya",9486732241,sinthiya_ph2@mail.sjctni.edu
25PPH806,25PPH3SL03A,"Self - Learning: Medical Physics",2,1,19CPH51,"Dr A Sinthiya",9486732241,sinthiya_ph2@mail.sjctni.edu
25PPH807,25PPH3SL03A,"Self - Learning: Medical Physics",2,1,19CPH51,"Dr A Sinthiya",9486732241,sinthiya_ph2@mail.sjctni.edu
25PPH808,25PPH3SL03A,"Self - Learning: Medical Physics",2,1,19CPH51,"Dr A Sinthiya",9486732241,sinthiya_ph2@mail.sjctni.edu
25PPH810,25PPH3SL03A,"Self - Learning: Medical Physics",2,1,19CPH51,"Dr A Sinthiya",9486732241,sinthiya_ph2@mail.sjctni.edu
25PPH811,25PPH3SL03A,"Self - Learning: Medical Physics",2,1,19CPH51,"Dr A Sinthiya",9486732241,sinthiya_ph2@mail.sjctni.edu
25PPH812,25PPH3SL03A,"Self - Learning: Medical Physics",2,1,19CPH51,"Dr A Sinthiya",9486732241,sinthiya_ph2@mail.sjctni.edu
25PPH814,25PPH3SL03A,"Self - Learning: Medical Physics",2,1,19CPH51,"Dr A Sinthiya",9486732241,sinthiya_ph2@mail.sjctni.edu
25PPH815,25PPH3SL03A,"Self - Learning: Medical Physics",2,1,19CPH51,"Dr A Sinthiya",9486732241,sinthiya_ph2@mail.sjctni.edu
25PPH816,25PPH3SL03A,"Self - Learning: Medical Physics",2,1,19CPH51,"Dr A Sinthiya",9486732241,sinthiya_ph2@mail.sjctni.edu
25PPH817,25PPH3SL03A,"Self - Learning: Medical Physics",2,1,19CPH51,"Dr A Sinthiya",9486732241,sinthiya_ph2@mail.sjctni.edu
25PTA801,25PTA3SL03,"Self - Learning: Prose literature",2,1,16TTA05,"Dr R Murali Krishnan",8610537645,muralikrishnan_ta2@mail.sjctni.edu
25PTA801,25PTA3SL03,"Self - Learning: Prose literature",2,1,16CTA01,"Dr S Srinivasan",9788031138,srinivasan_ta2@mail.sjctni.edu
25PTA802,25PTA3SL03,"Self - Learning: Prose literature",2,1,16TTA05,"Dr R Murali Krishnan",8610537645,muralikrishnan_ta2@mail.sjctni.edu
25PTA802,25PTA3SL03,"Self - Learning: Prose literature",2,1,16CTA01,"Dr S Srinivasan",9788031138,srinivasan_ta2@mail.sjctni.edu
25PTA803,25PTA3SL03,"Self - Learning: Prose literature",2,1,16TTA05,"Dr R Murali Krishnan",8610537645,muralikrishnan_ta2@mail.sjctni.edu
25PTA803,25PTA3SL03,"Self - Learning: Prose literature",2,1,16CTA01,"Dr S Srinivasan",9788031138,srinivasan_ta2@mail.sjctni.edu
25PTA804,25PTA3SL03,"Self - Learning: Prose literature",2,1,16TTA05,"Dr R Murali Krishnan",8610537645,muralikrishnan_ta2@mail.sjctni.edu
25PTA804,25PTA3SL03,"Self - Learning: Prose literature",2,1,16CTA01,"Dr S Srinivasan",9788031138,srinivasan_ta2@mail.sjctni.edu
25PTA805,25PTA3SL03,"Self - Learning: Prose literature",2,1,16TTA05,"Dr R Murali Krishnan",8610537645,muralikrishnan_ta2@mail.sjctni.edu
25PTA805,25PTA3SL03,"Self - Learning: Prose literature",2,1,16CTA01,"Dr S Srinivasan",9788031138,srinivasan_ta2@mail.sjctni.edu
25PTA806,25PTA3SL03,"Self - Learning: Prose literature",2,1,16TTA05,"Dr R Murali Krishnan",8610537645,muralikrishnan_ta2@mail.sjctni.edu
25PTA806,25PTA3SL03,"Self - Learning: Prose literature",2,1,16CTA01,"Dr S Srinivasan",9788031138,srinivasan_ta2@mail.sjctni.edu
25PTA807,25PTA3SL03,"Self - Learning: Prose literature",2,1,16TTA05,"Dr R Murali Krishnan",8610537645,muralikrishnan_ta2@mail.sjctni.edu
25PTA807,25PTA3SL03,"Self - Learning: Prose literature",2,1,16CTA01,"Dr S Srinivasan",9788031138,srinivasan_ta2@mail.sjctni.edu
25PTA808,25PTA3SL03,"Self - Learning: Prose literature",2,1,16TTA05,"Dr R Murali Krishnan",8610537645,muralikrishnan_ta2@mail.sjctni.edu
25PTA808,25PTA3SL03,"Self - Learning: Prose literature",2,1,16CTA01,"Dr S Srinivasan",9788031138,srinivasan_ta2@mail.sjctni.edu
25PTA809,25PTA3SL03,"Self - Learning: Prose literature",2,1,16TTA05,"Dr R Murali Krishnan",8610537645,muralikrishnan_ta2@mail.sjctni.edu
25PTA809,25PTA3SL03,"Self - Learning: Prose literature",2,1,16CTA01,"Dr S Srinivasan",9788031138,srinivasan_ta2@mail.sjctni.edu
25PTA810,25PTA3SL03,"Self - Learning: Prose literature",2,1,16TTA05,"Dr R Murali Krishnan",8610537645,muralikrishnan_ta2@mail.sjctni.edu
25PTA810,25PTA3SL03,"Self - Learning: Prose literature",2,1,16CTA01,"Dr S Srinivasan",9788031138,srinivasan_ta2@mail.sjctni.edu
25PTA811,25PTA3SL03,"Self - Learning: Prose literature",2,1,16TTA05,"Dr R Murali Krishnan",8610537645,muralikrishnan_ta2@mail.sjctni.edu
25PTA811,25PTA3SL03,"Self - Learning: Prose literature",2,1,16CTA01,"Dr S Srinivasan",9788031138,srinivasan_ta2@mail.sjctni.edu
25PTA812,25PTA3SL03,"Self - Learning: Prose literature",2,1,16TTA05,"Dr R Murali Krishnan",8610537645,muralikrishnan_ta2@mail.sjctni.edu
25PTA812,25PTA3SL03,"Self - Learning: Prose literature",2,1,16CTA01,"Dr S Srinivasan",9788031138,srinivasan_ta2@mail.sjctni.edu
25PTA813,25PTA3SL03,"Self - Learning: Prose literature",2,1,16TTA05,"Dr R Murali Krishnan",8610537645,muralikrishnan_ta2@mail.sjctni.edu
25PTA813,25PTA3SL03,"Self - Learning: Prose literature",2,1,16CTA01,"Dr S Srinivasan",9788031138,srinivasan_ta2@mail.sjctni.edu
25PTA814,25PTA3SL03,"Self - Learning: Prose literature",2,1,16TTA05,"Dr R Murali Krishnan",8610537645,muralikrishnan_ta2@mail.sjctni.edu
25PTA814,25PTA3SL03,"Self - Learning: Prose literature",2,1,16CTA01,"Dr S Srinivasan",9788031138,srinivasan_ta2@mail.sjctni.edu
25PTA815,25PTA3SL03,"Self - Learning: Prose literature",2,1,16TTA05,"Dr R Murali Krishnan",8610537645,muralikrishnan_ta2@mail.sjctni.edu
25PTA815,25PTA3SL03,"Self - Learning: Prose literature",2,1,16CTA01,"Dr S Srinivasan",9788031138,srinivasan_ta2@mail.sjctni.edu
25PTA816,25PTA3SL03,"Self - Learning: Prose literature",2,1,16TTA05,"Dr R Murali Krishnan",8610537645,muralikrishnan_ta2@mail.sjctni.edu
25PTA816,25PTA3SL03,"Self - Learning: Prose literature",2,1,16CTA01,"Dr S Srinivasan",9788031138,srinivasan_ta2@mail.sjctni.edu
25PTA817,25PTA3SL03,"Self - Learning: Prose literature",2,1,16TTA05,"Dr R Murali Krishnan",8610537645,muralikrishnan_ta2@mail.sjctni.edu
25PTA817,25PTA3SL03,"Self - Learning: Prose literature",2,1,16CTA01,"Dr S Srinivasan",9788031138,srinivasan_ta2@mail.sjctni.edu
25PTA818,25PTA3SL03,"Self - Learning: Prose literature",2,1,16TTA05,"Dr R Murali Krishnan",8610537645,muralikrishnan_ta2@mail.sjctni.edu
25PTA818,25PTA3SL03,"Self - Learning: Prose literature",2,1,16CTA01,"Dr S Srinivasan",9788031138,srinivasan_ta2@mail.sjctni.edu
25PTA819,25PTA3SL03,"Self - Learning: Prose literature",2,1,16TTA05,"Dr R Murali Krishnan",8610537645,muralikrishnan_ta2@mail.sjctni.edu
25PTA819,25PTA3SL03,"Self - Learning: Prose literature",2,1,16CTA01,"Dr S Srinivasan",9788031138,srinivasan_ta2@mail.sjctni.edu
25PTA820,25PTA3SL03,"Self - Learning: Prose literature",2,1,16TTA05,"Dr R Murali Krishnan",8610537645,muralikrishnan_ta2@mail.sjctni.edu
25PTA820,25PTA3SL03,"Self - Learning: Prose literature",2,1,16CTA01,"Dr S Srinivasan",9788031138,srinivasan_ta2@mail.sjctni.edu
25PTA821,25PTA3SL03,"Self - Learning: Prose literature",2,1,16TTA05,"Dr R Murali Krishnan",8610537645,muralikrishnan_ta2@mail.sjctni.edu
25PTA821,25PTA3SL03,"Self - Learning: Prose literature",2,1,16CTA01,"Dr S Srinivasan",9788031138,srinivasan_ta2@mail.sjctni.edu
25PVC801,25PVC3SL03,"Self - Learning: Anchoring for media practice",2,1,14TBV01,"Dr S Tamilarasi",9655763007,tamilarasi_vt1@mail.sjctni.edu
25PVC802,25PVC3SL03,"Self - Learning: Anchoring for media practice",2,1,14TBV01,"Dr S Tamilarasi",9655763007,tamilarasi_vt1@mail.sjctni.edu
25PVC803,25PVC3SL03,"Self - Learning: Anchoring for media practice",2,1,14TBV01,"Dr S Tamilarasi",9655763007,tamilarasi_vt1@mail.sjctni.edu
25PVC804,25PVC3SL03,"Self - Learning: Anchoring for media practice",2,1,14TBV01,"Dr S Tamilarasi",9655763007,tamilarasi_vt1@mail.sjctni.edu
25PVC805,25PVC3SL03,"Self - Learning: Anchoring for media practice",2,1,14TBV01,"Dr S Tamilarasi",9655763007,tamilarasi_vt1@mail.sjctni.edu
25PVC806,25PVC3SL03,"Self - Learning: Anchoring for media practice",2,1,14TBV01,"Dr S Tamilarasi",9655763007,tamilarasi_vt1@mail.sjctni.edu
25PVC807,25PVC3SL03,"Self - Learning: Anchoring for media practice",2,1,14TBV01,"Dr S Tamilarasi",9655763007,tamilarasi_vt1@mail.sjctni.edu
25PVC808,25PVC3SL03,"Self - Learning: Anchoring for media practice",2,1,14TBV01,"Dr S Tamilarasi",9655763007,tamilarasi_vt1@mail.sjctni.edu
25PVC809,25PVC3SL03,"Self - Learning: Anchoring for media practice",2,1,14TBV01,"Dr S Tamilarasi",9655763007,tamilarasi_vt1@mail.sjctni.edu
25PVC810,25PVC3SL03,"Self - Learning: Anchoring for media practice",2,1,14TBV01,"Dr S Tamilarasi",9655763007,tamilarasi_vt1@mail.sjctni.edu
25PVC811,25PVC3SL03,"Self - Learning: Anchoring for media practice",2,1,14TBV01,"Dr S Tamilarasi",9655763007,tamilarasi_vt1@mail.sjctni.edu
25PVC812,25PVC3SL03,"Self - Learning: Anchoring for media practice",2,1,14TBV01,"Dr S Tamilarasi",9655763007,tamilarasi_vt1@mail.sjctni.edu
25PVC813,25PVC3SL03,"Self - Learning: Anchoring for media practice",2,1,14TBV01,"Dr S Tamilarasi",9655763007,tamilarasi_vt1@mail.sjctni.edu
25PVC814,25PVC3SL03,"Self - Learning: Anchoring for media practice",2,1,14TBV01,"Dr S Tamilarasi",9655763007,tamilarasi_vt1@mail.sjctni.edu
25PVC815,25PVC3SL03,"Self - Learning: Anchoring for media practice",2,1,14TBV01,"Dr S Tamilarasi",9655763007,tamilarasi_vt1@mail.sjctni.edu
25PVC816,25PVC3SL03,"Self - Learning: Anchoring for media practice",2,1,14TBV01,"Dr S Tamilarasi",9655763007,tamilarasi_vt1@mail.sjctni.edu
25PVC817,25PVC3SL03,"Self - Learning: Anchoring for media practice",2,1,14TBV01,"Dr S Tamilarasi",9655763007,tamilarasi_vt1@mail.sjctni.edu
25PVC818,25PVC3SL03,"Self - Learning: Anchoring for media practice",2,1,14TBV01,"Dr S Tamilarasi",9655763007,tamilarasi_vt1@mail.sjctni.edu
25PVC819,25PVC3SL03,"Self - Learning: Anchoring for media practice",2,1,14TBV01,"Dr S Tamilarasi",9655763007,tamilarasi_vt1@mail.sjctni.edu
25PVC820,25PVC3SL03,"Self - Learning: Anchoring for media practice",2,1,14TBV01,"Dr S Tamilarasi",9655763007,tamilarasi_vt1@mail.sjctni.edu
26PAI801,25PGC1SL01,"Self - Learning: Global Citizenship Education",2,1,26CAI52,"Mr M Jesudoss",8667349594,jesudoss_ai2@mail.sjctni.edu
26PAI802,25PGC1SL01,"Self - Learning: Global Citizenship Education",2,1,26CAI52,"Mr M Jesudoss",8667349594,jesudoss_ai2@mail.sjctni.edu
26PAI803,25PGC1SL01,"Self - Learning: Global Citizenship Education",2,1,26CAI52,"Mr M Jesudoss",8667349594,jesudoss_ai2@mail.sjctni.edu
26PAI804,25PGC1SL01,"Self - Learning: Global Citizenship Education",2,1,26CAI52,"Mr M Jesudoss",8667349594,jesudoss_ai2@mail.sjctni.edu
26PAI805,25PGC1SL01,"Self - Learning: Global Citizenship Education",2,1,26CAI52,"Mr M Jesudoss",8667349594,jesudoss_ai2@mail.sjctni.edu
26PAI806,25PGC1SL01,"Self - Learning: Global Citizenship Education",2,1,26CAI52,"Mr M Jesudoss",8667349594,jesudoss_ai2@mail.sjctni.edu
26PAI807,25PGC1SL01,"Self - Learning: Global Citizenship Education",2,1,26CAI52,"Mr M Jesudoss",8667349594,jesudoss_ai2@mail.sjctni.edu
26PAI808,25PGC1SL01,"Self - Learning: Global Citizenship Education",2,1,26CAI52,"Mr M Jesudoss",8667349594,jesudoss_ai2@mail.sjctni.edu
26PAI809,25PGC1SL01,"Self - Learning: Global Citizenship Education",2,1,26CAI52,"Mr M Jesudoss",8667349594,jesudoss_ai2@mail.sjctni.edu
26PAI810,25PGC1SL01,"Self - Learning: Global Citizenship Education",2,1,26CAI52,"Mr M Jesudoss",8667349594,jesudoss_ai2@mail.sjctni.edu
26PAI811,25PGC1SL01,"Self - Learning: Global Citizenship Education",2,1,26CAI52,"Mr M Jesudoss",8667349594,jesudoss_ai2@mail.sjctni.edu
26PAI812,25PGC1SL01,"Self - Learning: Global Citizenship Education",2,1,26CAI52,"Mr M Jesudoss",8667349594,jesudoss_ai2@mail.sjctni.edu
26PAI813,25PGC1SL01,"Self - Learning: Global Citizenship Education",2,1,26CAI52,"Mr M Jesudoss",8667349594,jesudoss_ai2@mail.sjctni.edu
26PAI814,25PGC1SL01,"Self - Learning: Global Citizenship Education",2,1,26CAI52,"Mr M Jesudoss",8667349594,jesudoss_ai2@mail.sjctni.edu
26PAI815,25PGC1SL01,"Self - Learning: Global Citizenship Education",2,1,26CAI52,"Mr M Jesudoss",8667349594,jesudoss_ai2@mail.sjctni.edu
26PAI816,25PGC1SL01,"Self - Learning: Global Citizenship Education",2,1,26CAI52,"Mr M Jesudoss",8667349594,jesudoss_ai2@mail.sjctni.edu
26PAI817,25PGC1SL01,"Self - Learning: Global Citizenship Education",2,1,26CAI52,"Mr M Jesudoss",8667349594,jesudoss_ai2@mail.sjctni.edu
26PAI818,25PGC1SL01,"Self - Learning: Global Citizenship Education",2,1,26CAI52,"Mr M Jesudoss",8667349594,jesudoss_ai2@mail.sjctni.edu
26PAI819,25PGC1SL01,"Self - Learning: Global Citizenship Education",2,1,26CAI52,"Mr M Jesudoss",8667349594,jesudoss_ai2@mail.sjctni.edu
26PAI820,25PGC1SL01,"Self - Learning: Global Citizenship Education",2,1,26CAI52,"Mr M Jesudoss",8667349594,jesudoss_ai2@mail.sjctni.edu
26PAI821,25PGC1SL01,"Self - Learning: Global Citizenship Education",2,1,26CAI52,"Mr M Jesudoss",8667349594,jesudoss_ai2@mail.sjctni.edu
26PAI822,25PGC1SL01,"Self - Learning: Global Citizenship Education",2,1,26CAI52,"Mr M Jesudoss",8667349594,jesudoss_ai2@mail.sjctni.edu
26PAI823,25PGC1SL01,"Self - Learning: Global Citizenship Education",2,1,26CAI52,"Mr M Jesudoss",8667349594,jesudoss_ai2@mail.sjctni.edu
26PAI824,25PGC1SL01,"Self - Learning: Global Citizenship Education",2,1,26CAI52,"Mr M Jesudoss",8667349594,jesudoss_ai2@mail.sjctni.edu
26PBI801,25PGC1SL01,"Self - Learning: Global Citizenship Education",2,2,10TBI01,"Mr P G Geegi",9487568372,geegi_bi2@mail.sjctni.edu
26PBI802,25PGC1SL01,"Self - Learning: Global Citizenship Education",2,2,10TBI01,"Mr P G Geegi",9487568372,geegi_bi2@mail.sjctni.edu
26PBI803,25PGC1SL01,"Self - Learning: Global Citizenship Education",2,2,10TBI01,"Mr P G Geegi",9487568372,geegi_bi2@mail.sjctni.edu
26PBI804,25PGC1SL01,"Self - Learning: Global Citizenship Education",2,2,10TBI01,"Mr P G Geegi",9487568372,geegi_bi2@mail.sjctni.edu
26PBI805,25PGC1SL01,"Self - Learning: Global Citizenship Education",2,2,10TBI01,"Mr P G Geegi",9487568372,geegi_bi2@mail.sjctni.edu
26PBI806,25PGC1SL01,"Self - Learning: Global Citizenship Education",2,2,10TBI01,"Mr P G Geegi",9487568372,geegi_bi2@mail.sjctni.edu
26PBI807,25PGC1SL01,"Self - Learning: Global Citizenship Education",2,2,10TBI01,"Mr P G Geegi",9487568372,geegi_bi2@mail.sjctni.edu
26PBI808,25PGC1SL01,"Self - Learning: Global Citizenship Education",2,2,10TBI01,"Mr P G Geegi",9487568372,geegi_bi2@mail.sjctni.edu
26PBI809,25PGC1SL01,"Self - Learning: Global Citizenship Education",2,2,10TBI01,"Mr P G Geegi",9487568372,geegi_bi2@mail.sjctni.edu
26PBO101,25PGC1SL01,"Self - Learning: Global Citizenship Education",1,1,01FPB09,"Dr S R Senthilkumar",8489100777,senthilkumar_bo1@mail.sjctni.edu
26PBO102,25PGC1SL01,"Self - Learning: Global Citizenship Education",1,1,01FPB09,"Dr S R Senthilkumar",8489100777,senthilkumar_bo1@mail.sjctni.edu
26PBO103,25PGC1SL01,"Self - Learning: Global Citizenship Education",1,1,01FPB09,"Dr S R Senthilkumar",8489100777,senthilkumar_bo1@mail.sjctni.edu
26PBO104,25PGC1SL01,"Self - Learning: Global Citizenship Education",1,1,01FPB09,"Dr S R Senthilkumar",8489100777,senthilkumar_bo1@mail.sjctni.edu
26PBO105,25PGC1SL01,"Self - Learning: Global Citizenship Education",1,1,01FPB09,"Dr S R Senthilkumar",8489100777,senthilkumar_bo1@mail.sjctni.edu
26PBO106,25PGC1SL01,"Self - Learning: Global Citizenship Education",1,1,01FPB09,"Dr S R Senthilkumar",8489100777,senthilkumar_bo1@mail.sjctni.edu
26PBO107,25PGC1SL01,"Self - Learning: Global Citizenship Education",1,1,01FPB09,"Dr S R Senthilkumar",8489100777,senthilkumar_bo1@mail.sjctni.edu
26PBO108,25PGC1SL01,"Self - Learning: Global Citizenship Education",1,1,01FPB09,"Dr S R Senthilkumar",8489100777,senthilkumar_bo1@mail.sjctni.edu
26PBO109,25PGC1SL01,"Self - Learning: Global Citizenship Education",1,1,01FPB09,"Dr S R Senthilkumar",8489100777,senthilkumar_bo1@mail.sjctni.edu
26PBO110,25PGC1SL01,"Self - Learning: Global Citizenship Education",1,1,01FPB09,"Dr S R Senthilkumar",8489100777,senthilkumar_bo1@mail.sjctni.edu
26PBO111,25PGC1SL01,"Self - Learning: Global Citizenship Education",1,1,01FPB09,"Dr S R Senthilkumar",8489100777,senthilkumar_bo1@mail.sjctni.edu
26PBO112,25PGC1SL01,"Self - Learning: Global Citizenship Education",1,1,01FPB09,"Dr S R Senthilkumar",8489100777,senthilkumar_bo1@mail.sjctni.edu
26PBO113,25PGC1SL01,"Self - Learning: Global Citizenship Education",1,1,01FPB09,"Dr S R Senthilkumar",8489100777,senthilkumar_bo1@mail.sjctni.edu
26PBO114,25PGC1SL01,"Self - Learning: Global Citizenship Education",1,1,01FPB09,"Dr S R Senthilkumar",8489100777,senthilkumar_bo1@mail.sjctni.edu
26PBO115,25PGC1SL01,"Self - Learning: Global Citizenship Education",1,1,01FPB09,"Dr S R Senthilkumar",8489100777,senthilkumar_bo1@mail.sjctni.edu
26PBT801,25PGC1SL01,"Self - Learning: Global Citizenship Education",2,3,25CBT51,"Dr C Muthusamy",9952240648,muthusamy_bt2@mail.sjctni.edu
26PBT802,25PGC1SL01,"Self - Learning: Global Citizenship Education",2,3,25CBT51,"Dr C Muthusamy",9952240648,muthusamy_bt2@mail.sjctni.edu
26PBT803,25PGC1SL01,"Self - Learning: Global Citizenship Education",2,3,25CBT51,"Dr C Muthusamy",9952240648,muthusamy_bt2@mail.sjctni.edu
26PBT804,25PGC1SL01,"Self - Learning: Global Citizenship Education",2,3,25CBT51,"Dr C Muthusamy",9952240648,muthusamy_bt2@mail.sjctni.edu
26PBT805,25PGC1SL01,"Self - Learning: Global Citizenship Education",2,3,25CBT51,"Dr C Muthusamy",9952240648,muthusamy_bt2@mail.sjctni.edu
26PBT806,25PGC1SL01,"Self - Learning: Global Citizenship Education",2,3,25CBT51,"Dr C Muthusamy",9952240648,muthusamy_bt2@mail.sjctni.edu
26PBT807,25PGC1SL01,"Self - Learning: Global Citizenship Education",2,3,25CBT51,"Dr C Muthusamy",9952240648,muthusamy_bt2@mail.sjctni.edu
26PBT808,25PGC1SL01,"Self - Learning: Global Citizenship Education",2,3,25CBT51,"Dr C Muthusamy",9952240648,muthusamy_bt2@mail.sjctni.edu
26PBT809,25PGC1SL01,"Self - Learning: Global Citizenship Education",2,3,25CBT51,"Dr C Muthusamy",9952240648,muthusamy_bt2@mail.sjctni.edu
26PBT810,25PGC1SL01,"Self - Learning: Global Citizenship Education",2,3,25CBT51,"Dr C Muthusamy",9952240648,muthusamy_bt2@mail.sjctni.edu
26PBT811,25PGC1SL01,"Self - Learning: Global Citizenship Education",2,3,25CBT51,"Dr C Muthusamy",9952240648,muthusamy_bt2@mail.sjctni.edu
26PBT812,25PGC1SL01,"Self - Learning: Global Citizenship Education",2,3,25CBT51,"Dr C Muthusamy",9952240648,muthusamy_bt2@mail.sjctni.edu
26PBT813,25PGC1SL01,"Self - Learning: Global Citizenship Education",2,3,25CBT51,"Dr C Muthusamy",9952240648,muthusamy_bt2@mail.sjctni.edu
26PBT814,25PGC1SL01,"Self - Learning: Global Citizenship Education",2,3,25CBT51,"Dr C Muthusamy",9952240648,muthusamy_bt2@mail.sjctni.edu
26PBT816,25PGC1SL01,"Self - Learning: Global Citizenship Education",2,3,25CBT51,"Dr C Muthusamy",9952240648,muthusamy_bt2@mail.sjctni.edu
26PBT817,25PGC1SL01,"Self - Learning: Global Citizenship Education",2,3,25CBT51,"Dr C Muthusamy",9952240648,muthusamy_bt2@mail.sjctni.edu
26PBT818,25PGC1SL01,"Self - Learning: Global Citizenship Education",2,3,25CBT51,"Dr C Muthusamy",9952240648,muthusamy_bt2@mail.sjctni.edu
26PBT820,25PGC1SL01,"Self - Learning: Global Citizenship Education",2,3,25CBT51,"Dr C Muthusamy",9952240648,muthusamy_bt2@mail.sjctni.edu
26PBT821,25PGC1SL01,"Self - Learning: Global Citizenship Education",2,3,25CBT51,"Dr C Muthusamy",9952240648,muthusamy_bt2@mail.sjctni.edu
26PBT822,25PGC1SL01,"Self - Learning: Global Citizenship Education",2,3,25CBT51,"Dr C Muthusamy",9952240648,muthusamy_bt2@mail.sjctni.edu
26PBT823,25PGC1SL01,"Self - Learning: Global Citizenship Education",2,3,25CBT51,"Dr C Muthusamy",9952240648,muthusamy_bt2@mail.sjctni.edu
26PBT824,25PGC1SL01,"Self - Learning: Global Citizenship Education",2,3,25CBT51,"Dr C Muthusamy",9952240648,muthusamy_bt2@mail.sjctni.edu
26PBT825,25PGC1SL01,"Self - Learning: Global Citizenship Education",2,3,25CBT51,"Dr C Muthusamy",9952240648,muthusamy_bt2@mail.sjctni.edu
26PBT826,25PGC1SL01,"Self - Learning: Global Citizenship Education",2,3,25CBT51,"Dr C Muthusamy",9952240648,muthusamy_bt2@mail.sjctni.edu
26PBT827,25PGC1SL01,"Self - Learning: Global Citizenship Education",2,3,25CBT51,"Dr C Muthusamy",9952240648,muthusamy_bt2@mail.sjctni.edu
26PBT828,25PGC1SL01,"Self - Learning: Global Citizenship Education",2,3,25CBT51,"Dr C Muthusamy",9952240648,muthusamy_bt2@mail.sjctni.edu
26PBT829,25PGC1SL01,"Self - Learning: Global Citizenship Education",2,3,25CBT51,"Dr C Muthusamy",9952240648,muthusamy_bt2@mail.sjctni.edu
26PBT830,25PGC1SL01,"Self - Learning: Global Citizenship Education",2,3,25CBT51,"Dr C Muthusamy",9952240648,muthusamy_bt2@mail.sjctni.edu
26PBT831,25PGC1SL01,"Self - Learning: Global Citizenship Education",2,3,25CBT51,"Dr C Muthusamy",9952240648,muthusamy_bt2@mail.sjctni.edu
26PBT832,25PGC1SL01,"Self - Learning: Global Citizenship Education",2,3,25CBT51,"Dr C Muthusamy",9952240648,muthusamy_bt2@mail.sjctni.edu
26PBT833,25PGC1SL01,"Self - Learning: Global Citizenship Education",2,3,25CBT51,"Dr C Muthusamy",9952240648,muthusamy_bt2@mail.sjctni.edu
26PCA101,25PGC1SL01,"Self - Learning: Global Citizenship Education",1,4,23FCS02,"Dr George Gabriel Richard Roy",9994289769,georgeroy_cs1@mail.sjctni.edu
26PCA102,25PGC1SL01,"Self - Learning: Global Citizenship Education",1,4,23FCS02,"Dr George Gabriel Richard Roy",9994289769,georgeroy_cs1@mail.sjctni.edu
26PCA103,25PGC1SL01,"Self - Learning: Global Citizenship Education",1,4,23FCS02,"Dr George Gabriel Richard Roy",9994289769,georgeroy_cs1@mail.sjctni.edu
26PCA104,25PGC1SL01,"Self - Learning: Global Citizenship Education",1,4,23FCS02,"Dr George Gabriel Richard Roy",9994289769,georgeroy_cs1@mail.sjctni.edu
26PCA105,25PGC1SL01,"Self - Learning: Global Citizenship Education",1,4,23FCS02,"Dr George Gabriel Richard Roy",9994289769,georgeroy_cs1@mail.sjctni.edu
26PCA106,25PGC1SL01,"Self - Learning: Global Citizenship Education",1,4,23FCS02,"Dr George Gabriel Richard Roy",9994289769,georgeroy_cs1@mail.sjctni.edu
26PCA107,25PGC1SL01,"Self - Learning: Global Citizenship Education",1,4,23FCS02,"Dr George Gabriel Richard Roy",9994289769,georgeroy_cs1@mail.sjctni.edu
26PCA108,25PGC1SL01,"Self - Learning: Global Citizenship Education",1,4,23FCS02,"Dr George Gabriel Richard Roy",9994289769,georgeroy_cs1@mail.sjctni.edu
26PCA109,25PGC1SL01,"Self - Learning: Global Citizenship Education",1,4,23FCS02,"Dr George Gabriel Richard Roy",9994289769,georgeroy_cs1@mail.sjctni.edu
26PCA110,25PGC1SL01,"Self - Learning: Global Citizenship Education",1,4,23FCS02,"Dr George Gabriel Richard Roy",9994289769,georgeroy_cs1@mail.sjctni.edu
26PCA111,25PGC1SL01,"Self - Learning: Global Citizenship Education",1,4,23FCS02,"Dr George Gabriel Richard Roy",9994289769,georgeroy_cs1@mail.sjctni.edu
26PCA112,25PGC1SL01,"Self - Learning: Global Citizenship Education",1,4,23FCS02,"Dr George Gabriel Richard Roy",9994289769,georgeroy_cs1@mail.sjctni.edu
26PCA113,25PGC1SL01,"Self - Learning: Global Citizenship Education",1,4,23FCS02,"Dr George Gabriel Richard Roy",9994289769,georgeroy_cs1@mail.sjctni.edu
26PCA114,25PGC1SL01,"Self - Learning: Global Citizenship Education",1,4,23FCS02,"Dr George Gabriel Richard Roy",9994289769,georgeroy_cs1@mail.sjctni.edu
26PCA115,25PGC1SL01,"Self - Learning: Global Citizenship Education",1,4,23FCS02,"Dr George Gabriel Richard Roy",9994289769,georgeroy_cs1@mail.sjctni.edu
26PCA116,25PGC1SL01,"Self - Learning: Global Citizenship Education",1,4,23FCS02,"Dr George Gabriel Richard Roy",9994289769,georgeroy_cs1@mail.sjctni.edu
26PCA117,25PGC1SL01,"Self - Learning: Global Citizenship Education",1,4,23FCS02,"Dr George Gabriel Richard Roy",9994289769,georgeroy_cs1@mail.sjctni.edu
26PCA118,25PGC1SL01,"Self - Learning: Global Citizenship Education",1,4,23FCS02,"Dr George Gabriel Richard Roy",9994289769,georgeroy_cs1@mail.sjctni.edu
26PCA119,25PGC1SL01,"Self - Learning: Global Citizenship Education",1,4,23FCS02,"Dr George Gabriel Richard Roy",9994289769,georgeroy_cs1@mail.sjctni.edu
26PCA120,25PGC1SL01,"Self - Learning: Global Citizenship Education",1,4,23FCS02,"Dr George Gabriel Richard Roy",9994289769,georgeroy_cs1@mail.sjctni.edu
26PCA121,25PGC1SL01,"Self - Learning: Global Citizenship Education",1,4,23FCS02,"Dr George Gabriel Richard Roy",9994289769,georgeroy_cs1@mail.sjctni.edu
26PCA122,25PGC1SL01,"Self - Learning: Global Citizenship Education",1,4,23FCS02,"Dr George Gabriel Richard Roy",9994289769,georgeroy_cs1@mail.sjctni.edu
26PCA123,25PGC1SL01,"Self - Learning: Global Citizenship Education",1,4,23FCS02,"Dr George Gabriel Richard Roy",9994289769,georgeroy_cs1@mail.sjctni.edu
26PCA124,25PGC1SL01,"Self - Learning: Global Citizenship Education",1,4,23FCS02,"Dr George Gabriel Richard Roy",9994289769,georgeroy_cs1@mail.sjctni.edu
26PCA125,25PGC1SL01,"Self - Learning: Global Citizenship Education",1,4,23FCS02,"Dr George Gabriel Richard Roy",9994289769,georgeroy_cs1@mail.sjctni.edu
26PCA126,25PGC1SL01,"Self - Learning: Global Citizenship Education",1,4,23FCS02,"Dr George Gabriel Richard Roy",9994289769,georgeroy_cs1@mail.sjctni.edu
26PCA127,25PGC1SL01,"Self - Learning: Global Citizenship Education",1,4,23FCS02,"Dr George Gabriel Richard Roy",9994289769,georgeroy_cs1@mail.sjctni.edu
26PCA128,25PGC1SL01,"Self - Learning: Global Citizenship Education",1,4,23FCS02,"Dr George Gabriel Richard Roy",9994289769,georgeroy_cs1@mail.sjctni.edu
26PCA129,25PGC1SL01,"Self - Learning: Global Citizenship Education",1,4,23FCS02,"Dr George Gabriel Richard Roy",9994289769,georgeroy_cs1@mail.sjctni.edu
26PCA130,25PGC1SL01,"Self - Learning: Global Citizenship Education",1,4,23FCS02,"Dr George Gabriel Richard Roy",9994289769,georgeroy_cs1@mail.sjctni.edu
26PCA131,25PGC1SL01,"Self - Learning: Global Citizenship Education",1,4,23FCS02,"Dr George Gabriel Richard Roy",9994289769,georgeroy_cs1@mail.sjctni.edu
26PCA132,25PGC1SL01,"Self - Learning: Global Citizenship Education",1,4,23FCS02,"Dr George Gabriel Richard Roy",9994289769,georgeroy_cs1@mail.sjctni.edu
26PCA133,25PGC1SL01,"Self - Learning: Global Citizenship Education",1,4,23FCS02,"Dr George Gabriel Richard Roy",9994289769,georgeroy_cs1@mail.sjctni.edu
26PCA134,25PGC1SL01,"Self - Learning: Global Citizenship Education",1,4,23FCS02,"Dr George Gabriel Richard Roy",9994289769,georgeroy_cs1@mail.sjctni.edu
26PCA135,25PGC1SL01,"Self - Learning: Global Citizenship Education",1,4,23FCS02,"Dr George Gabriel Richard Roy",9994289769,georgeroy_cs1@mail.sjctni.edu
26PCA136,25PGC1SL01,"Self - Learning: Global Citizenship Education",1,4,23FCS02,"Dr George Gabriel Richard Roy",9994289769,georgeroy_cs1@mail.sjctni.edu
26PCA137,25PGC1SL01,"Self - Learning: Global Citizenship Education",1,4,23FCS02,"Dr George Gabriel Richard Roy",9994289769,georgeroy_cs1@mail.sjctni.edu
26PCA138,25PGC1SL01,"Self - Learning: Global Citizenship Education",1,4,23FCS02,"Dr George Gabriel Richard Roy",9994289769,georgeroy_cs1@mail.sjctni.edu
26PCA139,25PGC1SL01,"Self - Learning: Global Citizenship Education",1,4,23FCS02,"Dr George Gabriel Richard Roy",9994289769,georgeroy_cs1@mail.sjctni.edu
26PCA140,25PGC1SL01,"Self - Learning: Global Citizenship Education",1,4,23FCS02,"Dr George Gabriel Richard Roy",9994289769,georgeroy_cs1@mail.sjctni.edu
26PCA141,25PGC1SL01,"Self - Learning: Global Citizenship Education",1,4,23FCS02,"Dr George Gabriel Richard Roy",9994289769,georgeroy_cs1@mail.sjctni.edu
26PCA142,25PGC1SL01,"Self - Learning: Global Citizenship Education",1,4,23FCS02,"Dr George Gabriel Richard Roy",9994289769,georgeroy_cs1@mail.sjctni.edu
26PCA143,25PGC1SL01,"Self - Learning: Global Citizenship Education",1,4,23FCS02,"Dr George Gabriel Richard Roy",9994289769,georgeroy_cs1@mail.sjctni.edu
26PCA144,25PGC1SL01,"Self - Learning: Global Citizenship Education",1,4,23FCS02,"Dr George Gabriel Richard Roy",9994289769,georgeroy_cs1@mail.sjctni.edu
26PCA145,25PGC1SL01,"Self - Learning: Global Citizenship Education",1,4,23FCS02,"Dr George Gabriel Richard Roy",9994289769,georgeroy_cs1@mail.sjctni.edu
26PCA146,25PGC1SL01,"Self - Learning: Global Citizenship Education",1,4,23FCS02,"Dr George Gabriel Richard Roy",9994289769,georgeroy_cs1@mail.sjctni.edu
26PCA147,25PGC1SL01,"Self - Learning: Global Citizenship Education",1,4,23FCS02,"Dr George Gabriel Richard Roy",9994289769,georgeroy_cs1@mail.sjctni.edu
26PCA148,25PGC1SL01,"Self - Learning: Global Citizenship Education",1,4,23FCS02,"Dr George Gabriel Richard Roy",9994289769,georgeroy_cs1@mail.sjctni.edu
26PCA149,25PGC1SL01,"Self - Learning: Global Citizenship Education",1,4,23FCS02,"Dr George Gabriel Richard Roy",9994289769,georgeroy_cs1@mail.sjctni.edu
26PCA150,25PGC1SL01,"Self - Learning: Global Citizenship Education",1,4,23FCS02,"Dr George Gabriel Richard Roy",9994289769,georgeroy_cs1@mail.sjctni.edu
26PCA151,25PGC1SL01,"Self - Learning: Global Citizenship Education",1,4,23FCS02,"Dr George Gabriel Richard Roy",9994289769,georgeroy_cs1@mail.sjctni.edu
26PCA152,25PGC1SL01,"Self - Learning: Global Citizenship Education",1,4,23FCS02,"Dr George Gabriel Richard Roy",9994289769,georgeroy_cs1@mail.sjctni.edu
26PCA153,25PGC1SL01,"Self - Learning: Global Citizenship Education",1,4,23FCS02,"Dr George Gabriel Richard Roy",9994289769,georgeroy_cs1@mail.sjctni.edu
26PCA154,25PGC1SL01,"Self - Learning: Global Citizenship Education",1,4,23FCS02,"Dr George Gabriel Richard Roy",9994289769,georgeroy_cs1@mail.sjctni.edu
26PCA155,25PGC1SL01,"Self - Learning: Global Citizenship Education",1,4,23FCS02,"Dr George Gabriel Richard Roy",9994289769,georgeroy_cs1@mail.sjctni.edu
26PCA156,25PGC1SL01,"Self - Learning: Global Citizenship Education",1,4,23FCS02,"Dr George Gabriel Richard Roy",9994289769,georgeroy_cs1@mail.sjctni.edu
26PCA157,25PGC1SL01,"Self - Learning: Global Citizenship Education",1,4,23FCS02,"Dr George Gabriel Richard Roy",9994289769,georgeroy_cs1@mail.sjctni.edu
26PCA158,25PGC1SL01,"Self - Learning: Global Citizenship Education",1,4,23FCS02,"Dr George Gabriel Richard Roy",9994289769,georgeroy_cs1@mail.sjctni.edu
26PCA159,25PGC1SL01,"Self - Learning: Global Citizenship Education",1,4,23FCS02,"Dr George Gabriel Richard Roy",9994289769,georgeroy_cs1@mail.sjctni.edu
26PCA160,25PGC1SL01,"Self - Learning: Global Citizenship Education",1,4,23FCS02,"Dr George Gabriel Richard Roy",9994289769,georgeroy_cs1@mail.sjctni.edu
26PCA161,25PGC1SL01,"Self - Learning: Global Citizenship Education",1,4,23FCS02,"Dr George Gabriel Richard Roy",9994289769,georgeroy_cs1@mail.sjctni.edu
26PCA162,25PGC1SL01,"Self - Learning: Global Citizenship Education",1,4,23FCS02,"Dr George Gabriel Richard Roy",9994289769,georgeroy_cs1@mail.sjctni.edu
26PCC801,25PGC1SL01,"Self - Learning: Global Citizenship Education",2,5,14TCC01,"Dr B Fathima Mary",9629482064,fathimamary_cc2@mail.sjctni.edu
26PCC802,25PGC1SL01,"Self - Learning: Global Citizenship Education",2,5,14TCC01,"Dr B Fathima Mary",9629482064,fathimamary_cc2@mail.sjctni.edu
26PCC804,25PGC1SL01,"Self - Learning: Global Citizenship Education",2,5,14TCC01,"Dr B Fathima Mary",9629482064,fathimamary_cc2@mail.sjctni.edu
26PCC805,25PGC1SL01,"Self - Learning: Global Citizenship Education",2,5,14TCC01,"Dr B Fathima Mary",9629482064,fathimamary_cc2@mail.sjctni.edu
26PCC806,25PGC1SL01,"Self - Learning: Global Citizenship Education",2,5,14TCC01,"Dr B Fathima Mary",9629482064,fathimamary_cc2@mail.sjctni.edu
26PCC807,25PGC1SL01,"Self - Learning: Global Citizenship Education",2,5,14TCC01,"Dr B Fathima Mary",9629482064,fathimamary_cc2@mail.sjctni.edu
26PCC808,25PGC1SL01,"Self - Learning: Global Citizenship Education",2,5,14TCC01,"Dr B Fathima Mary",9629482064,fathimamary_cc2@mail.sjctni.edu
26PCC809,25PGC1SL01,"Self - Learning: Global Citizenship Education",2,5,14TCC01,"Dr B Fathima Mary",9629482064,fathimamary_cc2@mail.sjctni.edu
26PCC810,25PGC1SL01,"Self - Learning: Global Citizenship Education",2,5,14TCC01,"Dr B Fathima Mary",9629482064,fathimamary_cc2@mail.sjctni.edu
26PCC811,25PGC1SL01,"Self - Learning: Global Citizenship Education",2,5,14TCC01,"Dr B Fathima Mary",9629482064,fathimamary_cc2@mail.sjctni.edu
26PCC812,25PGC1SL01,"Self - Learning: Global Citizenship Education",2,5,14TCC01,"Dr B Fathima Mary",9629482064,fathimamary_cc2@mail.sjctni.edu
26PCC813,25PGC1SL01,"Self - Learning: Global Citizenship Education",2,5,14TCC01,"Dr B Fathima Mary",9629482064,fathimamary_cc2@mail.sjctni.edu
26PCC814,25PGC1SL01,"Self - Learning: Global Citizenship Education",2,5,14TCC01,"Dr B Fathima Mary",9629482064,fathimamary_cc2@mail.sjctni.edu
26PCC815,25PGC1SL01,"Self - Learning: Global Citizenship Education",2,5,14TCC01,"Dr B Fathima Mary",9629482064,fathimamary_cc2@mail.sjctni.edu
26PCC816,25PGC1SL01,"Self - Learning: Global Citizenship Education",2,5,14TCC01,"Dr B Fathima Mary",9629482064,fathimamary_cc2@mail.sjctni.edu
26PCC817,25PGC1SL01,"Self - Learning: Global Citizenship Education",2,5,14TCC01,"Dr B Fathima Mary",9629482064,fathimamary_cc2@mail.sjctni.edu
26PCC818,25PGC1SL01,"Self - Learning: Global Citizenship Education",2,5,14TCC01,"Dr B Fathima Mary",9629482064,fathimamary_cc2@mail.sjctni.edu
26PCC819,25PGC1SL01,"Self - Learning: Global Citizenship Education",2,5,14TCC01,"Dr B Fathima Mary",9629482064,fathimamary_cc2@mail.sjctni.edu
26PCC821,25PGC1SL01,"Self - Learning: Global Citizenship Education",2,5,14TCC01,"Dr B Fathima Mary",9629482064,fathimamary_cc2@mail.sjctni.edu
26PCC822,25PGC1SL01,"Self - Learning: Global Citizenship Education",2,5,14TCC01,"Dr B Fathima Mary",9629482064,fathimamary_cc2@mail.sjctni.edu
26PCC823,25PGC1SL01,"Self - Learning: Global Citizenship Education",2,5,14TCC01,"Dr B Fathima Mary",9629482064,fathimamary_cc2@mail.sjctni.edu
26PCC824,25PGC1SL01,"Self - Learning: Global Citizenship Education",2,5,14TCC01,"Dr B Fathima Mary",9629482064,fathimamary_cc2@mail.sjctni.edu
26PCC825,25PGC1SL01,"Self - Learning: Global Citizenship Education",2,5,14TCC01,"Dr B Fathima Mary",9629482064,fathimamary_cc2@mail.sjctni.edu
26PCC826,25PGC1SL01,"Self - Learning: Global Citizenship Education",2,5,14TCC01,"Dr B Fathima Mary",9629482064,fathimamary_cc2@mail.sjctni.edu
26PCC827,25PGC1SL01,"Self - Learning: Global Citizenship Education",2,5,14TCC01,"Dr B Fathima Mary",9629482064,fathimamary_cc2@mail.sjctni.edu
26PCC828,25PGC1SL01,"Self - Learning: Global Citizenship Education",2,5,14TCC01,"Dr B Fathima Mary",9629482064,fathimamary_cc2@mail.sjctni.edu
26PCC829,25PGC1SL01,"Self - Learning: Global Citizenship Education",2,5,14TCC01,"Dr B Fathima Mary",9629482064,fathimamary_cc2@mail.sjctni.edu
26PCC830,25PGC1SL01,"Self - Learning: Global Citizenship Education",2,5,14TCC01,"Dr B Fathima Mary",9629482064,fathimamary_cc2@mail.sjctni.edu
26PCC831,25PGC1SL01,"Self - Learning: Global Citizenship Education",2,5,14TCC01,"Dr B Fathima Mary",9629482064,fathimamary_cc2@mail.sjctni.edu
26PCC832,25PGC1SL01,"Self - Learning: Global Citizenship Education",2,5,14TCC01,"Dr B Fathima Mary",9629482064,fathimamary_cc2@mail.sjctni.edu
26PCC833,25PGC1SL01,"Self - Learning: Global Citizenship Education",2,5,14TCC01,"Dr B Fathima Mary",9629482064,fathimamary_cc2@mail.sjctni.edu
26PCC834,25PGC1SL01,"Self - Learning: Global Citizenship Education",2,5,14TCC01,"Dr B Fathima Mary",9629482064,fathimamary_cc2@mail.sjctni.edu
26PCC835,25PGC1SL01,"Self - Learning: Global Citizenship Education",2,5,14TCC01,"Dr B Fathima Mary",9629482064,fathimamary_cc2@mail.sjctni.edu
26PCC836,25PGC1SL01,"Self - Learning: Global Citizenship Education",2,5,14TCC01,"Dr B Fathima Mary",9629482064,fathimamary_cc2@mail.sjctni.edu
26PCC837,25PGC1SL01,"Self - Learning: Global Citizenship Education",2,5,14TCC01,"Dr B Fathima Mary",9629482064,fathimamary_cc2@mail.sjctni.edu
26PCC838,25PGC1SL01,"Self - Learning: Global Citizenship Education",2,5,14TCC01,"Dr B Fathima Mary",9629482064,fathimamary_cc2@mail.sjctni.edu
26PCC839,25PGC1SL01,"Self - Learning: Global Citizenship Education",2,5,14TCC01,"Dr B Fathima Mary",9629482064,fathimamary_cc2@mail.sjctni.edu
26PCC840,25PGC1SL01,"Self - Learning: Global Citizenship Education",2,5,14TCC01,"Dr B Fathima Mary",9629482064,fathimamary_cc2@mail.sjctni.edu
26PCH101,25PGC1SL01,"Self - Learning: Global Citizenship Education",1,2,06FCH19,"Dr A Irudaya Jothi",9047288247,irudayajothi_ch1@mail.sjctni.edu
26PCH102,25PGC1SL01,"Self - Learning: Global Citizenship Education",1,2,06FCH19,"Dr A Irudaya Jothi",9047288247,irudayajothi_ch1@mail.sjctni.edu
26PCH103,25PGC1SL01,"Self - Learning: Global Citizenship Education",1,2,06FCH19,"Dr A Irudaya Jothi",9047288247,irudayajothi_ch1@mail.sjctni.edu
26PCH104,25PGC1SL01,"Self - Learning: Global Citizenship Education",1,2,06FCH19,"Dr A Irudaya Jothi",9047288247,irudayajothi_ch1@mail.sjctni.edu
26PCH105,25PGC1SL01,"Self - Learning: Global Citizenship Education",1,2,06FCH19,"Dr A Irudaya Jothi",9047288247,irudayajothi_ch1@mail.sjctni.edu
26PCH106,25PGC1SL01,"Self - Learning: Global Citizenship Education",1,2,06FCH19,"Dr A Irudaya Jothi",9047288247,irudayajothi_ch1@mail.sjctni.edu
26PCH107,25PGC1SL01,"Self - Learning: Global Citizenship Education",1,2,06FCH19,"Dr A Irudaya Jothi",9047288247,irudayajothi_ch1@mail.sjctni.edu
26PCH110,25PGC1SL01,"Self - Learning: Global Citizenship Education",1,2,06FCH19,"Dr A Irudaya Jothi",9047288247,irudayajothi_ch1@mail.sjctni.edu
26PCH111,25PGC1SL01,"Self - Learning: Global Citizenship Education",1,2,06FCH19,"Dr A Irudaya Jothi",9047288247,irudayajothi_ch1@mail.sjctni.edu
26PCH112,25PGC1SL01,"Self - Learning: Global Citizenship Education",1,2,06FCH19,"Dr A Irudaya Jothi",9047288247,irudayajothi_ch1@mail.sjctni.edu
26PCH113,25PGC1SL01,"Self - Learning: Global Citizenship Education",1,2,06FCH19,"Dr A Irudaya Jothi",9047288247,irudayajothi_ch1@mail.sjctni.edu
26PCH114,25PGC1SL01,"Self - Learning: Global Citizenship Education",1,2,06FCH19,"Dr A Irudaya Jothi",9047288247,irudayajothi_ch1@mail.sjctni.edu
26PCH115,25PGC1SL01,"Self - Learning: Global Citizenship Education",1,2,06FCH19,"Dr A Irudaya Jothi",9047288247,irudayajothi_ch1@mail.sjctni.edu
26PCH116,25PGC1SL01,"Self - Learning: Global Citizenship Education",1,2,06FCH19,"Dr A Irudaya Jothi",9047288247,irudayajothi_ch1@mail.sjctni.edu
26PCH117,25PGC1SL01,"Self - Learning: Global Citizenship Education",1,2,06FCH19,"Dr A Irudaya Jothi",9047288247,irudayajothi_ch1@mail.sjctni.edu
26PCH118,25PGC1SL01,"Self - Learning: Global Citizenship Education",1,2,06FCH19,"Dr A Irudaya Jothi",9047288247,irudayajothi_ch1@mail.sjctni.edu
26PCH119,25PGC1SL01,"Self - Learning: Global Citizenship Education",1,2,06FCH19,"Dr A Irudaya Jothi",9047288247,irudayajothi_ch1@mail.sjctni.edu
26PCH120,25PGC1SL01,"Self - Learning: Global Citizenship Education",1,2,06FCH19,"Dr A Irudaya Jothi",9047288247,irudayajothi_ch1@mail.sjctni.edu
26PCH121,25PGC1SL01,"Self - Learning: Global Citizenship Education",1,2,06FCH19,"Dr A Irudaya Jothi",9047288247,irudayajothi_ch1@mail.sjctni.edu
26PCH122,25PGC1SL01,"Self - Learning: Global Citizenship Education",1,2,06FCH19,"Dr A Irudaya Jothi",9047288247,irudayajothi_ch1@mail.sjctni.edu
26PCH123,25PGC1SL01,"Self - Learning: Global Citizenship Education",1,2,06FCH19,"Dr A Irudaya Jothi",9047288247,irudayajothi_ch1@mail.sjctni.edu
26PCH124,25PGC1SL01,"Self - Learning: Global Citizenship Education",1,2,06FCH19,"Dr A Irudaya Jothi",9047288247,irudayajothi_ch1@mail.sjctni.edu
26PCH125,25PGC1SL01,"Self - Learning: Global Citizenship Education",1,2,06FCH19,"Dr A Irudaya Jothi",9047288247,irudayajothi_ch1@mail.sjctni.edu
26PCH126,25PGC1SL01,"Self - Learning: Global Citizenship Education",1,2,06FCH19,"Dr A Irudaya Jothi",9047288247,irudayajothi_ch1@mail.sjctni.edu
26PCH127,25PGC1SL01,"Self - Learning: Global Citizenship Education",1,2,06FCH19,"Dr A Irudaya Jothi",9047288247,irudayajothi_ch1@mail.sjctni.edu
26PCH128,25PGC1SL01,"Self - Learning: Global Citizenship Education",1,2,06FCH19,"Dr A Irudaya Jothi",9047288247,irudayajothi_ch1@mail.sjctni.edu
26PCH129,25PGC1SL01,"Self - Learning: Global Citizenship Education",1,2,06FCH19,"Dr A Irudaya Jothi",9047288247,irudayajothi_ch1@mail.sjctni.edu
26PCH130,25PGC1SL01,"Self - Learning: Global Citizenship Education",1,2,06FCH19,"Dr A Irudaya Jothi",9047288247,irudayajothi_ch1@mail.sjctni.edu
26PCH131,25PGC1SL01,"Self - Learning: Global Citizenship Education",1,2,06FCH19,"Dr A Irudaya Jothi",9047288247,irudayajothi_ch1@mail.sjctni.edu
26PCH132,25PGC1SL01,"Self - Learning: Global Citizenship Education",1,2,06FCH19,"Dr A Irudaya Jothi",9047288247,irudayajothi_ch1@mail.sjctni.edu
26PCH133,25PGC1SL01,"Self - Learning: Global Citizenship Education",1,2,06FCH19,"Dr A Irudaya Jothi",9047288247,irudayajothi_ch1@mail.sjctni.edu
26PCH134,25PGC1SL01,"Self - Learning: Global Citizenship Education",1,2,06FCH19,"Dr A Irudaya Jothi",9047288247,irudayajothi_ch1@mail.sjctni.edu
26PCH801,25PGC1SL01,"Self - Learning: Global Citizenship Education",2,4,26SCH51,"Dr S Celestina",8760009991,drcelestina_ch2@mail.sjctni.edu
26PCH802,25PGC1SL01,"Self - Learning: Global Citizenship Education",2,4,26SCH51,"Dr S Celestina",8760009991,drcelestina_ch2@mail.sjctni.edu
26PCH803,25PGC1SL01,"Self - Learning: Global Citizenship Education",2,4,26SCH51,"Dr S Celestina",8760009991,drcelestina_ch2@mail.sjctni.edu
26PCH806,25PGC1SL01,"Self - Learning: Global Citizenship Education",2,4,26SCH51,"Dr S Celestina",8760009991,drcelestina_ch2@mail.sjctni.edu
26PCH807,25PGC1SL01,"Self - Learning: Global Citizenship Education",2,4,26SCH51,"Dr S Celestina",8760009991,drcelestina_ch2@mail.sjctni.edu
26PCH808,25PGC1SL01,"Self - Learning: Global Citizenship Education",2,4,26SCH51,"Dr S Celestina",8760009991,drcelestina_ch2@mail.sjctni.edu
26PCH809,25PGC1SL01,"Self - Learning: Global Citizenship Education",2,4,26SCH51,"Dr S Celestina",8760009991,drcelestina_ch2@mail.sjctni.edu
26PCH811,25PGC1SL01,"Self - Learning: Global Citizenship Education",2,4,26SCH51,"Dr S Celestina",8760009991,drcelestina_ch2@mail.sjctni.edu
26PCH812,25PGC1SL01,"Self - Learning: Global Citizenship Education",2,4,26SCH51,"Dr S Celestina",8760009991,drcelestina_ch2@mail.sjctni.edu
26PCH813,25PGC1SL01,"Self - Learning: Global Citizenship Education",2,4,26SCH51,"Dr S Celestina",8760009991,drcelestina_ch2@mail.sjctni.edu
26PCH814,25PGC1SL01,"Self - Learning: Global Citizenship Education",2,4,26SCH51,"Dr S Celestina",8760009991,drcelestina_ch2@mail.sjctni.edu
26PCH815,25PGC1SL01,"Self - Learning: Global Citizenship Education",2,4,26SCH51,"Dr S Celestina",8760009991,drcelestina_ch2@mail.sjctni.edu
26PCH816,25PGC1SL01,"Self - Learning: Global Citizenship Education",2,4,26SCH51,"Dr S Celestina",8760009991,drcelestina_ch2@mail.sjctni.edu
26PCH817,25PGC1SL01,"Self - Learning: Global Citizenship Education",2,4,26SCH51,"Dr S Celestina",8760009991,drcelestina_ch2@mail.sjctni.edu
26PCH818,25PGC1SL01,"Self - Learning: Global Citizenship Education",2,4,26SCH51,"Dr S Celestina",8760009991,drcelestina_ch2@mail.sjctni.edu
26PCH819,25PGC1SL01,"Self - Learning: Global Citizenship Education",2,4,26SCH51,"Dr S Celestina",8760009991,drcelestina_ch2@mail.sjctni.edu
26PCH820,25PGC1SL01,"Self - Learning: Global Citizenship Education",2,4,26SCH51,"Dr S Celestina",8760009991,drcelestina_ch2@mail.sjctni.edu
26PCH821,25PGC1SL01,"Self - Learning: Global Citizenship Education",2,4,26SCH51,"Dr S Celestina",8760009991,drcelestina_ch2@mail.sjctni.edu
26PCH822,25PGC1SL01,"Self - Learning: Global Citizenship Education",2,4,26SCH51,"Dr S Celestina",8760009991,drcelestina_ch2@mail.sjctni.edu
26PCH823,25PGC1SL01,"Self - Learning: Global Citizenship Education",2,4,26SCH51,"Dr S Celestina",8760009991,drcelestina_ch2@mail.sjctni.edu
26PCH824,25PGC1SL01,"Self - Learning: Global Citizenship Education",2,4,26SCH51,"Dr S Celestina",8760009991,drcelestina_ch2@mail.sjctni.edu
26PCO101,25PGC1SL01,"Self - Learning: Global Citizenship Education",1,3,07FCM01,"Mr D Maria Antony",9443181206,mariaantony_co1@mail.sjctni.edu
26PCO102,25PGC1SL01,"Self - Learning: Global Citizenship Education",1,3,07FCM01,"Mr D Maria Antony",9443181206,mariaantony_co1@mail.sjctni.edu
26PCO103,25PGC1SL01,"Self - Learning: Global Citizenship Education",1,3,07FCM01,"Mr D Maria Antony",9443181206,mariaantony_co1@mail.sjctni.edu
26PCO104,25PGC1SL01,"Self - Learning: Global Citizenship Education",1,3,07FCM01,"Mr D Maria Antony",9443181206,mariaantony_co1@mail.sjctni.edu
26PCO105,25PGC1SL01,"Self - Learning: Global Citizenship Education",1,3,07FCM01,"Mr D Maria Antony",9443181206,mariaantony_co1@mail.sjctni.edu
26PCO106,25PGC1SL01,"Self - Learning: Global Citizenship Education",1,3,07FCM01,"Mr D Maria Antony",9443181206,mariaantony_co1@mail.sjctni.edu
26PCO107,25PGC1SL01,"Self - Learning: Global Citizenship Education",1,3,07FCM01,"Mr D Maria Antony",9443181206,mariaantony_co1@mail.sjctni.edu
26PCO108,25PGC1SL01,"Self - Learning: Global Citizenship Education",1,3,07FCM01,"Mr D Maria Antony",9443181206,mariaantony_co1@mail.sjctni.edu
26PCO109,25PGC1SL01,"Self - Learning: Global Citizenship Education",1,3,07FCM01,"Mr D Maria Antony",9443181206,mariaantony_co1@mail.sjctni.edu
26PCO110,25PGC1SL01,"Self - Learning: Global Citizenship Education",1,3,07FCM01,"Mr D Maria Antony",9443181206,mariaantony_co1@mail.sjctni.edu
26PCO111,25PGC1SL01,"Self - Learning: Global Citizenship Education",1,3,07FCM01,"Mr D Maria Antony",9443181206,mariaantony_co1@mail.sjctni.edu
26PCO112,25PGC1SL01,"Self - Learning: Global Citizenship Education",1,3,07FCM01,"Mr D Maria Antony",9443181206,mariaantony_co1@mail.sjctni.edu
26PCO113,25PGC1SL01,"Self - Learning: Global Citizenship Education",1,3,07FCM01,"Mr D Maria Antony",9443181206,mariaantony_co1@mail.sjctni.edu
26PCO114,25PGC1SL01,"Self - Learning: Global Citizenship Education",1,3,07FCM01,"Mr D Maria Antony",9443181206,mariaantony_co1@mail.sjctni.edu
26PCO115,25PGC1SL01,"Self - Learning: Global Citizenship Education",1,3,07FCM01,"Mr D Maria Antony",9443181206,mariaantony_co1@mail.sjctni.edu
26PCO116,25PGC1SL01,"Self - Learning: Global Citizenship Education",1,3,07FCM01,"Mr D Maria Antony",9443181206,mariaantony_co1@mail.sjctni.edu
26PCO117,25PGC1SL01,"Self - Learning: Global Citizenship Education",1,3,07FCM01,"Mr D Maria Antony",9443181206,mariaantony_co1@mail.sjctni.edu
26PCO118,25PGC1SL01,"Self - Learning: Global Citizenship Education",1,3,07FCM01,"Mr D Maria Antony",9443181206,mariaantony_co1@mail.sjctni.edu
26PCO119,25PGC1SL01,"Self - Learning: Global Citizenship Education",1,3,07FCM01,"Mr D Maria Antony",9443181206,mariaantony_co1@mail.sjctni.edu
26PCO120,25PGC1SL01,"Self - Learning: Global Citizenship Education",1,3,07FCM01,"Mr D Maria Antony",9443181206,mariaantony_co1@mail.sjctni.edu
26PCO121,25PGC1SL01,"Self - Learning: Global Citizenship Education",1,3,07FCM01,"Mr D Maria Antony",9443181206,mariaantony_co1@mail.sjctni.edu
26PCO122,25PGC1SL01,"Self - Learning: Global Citizenship Education",1,3,07FCM01,"Mr D Maria Antony",9443181206,mariaantony_co1@mail.sjctni.edu
26PCO123,25PGC1SL01,"Self - Learning: Global Citizenship Education",1,3,07FCM01,"Mr D Maria Antony",9443181206,mariaantony_co1@mail.sjctni.edu
26PCO124,25PGC1SL01,"Self - Learning: Global Citizenship Education",1,3,07FCM01,"Mr D Maria Antony",9443181206,mariaantony_co1@mail.sjctni.edu
26PCO125,25PGC1SL01,"Self - Learning: Global Citizenship Education",1,3,07FCM01,"Mr D Maria Antony",9443181206,mariaantony_co1@mail.sjctni.edu
26PCO126,25PGC1SL01,"Self - Learning: Global Citizenship Education",1,3,07FCM01,"Mr D Maria Antony",9443181206,mariaantony_co1@mail.sjctni.edu
26PCO127,25PGC1SL01,"Self - Learning: Global Citizenship Education",1,3,07FCM01,"Mr D Maria Antony",9443181206,mariaantony_co1@mail.sjctni.edu
26PCO128,25PGC1SL01,"Self - Learning: Global Citizenship Education",1,3,07FCM01,"Mr D Maria Antony",9443181206,mariaantony_co1@mail.sjctni.edu
26PCO129,25PGC1SL01,"Self - Learning: Global Citizenship Education",1,3,07FCM01,"Mr D Maria Antony",9443181206,mariaantony_co1@mail.sjctni.edu
26PCO130,25PGC1SL01,"Self - Learning: Global Citizenship Education",1,3,07FCM01,"Mr D Maria Antony",9443181206,mariaantony_co1@mail.sjctni.edu
26PCO131,25PGC1SL01,"Self - Learning: Global Citizenship Education",1,3,07FCM01,"Mr D Maria Antony",9443181206,mariaantony_co1@mail.sjctni.edu
26PCO132,25PGC1SL01,"Self - Learning: Global Citizenship Education",1,3,07FCM01,"Mr D Maria Antony",9443181206,mariaantony_co1@mail.sjctni.edu
26PCO133,25PGC1SL01,"Self - Learning: Global Citizenship Education",1,3,07FCM01,"Mr D Maria Antony",9443181206,mariaantony_co1@mail.sjctni.edu
26PCO134,25PGC1SL01,"Self - Learning: Global Citizenship Education",1,3,07FCM01,"Mr D Maria Antony",9443181206,mariaantony_co1@mail.sjctni.edu
26PCO135,25PGC1SL01,"Self - Learning: Global Citizenship Education",1,3,07FCM01,"Mr D Maria Antony",9443181206,mariaantony_co1@mail.sjctni.edu
26PCO137,25PGC1SL01,"Self - Learning: Global Citizenship Education",1,3,07FCM01,"Mr D Maria Antony",9443181206,mariaantony_co1@mail.sjctni.edu
26PCO138,25PGC1SL01,"Self - Learning: Global Citizenship Education",1,3,07FCM01,"Mr D Maria Antony",9443181206,mariaantony_co1@mail.sjctni.edu
26PCO139,25PGC1SL01,"Self - Learning: Global Citizenship Education",1,3,07FCM01,"Mr D Maria Antony",9443181206,mariaantony_co1@mail.sjctni.edu
26PCO140,25PGC1SL01,"Self - Learning: Global Citizenship Education",1,3,07FCM01,"Mr D Maria Antony",9443181206,mariaantony_co1@mail.sjctni.edu
26PCO141,25PGC1SL01,"Self - Learning: Global Citizenship Education",1,3,07FCM01,"Mr D Maria Antony",9443181206,mariaantony_co1@mail.sjctni.edu
26PCO142,25PGC1SL01,"Self - Learning: Global Citizenship Education",1,3,07FCM01,"Mr D Maria Antony",9443181206,mariaantony_co1@mail.sjctni.edu
26PCO143,25PGC1SL01,"Self - Learning: Global Citizenship Education",1,3,07FCM01,"Mr D Maria Antony",9443181206,mariaantony_co1@mail.sjctni.edu
26PCO144,25PGC1SL01,"Self - Learning: Global Citizenship Education",1,3,07FCM01,"Mr D Maria Antony",9443181206,mariaantony_co1@mail.sjctni.edu
26PCO145,25PGC1SL01,"Self - Learning: Global Citizenship Education",1,3,07FCM01,"Mr D Maria Antony",9443181206,mariaantony_co1@mail.sjctni.edu
26PCO146,25PGC1SL01,"Self - Learning: Global Citizenship Education",1,3,07FCM01,"Mr D Maria Antony",9443181206,mariaantony_co1@mail.sjctni.edu
26PCO147,25PGC1SL01,"Self - Learning: Global Citizenship Education",1,3,07FCM01,"Mr D Maria Antony",9443181206,mariaantony_co1@mail.sjctni.edu
26PCP801,25PGC1SL01,"Self - Learning: Global Citizenship Education",2,8,24CCP52,"Ms F M Christeeba",6383085092,christeeba_cp2@mail.sjctni.edu
26PCP802,25PGC1SL01,"Self - Learning: Global Citizenship Education",2,8,24CCP52,"Ms F M Christeeba",6383085092,christeeba_cp2@mail.sjctni.edu
26PCP803,25PGC1SL01,"Self - Learning: Global Citizenship Education",2,8,24CCP52,"Ms F M Christeeba",6383085092,christeeba_cp2@mail.sjctni.edu
26PCP804,25PGC1SL01,"Self - Learning: Global Citizenship Education",2,8,24CCP52,"Ms F M Christeeba",6383085092,christeeba_cp2@mail.sjctni.edu
26PCP805,25PGC1SL01,"Self - Learning: Global Citizenship Education",2,8,24CCP52,"Ms F M Christeeba",6383085092,christeeba_cp2@mail.sjctni.edu
26PCP806,25PGC1SL01,"Self - Learning: Global Citizenship Education",2,8,24CCP52,"Ms F M Christeeba",6383085092,christeeba_cp2@mail.sjctni.edu
26PCP807,25PGC1SL01,"Self - Learning: Global Citizenship Education",2,8,24CCP52,"Ms F M Christeeba",6383085092,christeeba_cp2@mail.sjctni.edu
26PCP808,25PGC1SL01,"Self - Learning: Global Citizenship Education",2,8,24CCP52,"Ms F M Christeeba",6383085092,christeeba_cp2@mail.sjctni.edu
26PCP809,25PGC1SL01,"Self - Learning: Global Citizenship Education",2,8,24CCP52,"Ms F M Christeeba",6383085092,christeeba_cp2@mail.sjctni.edu
26PCP810,25PGC1SL01,"Self - Learning: Global Citizenship Education",2,8,24CCP52,"Ms F M Christeeba",6383085092,christeeba_cp2@mail.sjctni.edu
26PCP811,25PGC1SL01,"Self - Learning: Global Citizenship Education",2,8,24CCP52,"Ms F M Christeeba",6383085092,christeeba_cp2@mail.sjctni.edu
26PCP812,25PGC1SL01,"Self - Learning: Global Citizenship Education",2,8,24CCP52,"Ms F M Christeeba",6383085092,christeeba_cp2@mail.sjctni.edu
26PCP813,25PGC1SL01,"Self - Learning: Global Citizenship Education",2,8,24CCP52,"Ms F M Christeeba",6383085092,christeeba_cp2@mail.sjctni.edu
26PCP814,25PGC1SL01,"Self - Learning: Global Citizenship Education",2,8,24CCP52,"Ms F M Christeeba",6383085092,christeeba_cp2@mail.sjctni.edu
26PCP816,25PGC1SL01,"Self - Learning: Global Citizenship Education",2,8,24CCP52,"Ms F M Christeeba",6383085092,christeeba_cp2@mail.sjctni.edu
26PCP817,25PGC1SL01,"Self - Learning: Global Citizenship Education",2,8,24CCP52,"Ms F M Christeeba",6383085092,christeeba_cp2@mail.sjctni.edu
26PCP818,25PGC1SL01,"Self - Learning: Global Citizenship Education",2,8,24CCP52,"Ms F M Christeeba",6383085092,christeeba_cp2@mail.sjctni.edu
26PCP819,25PGC1SL01,"Self - Learning: Global Citizenship Education",2,8,24CCP52,"Ms F M Christeeba",6383085092,christeeba_cp2@mail.sjctni.edu
26PCP820,25PGC1SL01,"Self - Learning: Global Citizenship Education",2,8,24CCP52,"Ms F M Christeeba",6383085092,christeeba_cp2@mail.sjctni.edu
26PCP821,25PGC1SL01,"Self - Learning: Global Citizenship Education",2,8,24CCP52,"Ms F M Christeeba",6383085092,christeeba_cp2@mail.sjctni.edu
26PCP822,25PGC1SL01,"Self - Learning: Global Citizenship Education",2,8,24CCP52,"Ms F M Christeeba",6383085092,christeeba_cp2@mail.sjctni.edu
26PCP823,25PGC1SL01,"Self - Learning: Global Citizenship Education",2,8,24CCP52,"Ms F M Christeeba",6383085092,christeeba_cp2@mail.sjctni.edu
26PCP824,25PGC1SL01,"Self - Learning: Global Citizenship Education",2,8,24CCP52,"Ms F M Christeeba",6383085092,christeeba_cp2@mail.sjctni.edu
26PCP825,25PGC1SL01,"Self - Learning: Global Citizenship Education",2,8,24CCP52,"Ms F M Christeeba",6383085092,christeeba_cp2@mail.sjctni.edu
26PCP826,25PGC1SL01,"Self - Learning: Global Citizenship Education",2,8,24CCP52,"Ms F M Christeeba",6383085092,christeeba_cp2@mail.sjctni.edu
26PCP827,25PGC1SL01,"Self - Learning: Global Citizenship Education",2,8,24CCP52,"Ms F M Christeeba",6383085092,christeeba_cp2@mail.sjctni.edu
26PCP828,25PGC1SL01,"Self - Learning: Global Citizenship Education",2,8,24CCP52,"Ms F M Christeeba",6383085092,christeeba_cp2@mail.sjctni.edu
26PCP829,25PGC1SL01,"Self - Learning: Global Citizenship Education",2,8,24CCP52,"Ms F M Christeeba",6383085092,christeeba_cp2@mail.sjctni.edu
26PCP830,25PGC1SL01,"Self - Learning: Global Citizenship Education",2,8,24CCP52,"Ms F M Christeeba",6383085092,christeeba_cp2@mail.sjctni.edu
26PCP831,25PGC1SL01,"Self - Learning: Global Citizenship Education",2,8,24CCP52,"Ms F M Christeeba",6383085092,christeeba_cp2@mail.sjctni.edu
26PCP832,25PGC1SL01,"Self - Learning: Global Citizenship Education",2,8,24CCP52,"Ms F M Christeeba",6383085092,christeeba_cp2@mail.sjctni.edu
26PCP833,25PGC1SL01,"Self - Learning: Global Citizenship Education",2,8,24CCP52,"Ms F M Christeeba",6383085092,christeeba_cp2@mail.sjctni.edu
26PCP834,25PGC1SL01,"Self - Learning: Global Citizenship Education",2,8,24CCP52,"Ms F M Christeeba",6383085092,christeeba_cp2@mail.sjctni.edu
26PCP835,25PGC1SL01,"Self - Learning: Global Citizenship Education",2,8,24CCP52,"Ms F M Christeeba",6383085092,christeeba_cp2@mail.sjctni.edu
26PCP836,25PGC1SL01,"Self - Learning: Global Citizenship Education",2,8,24CCP52,"Ms F M Christeeba",6383085092,christeeba_cp2@mail.sjctni.edu
26PCP837,25PGC1SL01,"Self - Learning: Global Citizenship Education",2,8,24CCP52,"Ms F M Christeeba",6383085092,christeeba_cp2@mail.sjctni.edu
26PCP838,25PGC1SL01,"Self - Learning: Global Citizenship Education",2,8,24CCP52,"Ms F M Christeeba",6383085092,christeeba_cp2@mail.sjctni.edu
26PCP839,25PGC1SL01,"Self - Learning: Global Citizenship Education",2,8,24CCP52,"Ms F M Christeeba",6383085092,christeeba_cp2@mail.sjctni.edu
26PCP840,25PGC1SL01,"Self - Learning: Global Citizenship Education",2,8,24CCP52,"Ms F M Christeeba",6383085092,christeeba_cp2@mail.sjctni.edu
26PCP841,25PGC1SL01,"Self - Learning: Global Citizenship Education",2,8,24CCP52,"Ms F M Christeeba",6383085092,christeeba_cp2@mail.sjctni.edu
26PCP842,25PGC1SL01,"Self - Learning: Global Citizenship Education",2,8,24CCP52,"Ms F M Christeeba",6383085092,christeeba_cp2@mail.sjctni.edu
26PCP843,25PGC1SL01,"Self - Learning: Global Citizenship Education",2,8,24CCP52,"Ms F M Christeeba",6383085092,christeeba_cp2@mail.sjctni.edu
26PCP844,25PGC1SL01,"Self - Learning: Global Citizenship Education",2,8,24CCP52,"Ms F M Christeeba",6383085092,christeeba_cp2@mail.sjctni.edu
26PCP845,25PGC1SL01,"Self - Learning: Global Citizenship Education",2,8,24CCP52,"Ms F M Christeeba",6383085092,christeeba_cp2@mail.sjctni.edu
26PCP846,25PGC1SL01,"Self - Learning: Global Citizenship Education",2,8,24CCP52,"Ms F M Christeeba",6383085092,christeeba_cp2@mail.sjctni.edu
26PCP847,25PGC1SL01,"Self - Learning: Global Citizenship Education",2,8,24CCP52,"Ms F M Christeeba",6383085092,christeeba_cp2@mail.sjctni.edu
26PCP848,25PGC1SL01,"Self - Learning: Global Citizenship Education",2,8,24CCP52,"Ms F M Christeeba",6383085092,christeeba_cp2@mail.sjctni.edu
26PCP849,25PGC1SL01,"Self - Learning: Global Citizenship Education",2,8,24CCP52,"Ms F M Christeeba",6383085092,christeeba_cp2@mail.sjctni.edu
26PCP850,25PGC1SL01,"Self - Learning: Global Citizenship Education",2,8,24CCP52,"Ms F M Christeeba",6383085092,christeeba_cp2@mail.sjctni.edu
26PCP851,25PGC1SL01,"Self - Learning: Global Citizenship Education",2,8,24CCP52,"Ms F M Christeeba",6383085092,christeeba_cp2@mail.sjctni.edu
26PCP852,25PGC1SL01,"Self - Learning: Global Citizenship Education",2,8,24CCP52,"Ms F M Christeeba",6383085092,christeeba_cp2@mail.sjctni.edu
26PCS801,25PGC1SL01,"Self - Learning: Global Citizenship Education",2,6,11TIT04,"Dr V Maria Antoniate Martin",9095579584,mariaantoniatemartin_it2@mail.sjctni.edu
26PCS802,25PGC1SL01,"Self - Learning: Global Citizenship Education",2,6,11TIT04,"Dr V Maria Antoniate Martin",9095579584,mariaantoniatemartin_it2@mail.sjctni.edu
26PCS803,25PGC1SL01,"Self - Learning: Global Citizenship Education",2,6,11TIT04,"Dr V Maria Antoniate Martin",9095579584,mariaantoniatemartin_it2@mail.sjctni.edu
26PCS804,25PGC1SL01,"Self - Learning: Global Citizenship Education",2,6,11TIT04,"Dr V Maria Antoniate Martin",9095579584,mariaantoniatemartin_it2@mail.sjctni.edu
26PCS805,25PGC1SL01,"Self - Learning: Global Citizenship Education",2,6,11TIT04,"Dr V Maria Antoniate Martin",9095579584,mariaantoniatemartin_it2@mail.sjctni.edu
26PCS806,25PGC1SL01,"Self - Learning: Global Citizenship Education",2,6,11TIT04,"Dr V Maria Antoniate Martin",9095579584,mariaantoniatemartin_it2@mail.sjctni.edu
26PCS807,25PGC1SL01,"Self - Learning: Global Citizenship Education",2,6,11TIT04,"Dr V Maria Antoniate Martin",9095579584,mariaantoniatemartin_it2@mail.sjctni.edu
26PCS808,25PGC1SL01,"Self - Learning: Global Citizenship Education",2,6,11TIT04,"Dr V Maria Antoniate Martin",9095579584,mariaantoniatemartin_it2@mail.sjctni.edu
26PCS809,25PGC1SL01,"Self - Learning: Global Citizenship Education",2,6,11TIT04,"Dr V Maria Antoniate Martin",9095579584,mariaantoniatemartin_it2@mail.sjctni.edu
26PCS810,25PGC1SL01,"Self - Learning: Global Citizenship Education",2,6,11TIT04,"Dr V Maria Antoniate Martin",9095579584,mariaantoniatemartin_it2@mail.sjctni.edu
26PCS811,25PGC1SL01,"Self - Learning: Global Citizenship Education",2,6,11TIT04,"Dr V Maria Antoniate Martin",9095579584,mariaantoniatemartin_it2@mail.sjctni.edu
26PCS812,25PGC1SL01,"Self - Learning: Global Citizenship Education",2,6,11TIT04,"Dr V Maria Antoniate Martin",9095579584,mariaantoniatemartin_it2@mail.sjctni.edu
26PCS813,25PGC1SL01,"Self - Learning: Global Citizenship Education",2,6,11TIT04,"Dr V Maria Antoniate Martin",9095579584,mariaantoniatemartin_it2@mail.sjctni.edu
26PCS814,25PGC1SL01,"Self - Learning: Global Citizenship Education",2,6,11TIT04,"Dr V Maria Antoniate Martin",9095579584,mariaantoniatemartin_it2@mail.sjctni.edu
26PCS815,25PGC1SL01,"Self - Learning: Global Citizenship Education",2,6,11TIT04,"Dr V Maria Antoniate Martin",9095579584,mariaantoniatemartin_it2@mail.sjctni.edu
26PCS816,25PGC1SL01,"Self - Learning: Global Citizenship Education",2,6,11TIT04,"Dr V Maria Antoniate Martin",9095579584,mariaantoniatemartin_it2@mail.sjctni.edu
26PCS817,25PGC1SL01,"Self - Learning: Global Citizenship Education",2,6,11TIT04,"Dr V Maria Antoniate Martin",9095579584,mariaantoniatemartin_it2@mail.sjctni.edu
26PCS818,25PGC1SL01,"Self - Learning: Global Citizenship Education",2,6,11TIT04,"Dr V Maria Antoniate Martin",9095579584,mariaantoniatemartin_it2@mail.sjctni.edu
26PCS819,25PGC1SL01,"Self - Learning: Global Citizenship Education",2,6,11TIT04,"Dr V Maria Antoniate Martin",9095579584,mariaantoniatemartin_it2@mail.sjctni.edu
26PCS820,25PGC1SL01,"Self - Learning: Global Citizenship Education",2,6,11TIT04,"Dr V Maria Antoniate Martin",9095579584,mariaantoniatemartin_it2@mail.sjctni.edu
26PCS821,25PGC1SL01,"Self - Learning: Global Citizenship Education",2,6,11TIT04,"Dr V Maria Antoniate Martin",9095579584,mariaantoniatemartin_it2@mail.sjctni.edu
26PCS822,25PGC1SL01,"Self - Learning: Global Citizenship Education",2,6,11TIT04,"Dr V Maria Antoniate Martin",9095579584,mariaantoniatemartin_it2@mail.sjctni.edu
26PCS823,25PGC1SL01,"Self - Learning: Global Citizenship Education",2,6,11TIT04,"Dr V Maria Antoniate Martin",9095579584,mariaantoniatemartin_it2@mail.sjctni.edu
26PCS825,25PGC1SL01,"Self - Learning: Global Citizenship Education",2,6,11TIT04,"Dr V Maria Antoniate Martin",9095579584,mariaantoniatemartin_it2@mail.sjctni.edu
26PCS826,25PGC1SL01,"Self - Learning: Global Citizenship Education",2,6,11TIT04,"Dr V Maria Antoniate Martin",9095579584,mariaantoniatemartin_it2@mail.sjctni.edu
26PCS827,25PGC1SL01,"Self - Learning: Global Citizenship Education",2,6,11TIT04,"Dr V Maria Antoniate Martin",9095579584,mariaantoniatemartin_it2@mail.sjctni.edu
26PCS828,25PGC1SL01,"Self - Learning: Global Citizenship Education",2,6,11TIT04,"Dr V Maria Antoniate Martin",9095579584,mariaantoniatemartin_it2@mail.sjctni.edu
26PCS830,25PGC1SL01,"Self - Learning: Global Citizenship Education",2,6,11TIT04,"Dr V Maria Antoniate Martin",9095579584,mariaantoniatemartin_it2@mail.sjctni.edu
26PCS831,25PGC1SL01,"Self - Learning: Global Citizenship Education",2,6,11TIT04,"Dr V Maria Antoniate Martin",9095579584,mariaantoniatemartin_it2@mail.sjctni.edu
26PCS832,25PGC1SL01,"Self - Learning: Global Citizenship Education",2,6,11TIT04,"Dr V Maria Antoniate Martin",9095579584,mariaantoniatemartin_it2@mail.sjctni.edu
26PCS833,25PGC1SL01,"Self - Learning: Global Citizenship Education",2,6,11TIT04,"Dr V Maria Antoniate Martin",9095579584,mariaantoniatemartin_it2@mail.sjctni.edu
26PCS834,25PGC1SL01,"Self - Learning: Global Citizenship Education",2,6,11TIT04,"Dr V Maria Antoniate Martin",9095579584,mariaantoniatemartin_it2@mail.sjctni.edu
26PCS835,25PGC1SL01,"Self - Learning: Global Citizenship Education",2,6,11TIT04,"Dr V Maria Antoniate Martin",9095579584,mariaantoniatemartin_it2@mail.sjctni.edu
26PCS836,25PGC1SL01,"Self - Learning: Global Citizenship Education",2,6,11TIT04,"Dr V Maria Antoniate Martin",9095579584,mariaantoniatemartin_it2@mail.sjctni.edu
26PCS837,25PGC1SL01,"Self - Learning: Global Citizenship Education",2,6,11TIT04,"Dr V Maria Antoniate Martin",9095579584,mariaantoniatemartin_it2@mail.sjctni.edu
26PCS838,25PGC1SL01,"Self - Learning: Global Citizenship Education",2,6,11TIT04,"Dr V Maria Antoniate Martin",9095579584,mariaantoniatemartin_it2@mail.sjctni.edu
26PCS839,25PGC1SL01,"Self - Learning: Global Citizenship Education",2,6,11TIT04,"Dr V Maria Antoniate Martin",9095579584,mariaantoniatemartin_it2@mail.sjctni.edu
26PCS840,25PGC1SL01,"Self - Learning: Global Citizenship Education",2,6,11TIT04,"Dr V Maria Antoniate Martin",9095579584,mariaantoniatemartin_it2@mail.sjctni.edu
26PCS841,25PGC1SL01,"Self - Learning: Global Citizenship Education",2,6,11TIT04,"Dr V Maria Antoniate Martin",9095579584,mariaantoniatemartin_it2@mail.sjctni.edu
26PCS842,25PGC1SL01,"Self - Learning: Global Citizenship Education",2,6,11TIT04,"Dr V Maria Antoniate Martin",9095579584,mariaantoniatemartin_it2@mail.sjctni.edu
26PCS843,25PGC1SL01,"Self - Learning: Global Citizenship Education",2,6,11TIT04,"Dr V Maria Antoniate Martin",9095579584,mariaantoniatemartin_it2@mail.sjctni.edu
26PCS845,25PGC1SL01,"Self - Learning: Global Citizenship Education",2,6,11TIT04,"Dr V Maria Antoniate Martin",9095579584,mariaantoniatemartin_it2@mail.sjctni.edu
26PCS846,25PGC1SL01,"Self - Learning: Global Citizenship Education",2,6,11TIT04,"Dr V Maria Antoniate Martin",9095579584,mariaantoniatemartin_it2@mail.sjctni.edu
26PCS847,25PGC1SL01,"Self - Learning: Global Citizenship Education",2,6,11TIT04,"Dr V Maria Antoniate Martin",9095579584,mariaantoniatemartin_it2@mail.sjctni.edu
26PCS848,25PGC1SL01,"Self - Learning: Global Citizenship Education",2,6,11TIT04,"Dr V Maria Antoniate Martin",9095579584,mariaantoniatemartin_it2@mail.sjctni.edu
26PCS849,25PGC1SL01,"Self - Learning: Global Citizenship Education",2,6,11TIT04,"Dr V Maria Antoniate Martin",9095579584,mariaantoniatemartin_it2@mail.sjctni.edu
26PCS902,25PGC1SL01,"Self - Learning: Global Citizenship Education",2,7,26CIT51,"Ms D Irine Auxilia Mary",NULL,dirineauxiliamary_cc@mail.sjctni.edu
26PCS903,25PGC1SL01,"Self - Learning: Global Citizenship Education",2,7,26CIT51,"Ms D Irine Auxilia Mary",NULL,dirineauxiliamary_cc@mail.sjctni.edu
26PCS904,25PGC1SL01,"Self - Learning: Global Citizenship Education",2,7,26CIT51,"Ms D Irine Auxilia Mary",NULL,dirineauxiliamary_cc@mail.sjctni.edu
26PCS905,25PGC1SL01,"Self - Learning: Global Citizenship Education",2,7,26CIT51,"Ms D Irine Auxilia Mary",NULL,dirineauxiliamary_cc@mail.sjctni.edu
26PCS906,25PGC1SL01,"Self - Learning: Global Citizenship Education",2,7,26CIT51,"Ms D Irine Auxilia Mary",NULL,dirineauxiliamary_cc@mail.sjctni.edu
26PCS907,25PGC1SL01,"Self - Learning: Global Citizenship Education",2,7,26CIT51,"Ms D Irine Auxilia Mary",NULL,dirineauxiliamary_cc@mail.sjctni.edu
26PCS908,25PGC1SL01,"Self - Learning: Global Citizenship Education",2,7,26CIT51,"Ms D Irine Auxilia Mary",NULL,dirineauxiliamary_cc@mail.sjctni.edu
26PCS909,25PGC1SL01,"Self - Learning: Global Citizenship Education",2,7,26CIT51,"Ms D Irine Auxilia Mary",NULL,dirineauxiliamary_cc@mail.sjctni.edu
26PCS910,25PGC1SL01,"Self - Learning: Global Citizenship Education",2,7,26CIT51,"Ms D Irine Auxilia Mary",NULL,dirineauxiliamary_cc@mail.sjctni.edu
26PCS911,25PGC1SL01,"Self - Learning: Global Citizenship Education",2,7,26CIT51,"Ms D Irine Auxilia Mary",NULL,dirineauxiliamary_cc@mail.sjctni.edu
26PCS912,25PGC1SL01,"Self - Learning: Global Citizenship Education",2,7,26CIT51,"Ms D Irine Auxilia Mary",NULL,dirineauxiliamary_cc@mail.sjctni.edu
26PCS913,25PGC1SL01,"Self - Learning: Global Citizenship Education",2,7,26CIT51,"Ms D Irine Auxilia Mary",NULL,dirineauxiliamary_cc@mail.sjctni.edu
26PCS914,25PGC1SL01,"Self - Learning: Global Citizenship Education",2,7,26CIT51,"Ms D Irine Auxilia Mary",NULL,dirineauxiliamary_cc@mail.sjctni.edu
26PCS915,25PGC1SL01,"Self - Learning: Global Citizenship Education",2,7,26CIT51,"Ms D Irine Auxilia Mary",NULL,dirineauxiliamary_cc@mail.sjctni.edu
26PCS916,25PGC1SL01,"Self - Learning: Global Citizenship Education",2,7,26CIT51,"Ms D Irine Auxilia Mary",NULL,dirineauxiliamary_cc@mail.sjctni.edu
26PCS917,25PGC1SL01,"Self - Learning: Global Citizenship Education",2,7,26CIT51,"Ms D Irine Auxilia Mary",NULL,dirineauxiliamary_cc@mail.sjctni.edu
26PCS918,25PGC1SL01,"Self - Learning: Global Citizenship Education",2,7,26CIT51,"Ms D Irine Auxilia Mary",NULL,dirineauxiliamary_cc@mail.sjctni.edu
26PCS919,25PGC1SL01,"Self - Learning: Global Citizenship Education",2,7,26CIT51,"Ms D Irine Auxilia Mary",NULL,dirineauxiliamary_cc@mail.sjctni.edu
26PCS920,25PGC1SL01,"Self - Learning: Global Citizenship Education",2,7,26CIT51,"Ms D Irine Auxilia Mary",NULL,dirineauxiliamary_cc@mail.sjctni.edu
26PCS921,25PGC1SL01,"Self - Learning: Global Citizenship Education",2,7,26CIT51,"Ms D Irine Auxilia Mary",NULL,dirineauxiliamary_cc@mail.sjctni.edu
26PCS922,25PGC1SL01,"Self - Learning: Global Citizenship Education",2,7,26CIT51,"Ms D Irine Auxilia Mary",NULL,dirineauxiliamary_cc@mail.sjctni.edu
26PCS923,25PGC1SL01,"Self - Learning: Global Citizenship Education",2,7,26CIT51,"Ms D Irine Auxilia Mary",NULL,dirineauxiliamary_cc@mail.sjctni.edu
26PCS924,25PGC1SL01,"Self - Learning: Global Citizenship Education",2,7,26CIT51,"Ms D Irine Auxilia Mary",NULL,dirineauxiliamary_cc@mail.sjctni.edu
26PCS925,25PGC1SL01,"Self - Learning: Global Citizenship Education",2,7,26CIT51,"Ms D Irine Auxilia Mary",NULL,dirineauxiliamary_cc@mail.sjctni.edu
26PCS926,25PGC1SL01,"Self - Learning: Global Citizenship Education",2,7,26CIT51,"Ms D Irine Auxilia Mary",NULL,dirineauxiliamary_cc@mail.sjctni.edu
26PCS927,25PGC1SL01,"Self - Learning: Global Citizenship Education",2,7,26CIT51,"Ms D Irine Auxilia Mary",NULL,dirineauxiliamary_cc@mail.sjctni.edu
26PCS928,25PGC1SL01,"Self - Learning: Global Citizenship Education",2,7,26CIT51,"Ms D Irine Auxilia Mary",NULL,dirineauxiliamary_cc@mail.sjctni.edu
26PCS929,25PGC1SL01,"Self - Learning: Global Citizenship Education",2,7,26CIT51,"Ms D Irine Auxilia Mary",NULL,dirineauxiliamary_cc@mail.sjctni.edu
26PCS930,25PGC1SL01,"Self - Learning: Global Citizenship Education",2,7,26CIT51,"Ms D Irine Auxilia Mary",NULL,dirineauxiliamary_cc@mail.sjctni.edu
26PCS931,25PGC1SL01,"Self - Learning: Global Citizenship Education",2,7,26CIT51,"Ms D Irine Auxilia Mary",NULL,dirineauxiliamary_cc@mail.sjctni.edu
26PCS932,25PGC1SL01,"Self - Learning: Global Citizenship Education",2,7,26CIT51,"Ms D Irine Auxilia Mary",NULL,dirineauxiliamary_cc@mail.sjctni.edu
26PCS933,25PGC1SL01,"Self - Learning: Global Citizenship Education",2,7,26CIT51,"Ms D Irine Auxilia Mary",NULL,dirineauxiliamary_cc@mail.sjctni.edu
26PCS934,25PGC1SL01,"Self - Learning: Global Citizenship Education",2,7,26CIT51,"Ms D Irine Auxilia Mary",NULL,dirineauxiliamary_cc@mail.sjctni.edu
26PCS935,25PGC1SL01,"Self - Learning: Global Citizenship Education",2,7,26CIT51,"Ms D Irine Auxilia Mary",NULL,dirineauxiliamary_cc@mail.sjctni.edu
26PCS936,25PGC1SL01,"Self - Learning: Global Citizenship Education",2,7,26CIT51,"Ms D Irine Auxilia Mary",NULL,dirineauxiliamary_cc@mail.sjctni.edu
26PCS937,25PGC1SL01,"Self - Learning: Global Citizenship Education",2,7,26CIT51,"Ms D Irine Auxilia Mary",NULL,dirineauxiliamary_cc@mail.sjctni.edu
26PCS938,25PGC1SL01,"Self - Learning: Global Citizenship Education",2,7,26CIT51,"Ms D Irine Auxilia Mary",NULL,dirineauxiliamary_cc@mail.sjctni.edu
26PCS939,25PGC1SL01,"Self - Learning: Global Citizenship Education",2,7,26CIT51,"Ms D Irine Auxilia Mary",NULL,dirineauxiliamary_cc@mail.sjctni.edu
26PCS940,25PGC1SL01,"Self - Learning: Global Citizenship Education",2,7,26CIT51,"Ms D Irine Auxilia Mary",NULL,dirineauxiliamary_cc@mail.sjctni.edu
26PCS941,25PGC1SL01,"Self - Learning: Global Citizenship Education",2,7,26CIT51,"Ms D Irine Auxilia Mary",NULL,dirineauxiliamary_cc@mail.sjctni.edu
26PCS942,25PGC1SL01,"Self - Learning: Global Citizenship Education",2,7,26CIT51,"Ms D Irine Auxilia Mary",NULL,dirineauxiliamary_cc@mail.sjctni.edu
26PCS943,25PGC1SL01,"Self - Learning: Global Citizenship Education",2,7,26CIT51,"Ms D Irine Auxilia Mary",NULL,dirineauxiliamary_cc@mail.sjctni.edu
26PCS944,25PGC1SL01,"Self - Learning: Global Citizenship Education",2,7,26CIT51,"Ms D Irine Auxilia Mary",NULL,dirineauxiliamary_cc@mail.sjctni.edu
26PCS945,25PGC1SL01,"Self - Learning: Global Citizenship Education",2,7,26CIT51,"Ms D Irine Auxilia Mary",NULL,dirineauxiliamary_cc@mail.sjctni.edu
26PCS946,25PGC1SL01,"Self - Learning: Global Citizenship Education",2,7,26CIT51,"Ms D Irine Auxilia Mary",NULL,dirineauxiliamary_cc@mail.sjctni.edu
26PCS947,25PGC1SL01,"Self - Learning: Global Citizenship Education",2,7,26CIT51,"Ms D Irine Auxilia Mary",NULL,dirineauxiliamary_cc@mail.sjctni.edu
26PDS801,25PGC1SL01,"Self - Learning: Global Citizenship Education",2,9,21CDS52,"Dr A Beatrice Dorothy",NULL,beatricedorothy_ds2@mail.sjctni.edu
26PDS802,25PGC1SL01,"Self - Learning: Global Citizenship Education",2,9,21CDS52,"Dr A Beatrice Dorothy",NULL,beatricedorothy_ds2@mail.sjctni.edu
26PDS803,25PGC1SL01,"Self - Learning: Global Citizenship Education",2,9,21CDS52,"Dr A Beatrice Dorothy",NULL,beatricedorothy_ds2@mail.sjctni.edu
26PDS804,25PGC1SL01,"Self - Learning: Global Citizenship Education",2,9,21CDS52,"Dr A Beatrice Dorothy",NULL,beatricedorothy_ds2@mail.sjctni.edu
26PDS806,25PGC1SL01,"Self - Learning: Global Citizenship Education",2,9,21CDS52,"Dr A Beatrice Dorothy",NULL,beatricedorothy_ds2@mail.sjctni.edu
26PDS807,25PGC1SL01,"Self - Learning: Global Citizenship Education",2,9,21CDS52,"Dr A Beatrice Dorothy",NULL,beatricedorothy_ds2@mail.sjctni.edu
26PDS808,25PGC1SL01,"Self - Learning: Global Citizenship Education",2,9,21CDS52,"Dr A Beatrice Dorothy",NULL,beatricedorothy_ds2@mail.sjctni.edu
26PDS809,25PGC1SL01,"Self - Learning: Global Citizenship Education",2,9,21CDS52,"Dr A Beatrice Dorothy",NULL,beatricedorothy_ds2@mail.sjctni.edu
26PDS810,25PGC1SL01,"Self - Learning: Global Citizenship Education",2,9,21CDS52,"Dr A Beatrice Dorothy",NULL,beatricedorothy_ds2@mail.sjctni.edu
26PDS811,25PGC1SL01,"Self - Learning: Global Citizenship Education",2,9,21CDS52,"Dr A Beatrice Dorothy",NULL,beatricedorothy_ds2@mail.sjctni.edu
26PDS812,25PGC1SL01,"Self - Learning: Global Citizenship Education",2,9,21CDS52,"Dr A Beatrice Dorothy",NULL,beatricedorothy_ds2@mail.sjctni.edu
26PDS813,25PGC1SL01,"Self - Learning: Global Citizenship Education",2,9,21CDS52,"Dr A Beatrice Dorothy",NULL,beatricedorothy_ds2@mail.sjctni.edu
26PDS814,25PGC1SL01,"Self - Learning: Global Citizenship Education",2,9,21CDS52,"Dr A Beatrice Dorothy",NULL,beatricedorothy_ds2@mail.sjctni.edu
26PDS816,25PGC1SL01,"Self - Learning: Global Citizenship Education",2,9,21CDS52,"Dr A Beatrice Dorothy",NULL,beatricedorothy_ds2@mail.sjctni.edu
26PDS817,25PGC1SL01,"Self - Learning: Global Citizenship Education",2,9,21CDS52,"Dr A Beatrice Dorothy",NULL,beatricedorothy_ds2@mail.sjctni.edu
26PDS818,25PGC1SL01,"Self - Learning: Global Citizenship Education",2,9,21CDS52,"Dr A Beatrice Dorothy",NULL,beatricedorothy_ds2@mail.sjctni.edu
26PDS819,25PGC1SL01,"Self - Learning: Global Citizenship Education",2,9,21CDS52,"Dr A Beatrice Dorothy",NULL,beatricedorothy_ds2@mail.sjctni.edu
26PDS820,25PGC1SL01,"Self - Learning: Global Citizenship Education",2,9,21CDS52,"Dr A Beatrice Dorothy",NULL,beatricedorothy_ds2@mail.sjctni.edu
26PDS821,25PGC1SL01,"Self - Learning: Global Citizenship Education",2,9,21CDS52,"Dr A Beatrice Dorothy",NULL,beatricedorothy_ds2@mail.sjctni.edu
26PDS822,25PGC1SL01,"Self - Learning: Global Citizenship Education",2,9,21CDS52,"Dr A Beatrice Dorothy",NULL,beatricedorothy_ds2@mail.sjctni.edu
26PDS823,25PGC1SL01,"Self - Learning: Global Citizenship Education",2,9,21CDS52,"Dr A Beatrice Dorothy",NULL,beatricedorothy_ds2@mail.sjctni.edu
26PDS824,25PGC1SL01,"Self - Learning: Global Citizenship Education",2,9,21CDS52,"Dr A Beatrice Dorothy",NULL,beatricedorothy_ds2@mail.sjctni.edu
26PDS825,25PGC1SL01,"Self - Learning: Global Citizenship Education",2,9,21CDS52,"Dr A Beatrice Dorothy",NULL,beatricedorothy_ds2@mail.sjctni.edu
26PDS826,25PGC1SL01,"Self - Learning: Global Citizenship Education",2,9,21CDS52,"Dr A Beatrice Dorothy",NULL,beatricedorothy_ds2@mail.sjctni.edu
26PDS827,25PGC1SL01,"Self - Learning: Global Citizenship Education",2,9,21CDS52,"Dr A Beatrice Dorothy",NULL,beatricedorothy_ds2@mail.sjctni.edu
26PDS829,25PGC1SL01,"Self - Learning: Global Citizenship Education",2,9,21CDS52,"Dr A Beatrice Dorothy",NULL,beatricedorothy_ds2@mail.sjctni.edu
26PDS830,25PGC1SL01,"Self - Learning: Global Citizenship Education",2,9,21CDS52,"Dr A Beatrice Dorothy",NULL,beatricedorothy_ds2@mail.sjctni.edu
26PDS831,25PGC1SL01,"Self - Learning: Global Citizenship Education",2,9,21CDS52,"Dr A Beatrice Dorothy",NULL,beatricedorothy_ds2@mail.sjctni.edu
26PDS832,25PGC1SL01,"Self - Learning: Global Citizenship Education",2,9,21CDS52,"Dr A Beatrice Dorothy",NULL,beatricedorothy_ds2@mail.sjctni.edu
26PDS833,25PGC1SL01,"Self - Learning: Global Citizenship Education",2,9,21CDS52,"Dr A Beatrice Dorothy",NULL,beatricedorothy_ds2@mail.sjctni.edu
26PDS834,25PGC1SL01,"Self - Learning: Global Citizenship Education",2,9,21CDS52,"Dr A Beatrice Dorothy",NULL,beatricedorothy_ds2@mail.sjctni.edu
26PDS835,25PGC1SL01,"Self - Learning: Global Citizenship Education",2,9,21CDS52,"Dr A Beatrice Dorothy",NULL,beatricedorothy_ds2@mail.sjctni.edu
26PDS836,25PGC1SL01,"Self - Learning: Global Citizenship Education",2,9,21CDS52,"Dr A Beatrice Dorothy",NULL,beatricedorothy_ds2@mail.sjctni.edu
26PDS837,25PGC1SL01,"Self - Learning: Global Citizenship Education",2,9,21CDS52,"Dr A Beatrice Dorothy",NULL,beatricedorothy_ds2@mail.sjctni.edu
26PDS838,25PGC1SL01,"Self - Learning: Global Citizenship Education",2,9,21CDS52,"Dr A Beatrice Dorothy",NULL,beatricedorothy_ds2@mail.sjctni.edu
26PDS840,25PGC1SL01,"Self - Learning: Global Citizenship Education",2,9,21CDS52,"Dr A Beatrice Dorothy",NULL,beatricedorothy_ds2@mail.sjctni.edu
26PDS841,25PGC1SL01,"Self - Learning: Global Citizenship Education",2,9,21CDS52,"Dr A Beatrice Dorothy",NULL,beatricedorothy_ds2@mail.sjctni.edu
26PDS842,25PGC1SL01,"Self - Learning: Global Citizenship Education",2,9,21CDS52,"Dr A Beatrice Dorothy",NULL,beatricedorothy_ds2@mail.sjctni.edu
26PDS843,25PGC1SL01,"Self - Learning: Global Citizenship Education",2,9,21CDS52,"Dr A Beatrice Dorothy",NULL,beatricedorothy_ds2@mail.sjctni.edu
26PDS844,25PGC1SL01,"Self - Learning: Global Citizenship Education",2,9,21CDS52,"Dr A Beatrice Dorothy",NULL,beatricedorothy_ds2@mail.sjctni.edu
26PDS845,25PGC1SL01,"Self - Learning: Global Citizenship Education",2,9,21CDS52,"Dr A Beatrice Dorothy",NULL,beatricedorothy_ds2@mail.sjctni.edu
26PDS846,25PGC1SL01,"Self - Learning: Global Citizenship Education",2,9,21CDS52,"Dr A Beatrice Dorothy",NULL,beatricedorothy_ds2@mail.sjctni.edu
26PDS847,25PGC1SL01,"Self - Learning: Global Citizenship Education",2,9,21CDS52,"Dr A Beatrice Dorothy",NULL,beatricedorothy_ds2@mail.sjctni.edu
26PDS848,25PGC1SL01,"Self - Learning: Global Citizenship Education",2,9,21CDS52,"Dr A Beatrice Dorothy",NULL,beatricedorothy_ds2@mail.sjctni.edu
26PDS849,25PGC1SL01,"Self - Learning: Global Citizenship Education",2,9,21CDS52,"Dr A Beatrice Dorothy",NULL,beatricedorothy_ds2@mail.sjctni.edu
26PDS850,25PGC1SL01,"Self - Learning: Global Citizenship Education",2,9,21CDS52,"Dr A Beatrice Dorothy",NULL,beatricedorothy_ds2@mail.sjctni.edu
26PDS851,25PGC1SL01,"Self - Learning: Global Citizenship Education",2,9,21CDS52,"Dr A Beatrice Dorothy",NULL,beatricedorothy_ds2@mail.sjctni.edu
26PDS852,25PGC1SL01,"Self - Learning: Global Citizenship Education",2,9,21CDS52,"Dr A Beatrice Dorothy",NULL,beatricedorothy_ds2@mail.sjctni.edu
26PDS853,25PGC1SL01,"Self - Learning: Global Citizenship Education",2,9,21CDS52,"Dr A Beatrice Dorothy",NULL,beatricedorothy_ds2@mail.sjctni.edu
26PDS854,25PGC1SL01,"Self - Learning: Global Citizenship Education",2,9,21CDS52,"Dr A Beatrice Dorothy",NULL,beatricedorothy_ds2@mail.sjctni.edu
26PDS855,25PGC1SL01,"Self - Learning: Global Citizenship Education",2,9,21CDS52,"Dr A Beatrice Dorothy",NULL,beatricedorothy_ds2@mail.sjctni.edu
26PDS856,25PGC1SL01,"Self - Learning: Global Citizenship Education",2,9,21CDS52,"Dr A Beatrice Dorothy",NULL,beatricedorothy_ds2@mail.sjctni.edu
26PDS857,25PGC1SL01,"Self - Learning: Global Citizenship Education",2,9,21CDS52,"Dr A Beatrice Dorothy",NULL,beatricedorothy_ds2@mail.sjctni.edu
26PDS858,25PGC1SL01,"Self - Learning: Global Citizenship Education",2,9,21CDS52,"Dr A Beatrice Dorothy",NULL,beatricedorothy_ds2@mail.sjctni.edu
26PDS859,25PGC1SL01,"Self - Learning: Global Citizenship Education",2,9,21CDS52,"Dr A Beatrice Dorothy",NULL,beatricedorothy_ds2@mail.sjctni.edu
26PDS860,25PGC1SL01,"Self - Learning: Global Citizenship Education",2,9,21CDS52,"Dr A Beatrice Dorothy",NULL,beatricedorothy_ds2@mail.sjctni.edu
26PEC101,25PGC1SL01,"Self - Learning: Global Citizenship Education",1,5,14FEC01,"Dr J Vasantha Arockia Selvi",9865073428,vasanthaarockiaselvi_ec1@mail.sjctni.edu
26PEC102,25PGC1SL01,"Self - Learning: Global Citizenship Education",1,5,14FEC01,"Dr J Vasantha Arockia Selvi",9865073428,vasanthaarockiaselvi_ec1@mail.sjctni.edu
26PEC103,25PGC1SL01,"Self - Learning: Global Citizenship Education",1,5,14FEC01,"Dr J Vasantha Arockia Selvi",9865073428,vasanthaarockiaselvi_ec1@mail.sjctni.edu
26PEC104,25PGC1SL01,"Self - Learning: Global Citizenship Education",1,5,14FEC01,"Dr J Vasantha Arockia Selvi",9865073428,vasanthaarockiaselvi_ec1@mail.sjctni.edu
26PEC105,25PGC1SL01,"Self - Learning: Global Citizenship Education",1,5,14FEC01,"Dr J Vasantha Arockia Selvi",9865073428,vasanthaarockiaselvi_ec1@mail.sjctni.edu
26PEC106,25PGC1SL01,"Self - Learning: Global Citizenship Education",1,5,14FEC01,"Dr J Vasantha Arockia Selvi",9865073428,vasanthaarockiaselvi_ec1@mail.sjctni.edu
26PEC107,25PGC1SL01,"Self - Learning: Global Citizenship Education",1,5,14FEC01,"Dr J Vasantha Arockia Selvi",9865073428,vasanthaarockiaselvi_ec1@mail.sjctni.edu
26PEC108,25PGC1SL01,"Self - Learning: Global Citizenship Education",1,5,14FEC01,"Dr J Vasantha Arockia Selvi",9865073428,vasanthaarockiaselvi_ec1@mail.sjctni.edu
26PEC109,25PGC1SL01,"Self - Learning: Global Citizenship Education",1,5,14FEC01,"Dr J Vasantha Arockia Selvi",9865073428,vasanthaarockiaselvi_ec1@mail.sjctni.edu
26PEC110,25PGC1SL01,"Self - Learning: Global Citizenship Education",1,5,14FEC01,"Dr J Vasantha Arockia Selvi",9865073428,vasanthaarockiaselvi_ec1@mail.sjctni.edu
26PEC111,25PGC1SL01,"Self - Learning: Global Citizenship Education",1,5,14FEC01,"Dr J Vasantha Arockia Selvi",9865073428,vasanthaarockiaselvi_ec1@mail.sjctni.edu
26PEC112,25PGC1SL01,"Self - Learning: Global Citizenship Education",1,5,14FEC01,"Dr J Vasantha Arockia Selvi",9865073428,vasanthaarockiaselvi_ec1@mail.sjctni.edu
26PEC113,25PGC1SL01,"Self - Learning: Global Citizenship Education",1,5,14FEC01,"Dr J Vasantha Arockia Selvi",9865073428,vasanthaarockiaselvi_ec1@mail.sjctni.edu
26PEC114,25PGC1SL01,"Self - Learning: Global Citizenship Education",1,5,14FEC01,"Dr J Vasantha Arockia Selvi",9865073428,vasanthaarockiaselvi_ec1@mail.sjctni.edu
26PEC115,25PGC1SL01,"Self - Learning: Global Citizenship Education",1,5,14FEC01,"Dr J Vasantha Arockia Selvi",9865073428,vasanthaarockiaselvi_ec1@mail.sjctni.edu
26PEC116,25PGC1SL01,"Self - Learning: Global Citizenship Education",1,5,14FEC01,"Dr J Vasantha Arockia Selvi",9865073428,vasanthaarockiaselvi_ec1@mail.sjctni.edu
26PEC117,25PGC1SL01,"Self - Learning: Global Citizenship Education",1,5,14FEC01,"Dr J Vasantha Arockia Selvi",9865073428,vasanthaarockiaselvi_ec1@mail.sjctni.edu
26PEC118,25PGC1SL01,"Self - Learning: Global Citizenship Education",1,5,14FEC01,"Dr J Vasantha Arockia Selvi",9865073428,vasanthaarockiaselvi_ec1@mail.sjctni.edu
26PEC119,25PGC1SL01,"Self - Learning: Global Citizenship Education",1,5,14FEC01,"Dr J Vasantha Arockia Selvi",9865073428,vasanthaarockiaselvi_ec1@mail.sjctni.edu
26PEC120,25PGC1SL01,"Self - Learning: Global Citizenship Education",1,5,14FEC01,"Dr J Vasantha Arockia Selvi",9865073428,vasanthaarockiaselvi_ec1@mail.sjctni.edu
26PEC121,25PGC1SL01,"Self - Learning: Global Citizenship Education",1,5,14FEC01,"Dr J Vasantha Arockia Selvi",9865073428,vasanthaarockiaselvi_ec1@mail.sjctni.edu
26PEC122,25PGC1SL01,"Self - Learning: Global Citizenship Education",1,5,14FEC01,"Dr J Vasantha Arockia Selvi",9865073428,vasanthaarockiaselvi_ec1@mail.sjctni.edu
26PEC123,25PGC1SL01,"Self - Learning: Global Citizenship Education",1,5,14FEC01,"Dr J Vasantha Arockia Selvi",9865073428,vasanthaarockiaselvi_ec1@mail.sjctni.edu
26PEC124,25PGC1SL01,"Self - Learning: Global Citizenship Education",1,5,14FEC01,"Dr J Vasantha Arockia Selvi",9865073428,vasanthaarockiaselvi_ec1@mail.sjctni.edu
26PEC125,25PGC1SL01,"Self - Learning: Global Citizenship Education",1,5,14FEC01,"Dr J Vasantha Arockia Selvi",9865073428,vasanthaarockiaselvi_ec1@mail.sjctni.edu
26PEC126,25PGC1SL01,"Self - Learning: Global Citizenship Education",1,5,14FEC01,"Dr J Vasantha Arockia Selvi",9865073428,vasanthaarockiaselvi_ec1@mail.sjctni.edu
26PEL801,25PGC1SL01,"Self - Learning: Global Citizenship Education",2,10,23CEL52,"Dr A Arputharaj",9994603511,arputharaj_el2@mail.sjctni.edu
26PEL802,25PGC1SL01,"Self - Learning: Global Citizenship Education",2,10,23CEL52,"Dr A Arputharaj",9994603511,arputharaj_el2@mail.sjctni.edu
26PEL803,25PGC1SL01,"Self - Learning: Global Citizenship Education",2,10,23CEL52,"Dr A Arputharaj",9994603511,arputharaj_el2@mail.sjctni.edu
26PEL804,25PGC1SL01,"Self - Learning: Global Citizenship Education",2,10,23CEL52,"Dr A Arputharaj",9994603511,arputharaj_el2@mail.sjctni.edu
26PEL805,25PGC1SL01,"Self - Learning: Global Citizenship Education",2,10,23CEL52,"Dr A Arputharaj",9994603511,arputharaj_el2@mail.sjctni.edu
26PEL806,25PGC1SL01,"Self - Learning: Global Citizenship Education",2,10,23CEL52,"Dr A Arputharaj",9994603511,arputharaj_el2@mail.sjctni.edu
26PEL808,25PGC1SL01,"Self - Learning: Global Citizenship Education",2,10,23CEL52,"Dr A Arputharaj",9994603511,arputharaj_el2@mail.sjctni.edu
26PEL809,25PGC1SL01,"Self - Learning: Global Citizenship Education",2,10,23CEL52,"Dr A Arputharaj",9994603511,arputharaj_el2@mail.sjctni.edu
26PEL810,25PGC1SL01,"Self - Learning: Global Citizenship Education",2,10,23CEL52,"Dr A Arputharaj",9994603511,arputharaj_el2@mail.sjctni.edu
26PEL811,25PGC1SL01,"Self - Learning: Global Citizenship Education",2,10,23CEL52,"Dr A Arputharaj",9994603511,arputharaj_el2@mail.sjctni.edu
26PEL812,25PGC1SL01,"Self - Learning: Global Citizenship Education",2,10,23CEL52,"Dr A Arputharaj",9994603511,arputharaj_el2@mail.sjctni.edu
26PEL813,25PGC1SL01,"Self - Learning: Global Citizenship Education",2,10,23CEL52,"Dr A Arputharaj",9994603511,arputharaj_el2@mail.sjctni.edu
26PEL814,25PGC1SL01,"Self - Learning: Global Citizenship Education",2,10,23CEL52,"Dr A Arputharaj",9994603511,arputharaj_el2@mail.sjctni.edu
26PEL815,25PGC1SL01,"Self - Learning: Global Citizenship Education",2,10,23CEL52,"Dr A Arputharaj",9994603511,arputharaj_el2@mail.sjctni.edu
26PEL816,25PGC1SL01,"Self - Learning: Global Citizenship Education",2,10,23CEL52,"Dr A Arputharaj",9994603511,arputharaj_el2@mail.sjctni.edu
26PEN102,25PGC1SL01,"Self - Learning: Global Citizenship Education",1,6,24FEN01,"Dr Twin Antony Edward",7708587123,t.a.edward_en1@mail.sjctni.edu
26PEN103,25PGC1SL01,"Self - Learning: Global Citizenship Education",1,6,24FEN01,"Dr Twin Antony Edward",7708587123,t.a.edward_en1@mail.sjctni.edu
26PEN104,25PGC1SL01,"Self - Learning: Global Citizenship Education",1,6,24FEN01,"Dr Twin Antony Edward",7708587123,t.a.edward_en1@mail.sjctni.edu
26PEN105,25PGC1SL01,"Self - Learning: Global Citizenship Education",1,6,24FEN01,"Dr Twin Antony Edward",7708587123,t.a.edward_en1@mail.sjctni.edu
26PEN106,25PGC1SL01,"Self - Learning: Global Citizenship Education",1,6,24FEN01,"Dr Twin Antony Edward",7708587123,t.a.edward_en1@mail.sjctni.edu
26PEN107,25PGC1SL01,"Self - Learning: Global Citizenship Education",1,6,24FEN01,"Dr Twin Antony Edward",7708587123,t.a.edward_en1@mail.sjctni.edu
26PEN108,25PGC1SL01,"Self - Learning: Global Citizenship Education",1,6,24FEN01,"Dr Twin Antony Edward",7708587123,t.a.edward_en1@mail.sjctni.edu
26PEN109,25PGC1SL01,"Self - Learning: Global Citizenship Education",1,6,24FEN01,"Dr Twin Antony Edward",7708587123,t.a.edward_en1@mail.sjctni.edu
26PEN110,25PGC1SL01,"Self - Learning: Global Citizenship Education",1,6,24FEN01,"Dr Twin Antony Edward",7708587123,t.a.edward_en1@mail.sjctni.edu
26PEN111,25PGC1SL01,"Self - Learning: Global Citizenship Education",1,6,24FEN01,"Dr Twin Antony Edward",7708587123,t.a.edward_en1@mail.sjctni.edu
26PEN112,25PGC1SL01,"Self - Learning: Global Citizenship Education",1,6,24FEN01,"Dr Twin Antony Edward",7708587123,t.a.edward_en1@mail.sjctni.edu
26PEN113,25PGC1SL01,"Self - Learning: Global Citizenship Education",1,6,24FEN01,"Dr Twin Antony Edward",7708587123,t.a.edward_en1@mail.sjctni.edu
26PEN114,25PGC1SL01,"Self - Learning: Global Citizenship Education",1,6,24FEN01,"Dr Twin Antony Edward",7708587123,t.a.edward_en1@mail.sjctni.edu
26PEN115,25PGC1SL01,"Self - Learning: Global Citizenship Education",1,6,24FEN01,"Dr Twin Antony Edward",7708587123,t.a.edward_en1@mail.sjctni.edu
26PEN116,25PGC1SL01,"Self - Learning: Global Citizenship Education",1,6,24FEN01,"Dr Twin Antony Edward",7708587123,t.a.edward_en1@mail.sjctni.edu
26PEN117,25PGC1SL01,"Self - Learning: Global Citizenship Education",1,6,24FEN01,"Dr Twin Antony Edward",7708587123,t.a.edward_en1@mail.sjctni.edu
26PEN118,25PGC1SL01,"Self - Learning: Global Citizenship Education",1,6,24FEN01,"Dr Twin Antony Edward",7708587123,t.a.edward_en1@mail.sjctni.edu
26PEN119,25PGC1SL01,"Self - Learning: Global Citizenship Education",1,6,24FEN01,"Dr Twin Antony Edward",7708587123,t.a.edward_en1@mail.sjctni.edu
26PEN120,25PGC1SL01,"Self - Learning: Global Citizenship Education",1,6,24FEN01,"Dr Twin Antony Edward",7708587123,t.a.edward_en1@mail.sjctni.edu
26PEN121,25PGC1SL01,"Self - Learning: Global Citizenship Education",1,6,24FEN01,"Dr Twin Antony Edward",7708587123,t.a.edward_en1@mail.sjctni.edu
26PEN122,25PGC1SL01,"Self - Learning: Global Citizenship Education",1,6,24FEN01,"Dr Twin Antony Edward",7708587123,t.a.edward_en1@mail.sjctni.edu
26PEN123,25PGC1SL01,"Self - Learning: Global Citizenship Education",1,6,24FEN01,"Dr Twin Antony Edward",7708587123,t.a.edward_en1@mail.sjctni.edu
26PEN124,25PGC1SL01,"Self - Learning: Global Citizenship Education",1,6,24FEN01,"Dr Twin Antony Edward",7708587123,t.a.edward_en1@mail.sjctni.edu
26PEN125,25PGC1SL01,"Self - Learning: Global Citizenship Education",1,6,24FEN01,"Dr Twin Antony Edward",7708587123,t.a.edward_en1@mail.sjctni.edu
26PEN126,25PGC1SL01,"Self - Learning: Global Citizenship Education",1,6,24FEN01,"Dr Twin Antony Edward",7708587123,t.a.edward_en1@mail.sjctni.edu
26PEN127,25PGC1SL01,"Self - Learning: Global Citizenship Education",1,6,24FEN01,"Dr Twin Antony Edward",7708587123,t.a.edward_en1@mail.sjctni.edu
26PEN128,25PGC1SL01,"Self - Learning: Global Citizenship Education",1,6,24FEN01,"Dr Twin Antony Edward",7708587123,t.a.edward_en1@mail.sjctni.edu
26PEN129,25PGC1SL01,"Self - Learning: Global Citizenship Education",1,6,24FEN01,"Dr Twin Antony Edward",7708587123,t.a.edward_en1@mail.sjctni.edu
26PEN130,25PGC1SL01,"Self - Learning: Global Citizenship Education",1,6,24FEN01,"Dr Twin Antony Edward",7708587123,t.a.edward_en1@mail.sjctni.edu
26PEN132,25PGC1SL01,"Self - Learning: Global Citizenship Education",1,6,24FEN01,"Dr Twin Antony Edward",7708587123,t.a.edward_en1@mail.sjctni.edu
26PEN133,25PGC1SL01,"Self - Learning: Global Citizenship Education",1,6,24FEN01,"Dr Twin Antony Edward",7708587123,t.a.edward_en1@mail.sjctni.edu
26PEN134,25PGC1SL01,"Self - Learning: Global Citizenship Education",1,6,24FEN01,"Dr Twin Antony Edward",7708587123,t.a.edward_en1@mail.sjctni.edu
26PEN135,25PGC1SL01,"Self - Learning: Global Citizenship Education",1,6,24FEN01,"Dr Twin Antony Edward",7708587123,t.a.edward_en1@mail.sjctni.edu
26PEN136,25PGC1SL01,"Self - Learning: Global Citizenship Education",1,6,24FEN01,"Dr Twin Antony Edward",7708587123,t.a.edward_en1@mail.sjctni.edu
26PEN137,25PGC1SL01,"Self - Learning: Global Citizenship Education",1,6,24FEN01,"Dr Twin Antony Edward",7708587123,t.a.edward_en1@mail.sjctni.edu
26PEN138,25PGC1SL01,"Self - Learning: Global Citizenship Education",1,6,24FEN01,"Dr Twin Antony Edward",7708587123,t.a.edward_en1@mail.sjctni.edu
26PEN139,25PGC1SL01,"Self - Learning: Global Citizenship Education",1,6,24FEN01,"Dr Twin Antony Edward",7708587123,t.a.edward_en1@mail.sjctni.edu
26PEN140,25PGC1SL01,"Self - Learning: Global Citizenship Education",1,6,24FEN01,"Dr Twin Antony Edward",7708587123,t.a.edward_en1@mail.sjctni.edu
26PHR101,25PGC1SL01,"Self - Learning: Global Citizenship Education",1,7,26CHR51,"Dr V Udhaya Geetha",NULL,udhayageetha_hr2@mail.sjctni.edu
26PHR102,25PGC1SL01,"Self - Learning: Global Citizenship Education",1,7,26CHR51,"Dr V Udhaya Geetha",NULL,udhayageetha_hr2@mail.sjctni.edu
26PHR103,25PGC1SL01,"Self - Learning: Global Citizenship Education",1,7,26CHR51,"Dr V Udhaya Geetha",NULL,udhayageetha_hr2@mail.sjctni.edu
26PHR104,25PGC1SL01,"Self - Learning: Global Citizenship Education",1,7,26CHR51,"Dr V Udhaya Geetha",NULL,udhayageetha_hr2@mail.sjctni.edu
26PHR105,25PGC1SL01,"Self - Learning: Global Citizenship Education",1,7,26CHR51,"Dr V Udhaya Geetha",NULL,udhayageetha_hr2@mail.sjctni.edu
26PHR106,25PGC1SL01,"Self - Learning: Global Citizenship Education",1,7,26CHR51,"Dr V Udhaya Geetha",NULL,udhayageetha_hr2@mail.sjctni.edu
26PHR107,25PGC1SL01,"Self - Learning: Global Citizenship Education",1,7,26CHR51,"Dr V Udhaya Geetha",NULL,udhayageetha_hr2@mail.sjctni.edu
26PHR108,25PGC1SL01,"Self - Learning: Global Citizenship Education",1,7,26CHR51,"Dr V Udhaya Geetha",NULL,udhayageetha_hr2@mail.sjctni.edu
26PHR109,25PGC1SL01,"Self - Learning: Global Citizenship Education",1,7,26CHR51,"Dr V Udhaya Geetha",NULL,udhayageetha_hr2@mail.sjctni.edu
26PHR110,25PGC1SL01,"Self - Learning: Global Citizenship Education",1,7,26CHR51,"Dr V Udhaya Geetha",NULL,udhayageetha_hr2@mail.sjctni.edu
26PHR111,25PGC1SL01,"Self - Learning: Global Citizenship Education",1,7,26CHR51,"Dr V Udhaya Geetha",NULL,udhayageetha_hr2@mail.sjctni.edu
26PHR112,25PGC1SL01,"Self - Learning: Global Citizenship Education",1,7,26CHR51,"Dr V Udhaya Geetha",NULL,udhayageetha_hr2@mail.sjctni.edu
26PHR113,25PGC1SL01,"Self - Learning: Global Citizenship Education",1,7,26CHR51,"Dr V Udhaya Geetha",NULL,udhayageetha_hr2@mail.sjctni.edu
26PHR114,25PGC1SL01,"Self - Learning: Global Citizenship Education",1,7,26CHR51,"Dr V Udhaya Geetha",NULL,udhayageetha_hr2@mail.sjctni.edu
26PHR115,25PGC1SL01,"Self - Learning: Global Citizenship Education",1,7,26CHR51,"Dr V Udhaya Geetha",NULL,udhayageetha_hr2@mail.sjctni.edu
26PHR116,25PGC1SL01,"Self - Learning: Global Citizenship Education",1,7,26CHR51,"Dr V Udhaya Geetha",NULL,udhayageetha_hr2@mail.sjctni.edu
26PHR117,25PGC1SL01,"Self - Learning: Global Citizenship Education",1,7,26CHR51,"Dr V Udhaya Geetha",NULL,udhayageetha_hr2@mail.sjctni.edu
26PHR118,25PGC1SL01,"Self - Learning: Global Citizenship Education",1,7,26CHR51,"Dr V Udhaya Geetha",NULL,udhayageetha_hr2@mail.sjctni.edu
26PHR119,25PGC1SL01,"Self - Learning: Global Citizenship Education",1,7,26CHR51,"Dr V Udhaya Geetha",NULL,udhayageetha_hr2@mail.sjctni.edu
26PHR120,25PGC1SL01,"Self - Learning: Global Citizenship Education",1,7,26CHR51,"Dr V Udhaya Geetha",NULL,udhayageetha_hr2@mail.sjctni.edu
26PHR121,25PGC1SL01,"Self - Learning: Global Citizenship Education",1,7,26CHR51,"Dr V Udhaya Geetha",NULL,udhayageetha_hr2@mail.sjctni.edu
26PHR122,25PGC1SL01,"Self - Learning: Global Citizenship Education",1,7,26CHR51,"Dr V Udhaya Geetha",NULL,udhayageetha_hr2@mail.sjctni.edu
26PHR123,25PGC1SL01,"Self - Learning: Global Citizenship Education",1,7,26CHR51,"Dr V Udhaya Geetha",NULL,udhayageetha_hr2@mail.sjctni.edu
26PHR124,25PGC1SL01,"Self - Learning: Global Citizenship Education",1,7,26CHR51,"Dr V Udhaya Geetha",NULL,udhayageetha_hr2@mail.sjctni.edu
26PHR125,25PGC1SL01,"Self - Learning: Global Citizenship Education",1,7,26CHR51,"Dr V Udhaya Geetha",NULL,udhayageetha_hr2@mail.sjctni.edu
26PHR126,25PGC1SL01,"Self - Learning: Global Citizenship Education",1,7,26CHR51,"Dr V Udhaya Geetha",NULL,udhayageetha_hr2@mail.sjctni.edu
26PHR127,25PGC1SL01,"Self - Learning: Global Citizenship Education",1,7,26CHR51,"Dr V Udhaya Geetha",NULL,udhayageetha_hr2@mail.sjctni.edu
26PHR128,25PGC1SL01,"Self - Learning: Global Citizenship Education",1,7,26CHR51,"Dr V Udhaya Geetha",NULL,udhayageetha_hr2@mail.sjctni.edu
26PHR129,25PGC1SL01,"Self - Learning: Global Citizenship Education",1,7,26CHR51,"Dr V Udhaya Geetha",NULL,udhayageetha_hr2@mail.sjctni.edu
26PHR130,25PGC1SL01,"Self - Learning: Global Citizenship Education",1,7,26CHR51,"Dr V Udhaya Geetha",NULL,udhayageetha_hr2@mail.sjctni.edu
26PHR131,25PGC1SL01,"Self - Learning: Global Citizenship Education",1,7,26CHR51,"Dr V Udhaya Geetha",NULL,udhayageetha_hr2@mail.sjctni.edu
26PHR132,25PGC1SL01,"Self - Learning: Global Citizenship Education",1,7,26CHR51,"Dr V Udhaya Geetha",NULL,udhayageetha_hr2@mail.sjctni.edu
26PHR133,25PGC1SL01,"Self - Learning: Global Citizenship Education",1,7,26CHR51,"Dr V Udhaya Geetha",NULL,udhayageetha_hr2@mail.sjctni.edu
26PHR134,25PGC1SL01,"Self - Learning: Global Citizenship Education",1,7,26CHR51,"Dr V Udhaya Geetha",NULL,udhayageetha_hr2@mail.sjctni.edu
26PHR135,25PGC1SL01,"Self - Learning: Global Citizenship Education",1,7,26CHR51,"Dr V Udhaya Geetha",NULL,udhayageetha_hr2@mail.sjctni.edu
26PHR136,25PGC1SL01,"Self - Learning: Global Citizenship Education",1,7,26CHR51,"Dr V Udhaya Geetha",NULL,udhayageetha_hr2@mail.sjctni.edu
26PHR137,25PGC1SL01,"Self - Learning: Global Citizenship Education",1,7,26CHR51,"Dr V Udhaya Geetha",NULL,udhayageetha_hr2@mail.sjctni.edu
26PHR138,25PGC1SL01,"Self - Learning: Global Citizenship Education",1,7,26CHR51,"Dr V Udhaya Geetha",NULL,udhayageetha_hr2@mail.sjctni.edu
26PHR139,25PGC1SL01,"Self - Learning: Global Citizenship Education",1,7,26CHR51,"Dr V Udhaya Geetha",NULL,udhayageetha_hr2@mail.sjctni.edu
26PHR140,25PGC1SL01,"Self - Learning: Global Citizenship Education",1,7,26CHR51,"Dr V Udhaya Geetha",NULL,udhayageetha_hr2@mail.sjctni.edu
26PHR141,25PGC1SL01,"Self - Learning: Global Citizenship Education",1,7,26CHR51,"Dr V Udhaya Geetha",NULL,udhayageetha_hr2@mail.sjctni.edu
26PHR142,25PGC1SL01,"Self - Learning: Global Citizenship Education",1,7,26CHR51,"Dr V Udhaya Geetha",NULL,udhayageetha_hr2@mail.sjctni.edu
26PHR143,25PGC1SL01,"Self - Learning: Global Citizenship Education",1,7,26CHR51,"Dr V Udhaya Geetha",NULL,udhayageetha_hr2@mail.sjctni.edu
26PHR144,25PGC1SL01,"Self - Learning: Global Citizenship Education",1,7,26CHR51,"Dr V Udhaya Geetha",NULL,udhayageetha_hr2@mail.sjctni.edu
26PHR145,25PGC1SL01,"Self - Learning: Global Citizenship Education",1,7,26CHR51,"Dr V Udhaya Geetha",NULL,udhayageetha_hr2@mail.sjctni.edu
26PHS801,25PGC1SL01,"Self - Learning: Global Citizenship Education",2,11,26CHS52,"Mr M R Gowtham Rajan",NULL,gowthamrajan_hs1@mail.sjctni.edu
26PHS802,25PGC1SL01,"Self - Learning: Global Citizenship Education",2,11,26CHS52,"Mr M R Gowtham Rajan",NULL,gowthamrajan_hs1@mail.sjctni.edu
26PHS803,25PGC1SL01,"Self - Learning: Global Citizenship Education",2,11,26CHS52,"Mr M R Gowtham Rajan",NULL,gowthamrajan_hs1@mail.sjctni.edu
26PHS804,25PGC1SL01,"Self - Learning: Global Citizenship Education",2,11,26CHS52,"Mr M R Gowtham Rajan",NULL,gowthamrajan_hs1@mail.sjctni.edu
26PHS805,25PGC1SL01,"Self - Learning: Global Citizenship Education",2,11,26CHS52,"Mr M R Gowtham Rajan",NULL,gowthamrajan_hs1@mail.sjctni.edu
26PHS806,25PGC1SL01,"Self - Learning: Global Citizenship Education",2,11,26CHS52,"Mr M R Gowtham Rajan",NULL,gowthamrajan_hs1@mail.sjctni.edu
26PHS807,25PGC1SL01,"Self - Learning: Global Citizenship Education",2,11,26CHS52,"Mr M R Gowtham Rajan",NULL,gowthamrajan_hs1@mail.sjctni.edu
26PHS808,25PGC1SL01,"Self - Learning: Global Citizenship Education",2,11,26CHS52,"Mr M R Gowtham Rajan",NULL,gowthamrajan_hs1@mail.sjctni.edu
26PHS809,25PGC1SL01,"Self - Learning: Global Citizenship Education",2,11,26CHS52,"Mr M R Gowtham Rajan",NULL,gowthamrajan_hs1@mail.sjctni.edu
26PHS810,25PGC1SL01,"Self - Learning: Global Citizenship Education",2,11,26CHS52,"Mr M R Gowtham Rajan",NULL,gowthamrajan_hs1@mail.sjctni.edu
26PHS811,25PGC1SL01,"Self - Learning: Global Citizenship Education",2,11,26CHS52,"Mr M R Gowtham Rajan",NULL,gowthamrajan_hs1@mail.sjctni.edu
26PHS812,25PGC1SL01,"Self - Learning: Global Citizenship Education",2,11,26CHS52,"Mr M R Gowtham Rajan",NULL,gowthamrajan_hs1@mail.sjctni.edu
26PHS813,25PGC1SL01,"Self - Learning: Global Citizenship Education",2,11,26CHS52,"Mr M R Gowtham Rajan",NULL,gowthamrajan_hs1@mail.sjctni.edu
26PHS814,25PGC1SL01,"Self - Learning: Global Citizenship Education",2,11,26CHS52,"Mr M R Gowtham Rajan",NULL,gowthamrajan_hs1@mail.sjctni.edu
26PHS815,25PGC1SL01,"Self - Learning: Global Citizenship Education",2,11,26CHS52,"Mr M R Gowtham Rajan",NULL,gowthamrajan_hs1@mail.sjctni.edu
26PHS816,25PGC1SL01,"Self - Learning: Global Citizenship Education",2,11,26CHS52,"Mr M R Gowtham Rajan",NULL,gowthamrajan_hs1@mail.sjctni.edu
26PHS817,25PGC1SL01,"Self - Learning: Global Citizenship Education",2,11,26CHS52,"Mr M R Gowtham Rajan",NULL,gowthamrajan_hs1@mail.sjctni.edu
26PHS818,25PGC1SL01,"Self - Learning: Global Citizenship Education",2,11,26CHS52,"Mr M R Gowtham Rajan",NULL,gowthamrajan_hs1@mail.sjctni.edu
26PHS819,25PGC1SL01,"Self - Learning: Global Citizenship Education",2,11,26CHS52,"Mr M R Gowtham Rajan",NULL,gowthamrajan_hs1@mail.sjctni.edu
26PHS820,25PGC1SL01,"Self - Learning: Global Citizenship Education",2,11,26CHS52,"Mr M R Gowtham Rajan",NULL,gowthamrajan_hs1@mail.sjctni.edu
26PHS821,25PGC1SL01,"Self - Learning: Global Citizenship Education",2,11,26CHS52,"Mr M R Gowtham Rajan",NULL,gowthamrajan_hs1@mail.sjctni.edu
26PMA101,25PGC1SL01,"Self - Learning: Global Citizenship Education",1,8,19FMA01,"Mr S Arul Gnanapragasam",6383996214,arulgnanapragasam_ma1@mail.sjctni.edu
26PMA102,25PGC1SL01,"Self - Learning: Global Citizenship Education",1,8,19FMA01,"Mr S Arul Gnanapragasam",6383996214,arulgnanapragasam_ma1@mail.sjctni.edu
26PMA103,25PGC1SL01,"Self - Learning: Global Citizenship Education",1,8,19FMA01,"Mr S Arul Gnanapragasam",6383996214,arulgnanapragasam_ma1@mail.sjctni.edu
26PMA104,25PGC1SL01,"Self - Learning: Global Citizenship Education",1,8,19FMA01,"Mr S Arul Gnanapragasam",6383996214,arulgnanapragasam_ma1@mail.sjctni.edu
26PMA105,25PGC1SL01,"Self - Learning: Global Citizenship Education",1,8,19FMA01,"Mr S Arul Gnanapragasam",6383996214,arulgnanapragasam_ma1@mail.sjctni.edu
26PMA106,25PGC1SL01,"Self - Learning: Global Citizenship Education",1,8,19FMA01,"Mr S Arul Gnanapragasam",6383996214,arulgnanapragasam_ma1@mail.sjctni.edu
26PMA107,25PGC1SL01,"Self - Learning: Global Citizenship Education",1,8,19FMA01,"Mr S Arul Gnanapragasam",6383996214,arulgnanapragasam_ma1@mail.sjctni.edu
26PMA109,25PGC1SL01,"Self - Learning: Global Citizenship Education",1,8,19FMA01,"Mr S Arul Gnanapragasam",6383996214,arulgnanapragasam_ma1@mail.sjctni.edu
26PMA110,25PGC1SL01,"Self - Learning: Global Citizenship Education",1,8,19FMA01,"Mr S Arul Gnanapragasam",6383996214,arulgnanapragasam_ma1@mail.sjctni.edu
26PMA111,25PGC1SL01,"Self - Learning: Global Citizenship Education",1,8,19FMA01,"Mr S Arul Gnanapragasam",6383996214,arulgnanapragasam_ma1@mail.sjctni.edu
26PMA112,25PGC1SL01,"Self - Learning: Global Citizenship Education",1,8,19FMA01,"Mr S Arul Gnanapragasam",6383996214,arulgnanapragasam_ma1@mail.sjctni.edu
26PMA113,25PGC1SL01,"Self - Learning: Global Citizenship Education",1,8,19FMA01,"Mr S Arul Gnanapragasam",6383996214,arulgnanapragasam_ma1@mail.sjctni.edu
26PMA114,25PGC1SL01,"Self - Learning: Global Citizenship Education",1,8,19FMA01,"Mr S Arul Gnanapragasam",6383996214,arulgnanapragasam_ma1@mail.sjctni.edu
26PMA115,25PGC1SL01,"Self - Learning: Global Citizenship Education",1,8,19FMA01,"Mr S Arul Gnanapragasam",6383996214,arulgnanapragasam_ma1@mail.sjctni.edu
26PMA116,25PGC1SL01,"Self - Learning: Global Citizenship Education",1,8,19FMA01,"Mr S Arul Gnanapragasam",6383996214,arulgnanapragasam_ma1@mail.sjctni.edu
26PMA117,25PGC1SL01,"Self - Learning: Global Citizenship Education",1,8,19FMA01,"Mr S Arul Gnanapragasam",6383996214,arulgnanapragasam_ma1@mail.sjctni.edu
26PMA118,25PGC1SL01,"Self - Learning: Global Citizenship Education",1,8,19FMA01,"Mr S Arul Gnanapragasam",6383996214,arulgnanapragasam_ma1@mail.sjctni.edu
26PMA119,25PGC1SL01,"Self - Learning: Global Citizenship Education",1,8,19FMA01,"Mr S Arul Gnanapragasam",6383996214,arulgnanapragasam_ma1@mail.sjctni.edu
26PMA120,25PGC1SL01,"Self - Learning: Global Citizenship Education",1,8,19FMA01,"Mr S Arul Gnanapragasam",6383996214,arulgnanapragasam_ma1@mail.sjctni.edu
26PMA121,25PGC1SL01,"Self - Learning: Global Citizenship Education",1,8,19FMA01,"Mr S Arul Gnanapragasam",6383996214,arulgnanapragasam_ma1@mail.sjctni.edu
26PMA122,25PGC1SL01,"Self - Learning: Global Citizenship Education",1,8,19FMA01,"Mr S Arul Gnanapragasam",6383996214,arulgnanapragasam_ma1@mail.sjctni.edu
26PMA123,25PGC1SL01,"Self - Learning: Global Citizenship Education",1,8,19FMA01,"Mr S Arul Gnanapragasam",6383996214,arulgnanapragasam_ma1@mail.sjctni.edu
26PMA124,25PGC1SL01,"Self - Learning: Global Citizenship Education",1,8,19FMA01,"Mr S Arul Gnanapragasam",6383996214,arulgnanapragasam_ma1@mail.sjctni.edu
26PMA125,25PGC1SL01,"Self - Learning: Global Citizenship Education",1,8,19FMA01,"Mr S Arul Gnanapragasam",6383996214,arulgnanapragasam_ma1@mail.sjctni.edu
26PMA126,25PGC1SL01,"Self - Learning: Global Citizenship Education",1,8,19FMA01,"Mr S Arul Gnanapragasam",6383996214,arulgnanapragasam_ma1@mail.sjctni.edu
26PMA127,25PGC1SL01,"Self - Learning: Global Citizenship Education",1,8,19FMA01,"Mr S Arul Gnanapragasam",6383996214,arulgnanapragasam_ma1@mail.sjctni.edu
26PMA128,25PGC1SL01,"Self - Learning: Global Citizenship Education",1,8,19FMA01,"Mr S Arul Gnanapragasam",6383996214,arulgnanapragasam_ma1@mail.sjctni.edu
26PMA129,25PGC1SL01,"Self - Learning: Global Citizenship Education",1,8,19FMA01,"Mr S Arul Gnanapragasam",6383996214,arulgnanapragasam_ma1@mail.sjctni.edu
26PMA130,25PGC1SL01,"Self - Learning: Global Citizenship Education",1,8,19FMA01,"Mr S Arul Gnanapragasam",6383996214,arulgnanapragasam_ma1@mail.sjctni.edu
26PMA131,25PGC1SL01,"Self - Learning: Global Citizenship Education",1,8,19FMA01,"Mr S Arul Gnanapragasam",6383996214,arulgnanapragasam_ma1@mail.sjctni.edu
26PMA132,25PGC1SL01,"Self - Learning: Global Citizenship Education",1,8,19FMA01,"Mr S Arul Gnanapragasam",6383996214,arulgnanapragasam_ma1@mail.sjctni.edu
26PMA133,25PGC1SL01,"Self - Learning: Global Citizenship Education",1,8,19FMA01,"Mr S Arul Gnanapragasam",6383996214,arulgnanapragasam_ma1@mail.sjctni.edu
26PMA135,25PGC1SL01,"Self - Learning: Global Citizenship Education",1,8,19FMA01,"Mr S Arul Gnanapragasam",6383996214,arulgnanapragasam_ma1@mail.sjctni.edu
26PMA136,25PGC1SL01,"Self - Learning: Global Citizenship Education",1,8,19FMA01,"Mr S Arul Gnanapragasam",6383996214,arulgnanapragasam_ma1@mail.sjctni.edu
26PMA137,25PGC1SL01,"Self - Learning: Global Citizenship Education",1,8,19FMA01,"Mr S Arul Gnanapragasam",6383996214,arulgnanapragasam_ma1@mail.sjctni.edu
26PMA138,25PGC1SL01,"Self - Learning: Global Citizenship Education",1,8,19FMA01,"Mr S Arul Gnanapragasam",6383996214,arulgnanapragasam_ma1@mail.sjctni.edu
26PPH101,25PGC1SL01,"Self - Learning: Global Citizenship Education",1,9,12FPH01,"Dr M M Armstrong Arasu",9842528578,armstrongarasu_ph1@mail.sjctni.edu
26PPH102,25PGC1SL01,"Self - Learning: Global Citizenship Education",1,9,12FPH01,"Dr M M Armstrong Arasu",9842528578,armstrongarasu_ph1@mail.sjctni.edu
26PPH103,25PGC1SL01,"Self - Learning: Global Citizenship Education",1,9,12FPH01,"Dr M M Armstrong Arasu",9842528578,armstrongarasu_ph1@mail.sjctni.edu
26PPH104,25PGC1SL01,"Self - Learning: Global Citizenship Education",1,9,12FPH01,"Dr M M Armstrong Arasu",9842528578,armstrongarasu_ph1@mail.sjctni.edu
26PPH105,25PGC1SL01,"Self - Learning: Global Citizenship Education",1,9,12FPH01,"Dr M M Armstrong Arasu",9842528578,armstrongarasu_ph1@mail.sjctni.edu
26PPH106,25PGC1SL01,"Self - Learning: Global Citizenship Education",1,9,12FPH01,"Dr M M Armstrong Arasu",9842528578,armstrongarasu_ph1@mail.sjctni.edu
26PPH107,25PGC1SL01,"Self - Learning: Global Citizenship Education",1,9,12FPH01,"Dr M M Armstrong Arasu",9842528578,armstrongarasu_ph1@mail.sjctni.edu
26PPH108,25PGC1SL01,"Self - Learning: Global Citizenship Education",1,9,12FPH01,"Dr M M Armstrong Arasu",9842528578,armstrongarasu_ph1@mail.sjctni.edu
26PPH109,25PGC1SL01,"Self - Learning: Global Citizenship Education",1,9,12FPH01,"Dr M M Armstrong Arasu",9842528578,armstrongarasu_ph1@mail.sjctni.edu
26PPH110,25PGC1SL01,"Self - Learning: Global Citizenship Education",1,9,12FPH01,"Dr M M Armstrong Arasu",9842528578,armstrongarasu_ph1@mail.sjctni.edu
26PPH111,25PGC1SL01,"Self - Learning: Global Citizenship Education",1,9,12FPH01,"Dr M M Armstrong Arasu",9842528578,armstrongarasu_ph1@mail.sjctni.edu
26PPH113,25PGC1SL01,"Self - Learning: Global Citizenship Education",1,9,12FPH01,"Dr M M Armstrong Arasu",9842528578,armstrongarasu_ph1@mail.sjctni.edu
26PPH114,25PGC1SL01,"Self - Learning: Global Citizenship Education",1,9,12FPH01,"Dr M M Armstrong Arasu",9842528578,armstrongarasu_ph1@mail.sjctni.edu
26PPH115,25PGC1SL01,"Self - Learning: Global Citizenship Education",1,9,12FPH01,"Dr M M Armstrong Arasu",9842528578,armstrongarasu_ph1@mail.sjctni.edu
26PPH116,25PGC1SL01,"Self - Learning: Global Citizenship Education",1,9,12FPH01,"Dr M M Armstrong Arasu",9842528578,armstrongarasu_ph1@mail.sjctni.edu
26PPH117,25PGC1SL01,"Self - Learning: Global Citizenship Education",1,9,12FPH01,"Dr M M Armstrong Arasu",9842528578,armstrongarasu_ph1@mail.sjctni.edu
26PPH118,25PGC1SL01,"Self - Learning: Global Citizenship Education",1,9,12FPH01,"Dr M M Armstrong Arasu",9842528578,armstrongarasu_ph1@mail.sjctni.edu
26PPH119,25PGC1SL01,"Self - Learning: Global Citizenship Education",1,9,12FPH01,"Dr M M Armstrong Arasu",9842528578,armstrongarasu_ph1@mail.sjctni.edu
26PPH120,25PGC1SL01,"Self - Learning: Global Citizenship Education",1,9,12FPH01,"Dr M M Armstrong Arasu",9842528578,armstrongarasu_ph1@mail.sjctni.edu
26PPH121,25PGC1SL01,"Self - Learning: Global Citizenship Education",1,9,12FPH01,"Dr M M Armstrong Arasu",9842528578,armstrongarasu_ph1@mail.sjctni.edu
26PPH122,25PGC1SL01,"Self - Learning: Global Citizenship Education",1,9,12FPH01,"Dr M M Armstrong Arasu",9842528578,armstrongarasu_ph1@mail.sjctni.edu
26PPH123,25PGC1SL01,"Self - Learning: Global Citizenship Education",1,9,12FPH01,"Dr M M Armstrong Arasu",9842528578,armstrongarasu_ph1@mail.sjctni.edu
26PPH124,25PGC1SL01,"Self - Learning: Global Citizenship Education",1,9,12FPH01,"Dr M M Armstrong Arasu",9842528578,armstrongarasu_ph1@mail.sjctni.edu
26PPH125,25PGC1SL01,"Self - Learning: Global Citizenship Education",1,9,12FPH01,"Dr M M Armstrong Arasu",9842528578,armstrongarasu_ph1@mail.sjctni.edu
26PPH126,25PGC1SL01,"Self - Learning: Global Citizenship Education",1,9,12FPH01,"Dr M M Armstrong Arasu",9842528578,armstrongarasu_ph1@mail.sjctni.edu
26PPH127,25PGC1SL01,"Self - Learning: Global Citizenship Education",1,9,12FPH01,"Dr M M Armstrong Arasu",9842528578,armstrongarasu_ph1@mail.sjctni.edu
26PPH128,25PGC1SL01,"Self - Learning: Global Citizenship Education",1,9,12FPH01,"Dr M M Armstrong Arasu",9842528578,armstrongarasu_ph1@mail.sjctni.edu
26PPH129,25PGC1SL01,"Self - Learning: Global Citizenship Education",1,9,12FPH01,"Dr M M Armstrong Arasu",9842528578,armstrongarasu_ph1@mail.sjctni.edu
26PPH130,25PGC1SL01,"Self - Learning: Global Citizenship Education",1,9,12FPH01,"Dr M M Armstrong Arasu",9842528578,armstrongarasu_ph1@mail.sjctni.edu
26PPH131,25PGC1SL01,"Self - Learning: Global Citizenship Education",1,9,12FPH01,"Dr M M Armstrong Arasu",9842528578,armstrongarasu_ph1@mail.sjctni.edu
26PPH132,25PGC1SL01,"Self - Learning: Global Citizenship Education",1,9,12FPH01,"Dr M M Armstrong Arasu",9842528578,armstrongarasu_ph1@mail.sjctni.edu
26PPH133,25PGC1SL01,"Self - Learning: Global Citizenship Education",1,9,12FPH01,"Dr M M Armstrong Arasu",9842528578,armstrongarasu_ph1@mail.sjctni.edu
26PPH801,25PGC1SL01,"Self - Learning: Global Citizenship Education",2,13,07TPH01,"Dr S Lourduraj",9786114169,lourduraj_ph2@mail.sjctni.edu
26PPH802,25PGC1SL01,"Self - Learning: Global Citizenship Education",2,13,07TPH01,"Dr S Lourduraj",9786114169,lourduraj_ph2@mail.sjctni.edu
26PPH803,25PGC1SL01,"Self - Learning: Global Citizenship Education",2,13,07TPH01,"Dr S Lourduraj",9786114169,lourduraj_ph2@mail.sjctni.edu
26PPH804,25PGC1SL01,"Self - Learning: Global Citizenship Education",2,13,07TPH01,"Dr S Lourduraj",9786114169,lourduraj_ph2@mail.sjctni.edu
26PPH805,25PGC1SL01,"Self - Learning: Global Citizenship Education",2,13,07TPH01,"Dr S Lourduraj",9786114169,lourduraj_ph2@mail.sjctni.edu
26PPH807,25PGC1SL01,"Self - Learning: Global Citizenship Education",2,13,07TPH01,"Dr S Lourduraj",9786114169,lourduraj_ph2@mail.sjctni.edu
26PPH809,25PGC1SL01,"Self - Learning: Global Citizenship Education",2,13,07TPH01,"Dr S Lourduraj",9786114169,lourduraj_ph2@mail.sjctni.edu
26PPH810,25PGC1SL01,"Self - Learning: Global Citizenship Education",2,13,07TPH01,"Dr S Lourduraj",9786114169,lourduraj_ph2@mail.sjctni.edu
26PPH811,25PGC1SL01,"Self - Learning: Global Citizenship Education",2,13,07TPH01,"Dr S Lourduraj",9786114169,lourduraj_ph2@mail.sjctni.edu
26PPH812,25PGC1SL01,"Self - Learning: Global Citizenship Education",2,13,07TPH01,"Dr S Lourduraj",9786114169,lourduraj_ph2@mail.sjctni.edu
26PPH813,25PGC1SL01,"Self - Learning: Global Citizenship Education",2,13,07TPH01,"Dr S Lourduraj",9786114169,lourduraj_ph2@mail.sjctni.edu
26PPH814,25PGC1SL01,"Self - Learning: Global Citizenship Education",2,13,07TPH01,"Dr S Lourduraj",9786114169,lourduraj_ph2@mail.sjctni.edu
26PPH815,25PGC1SL01,"Self - Learning: Global Citizenship Education",2,13,07TPH01,"Dr S Lourduraj",9786114169,lourduraj_ph2@mail.sjctni.edu
26PPH816,25PGC1SL01,"Self - Learning: Global Citizenship Education",2,13,07TPH01,"Dr S Lourduraj",9786114169,lourduraj_ph2@mail.sjctni.edu
26PTA801,25PGC1SL01,"Self - Learning: Global Citizenship Education",2,14,01TTA01,"Dr S Arockia Dhanaraj",9842815015,arockiadhanaraj_ta2@mail.sjctni.edu
26PTA802,25PGC1SL01,"Self - Learning: Global Citizenship Education",2,14,01TTA01,"Dr S Arockia Dhanaraj",9842815015,arockiadhanaraj_ta2@mail.sjctni.edu
26PTA803,25PGC1SL01,"Self - Learning: Global Citizenship Education",2,14,01TTA01,"Dr S Arockia Dhanaraj",9842815015,arockiadhanaraj_ta2@mail.sjctni.edu
26PTA804,25PGC1SL01,"Self - Learning: Global Citizenship Education",2,14,01TTA01,"Dr S Arockia Dhanaraj",9842815015,arockiadhanaraj_ta2@mail.sjctni.edu
26PTA805,25PGC1SL01,"Self - Learning: Global Citizenship Education",2,14,01TTA01,"Dr S Arockia Dhanaraj",9842815015,arockiadhanaraj_ta2@mail.sjctni.edu
26PTA806,25PGC1SL01,"Self - Learning: Global Citizenship Education",2,14,01TTA01,"Dr S Arockia Dhanaraj",9842815015,arockiadhanaraj_ta2@mail.sjctni.edu
26PTA807,25PGC1SL01,"Self - Learning: Global Citizenship Education",2,14,01TTA01,"Dr S Arockia Dhanaraj",9842815015,arockiadhanaraj_ta2@mail.sjctni.edu
26PTA808,25PGC1SL01,"Self - Learning: Global Citizenship Education",2,14,01TTA01,"Dr S Arockia Dhanaraj",9842815015,arockiadhanaraj_ta2@mail.sjctni.edu
26PTA809,25PGC1SL01,"Self - Learning: Global Citizenship Education",2,14,01TTA01,"Dr S Arockia Dhanaraj",9842815015,arockiadhanaraj_ta2@mail.sjctni.edu
26PTA810,25PGC1SL01,"Self - Learning: Global Citizenship Education",2,14,01TTA01,"Dr S Arockia Dhanaraj",9842815015,arockiadhanaraj_ta2@mail.sjctni.edu
26PTA811,25PGC1SL01,"Self - Learning: Global Citizenship Education",2,14,01TTA01,"Dr S Arockia Dhanaraj",9842815015,arockiadhanaraj_ta2@mail.sjctni.edu
26PTA812,25PGC1SL01,"Self - Learning: Global Citizenship Education",2,14,01TTA01,"Dr S Arockia Dhanaraj",9842815015,arockiadhanaraj_ta2@mail.sjctni.edu
26PTA813,25PGC1SL01,"Self - Learning: Global Citizenship Education",2,14,01TTA01,"Dr S Arockia Dhanaraj",9842815015,arockiadhanaraj_ta2@mail.sjctni.edu
26PTA814,25PGC1SL01,"Self - Learning: Global Citizenship Education",2,14,01TTA01,"Dr S Arockia Dhanaraj",9842815015,arockiadhanaraj_ta2@mail.sjctni.edu
26PTA815,25PGC1SL01,"Self - Learning: Global Citizenship Education",2,14,01TTA01,"Dr S Arockia Dhanaraj",9842815015,arockiadhanaraj_ta2@mail.sjctni.edu
26PTA816,25PGC1SL01,"Self - Learning: Global Citizenship Education",2,14,01TTA01,"Dr S Arockia Dhanaraj",9842815015,arockiadhanaraj_ta2@mail.sjctni.edu
26PTA817,25PGC1SL01,"Self - Learning: Global Citizenship Education",2,14,01TTA01,"Dr S Arockia Dhanaraj",9842815015,arockiadhanaraj_ta2@mail.sjctni.edu
26PTA818,25PGC1SL01,"Self - Learning: Global Citizenship Education",2,14,01TTA01,"Dr S Arockia Dhanaraj",9842815015,arockiadhanaraj_ta2@mail.sjctni.edu
26PTA819,25PGC1SL01,"Self - Learning: Global Citizenship Education",2,14,01TTA01,"Dr S Arockia Dhanaraj",9842815015,arockiadhanaraj_ta2@mail.sjctni.edu
26PTA820,25PGC1SL01,"Self - Learning: Global Citizenship Education",2,14,01TTA01,"Dr S Arockia Dhanaraj",9842815015,arockiadhanaraj_ta2@mail.sjctni.edu
26PTA821,25PGC1SL01,"Self - Learning: Global Citizenship Education",2,14,01TTA01,"Dr S Arockia Dhanaraj",9842815015,arockiadhanaraj_ta2@mail.sjctni.edu
26PTA822,25PGC1SL01,"Self - Learning: Global Citizenship Education",2,14,01TTA01,"Dr S Arockia Dhanaraj",9842815015,arockiadhanaraj_ta2@mail.sjctni.edu
26PTA823,25PGC1SL01,"Self - Learning: Global Citizenship Education",2,14,01TTA01,"Dr S Arockia Dhanaraj",9842815015,arockiadhanaraj_ta2@mail.sjctni.edu
26PTA824,25PGC1SL01,"Self - Learning: Global Citizenship Education",2,14,01TTA01,"Dr S Arockia Dhanaraj",9842815015,arockiadhanaraj_ta2@mail.sjctni.edu
26PVC801,25PGC1SL01,"Self - Learning: Global Citizenship Education",2,15,14TBV01,"Dr S Tamilarasi",9655763007,tamilarasi_vt1@mail.sjctni.edu
26PVC802,25PGC1SL01,"Self - Learning: Global Citizenship Education",2,15,14TBV01,"Dr S Tamilarasi",9655763007,tamilarasi_vt1@mail.sjctni.edu
26PVC803,25PGC1SL01,"Self - Learning: Global Citizenship Education",2,15,14TBV01,"Dr S Tamilarasi",9655763007,tamilarasi_vt1@mail.sjctni.edu
26PVC804,25PGC1SL01,"Self - Learning: Global Citizenship Education",2,15,14TBV01,"Dr S Tamilarasi",9655763007,tamilarasi_vt1@mail.sjctni.edu
26PVC805,25PGC1SL01,"Self - Learning: Global Citizenship Education",2,15,14TBV01,"Dr S Tamilarasi",9655763007,tamilarasi_vt1@mail.sjctni.edu
26PVC806,25PGC1SL01,"Self - Learning: Global Citizenship Education",2,15,14TBV01,"Dr S Tamilarasi",9655763007,tamilarasi_vt1@mail.sjctni.edu
26PVC807,25PGC1SL01,"Self - Learning: Global Citizenship Education",2,15,14TBV01,"Dr S Tamilarasi",9655763007,tamilarasi_vt1@mail.sjctni.edu
26PVC808,25PGC1SL01,"Self - Learning: Global Citizenship Education",2,15,14TBV01,"Dr S Tamilarasi",9655763007,tamilarasi_vt1@mail.sjctni.edu
26PVC809,25PGC1SL01,"Self - Learning: Global Citizenship Education",2,15,14TBV01,"Dr S Tamilarasi",9655763007,tamilarasi_vt1@mail.sjctni.edu
26PVC810,25PGC1SL01,"Self - Learning: Global Citizenship Education",2,15,14TBV01,"Dr S Tamilarasi",9655763007,tamilarasi_vt1@mail.sjctni.edu
26PVC811,25PGC1SL01,"Self - Learning: Global Citizenship Education",2,15,14TBV01,"Dr S Tamilarasi",9655763007,tamilarasi_vt1@mail.sjctni.edu
26PVC812,25PGC1SL01,"Self - Learning: Global Citizenship Education",2,15,14TBV01,"Dr S Tamilarasi",9655763007,tamilarasi_vt1@mail.sjctni.edu
26PVC813,25PGC1SL01,"Self - Learning: Global Citizenship Education",2,15,14TBV01,"Dr S Tamilarasi",9655763007,tamilarasi_vt1@mail.sjctni.edu
26PVC814,25PGC1SL01,"Self - Learning: Global Citizenship Education",2,15,14TBV01,"Dr S Tamilarasi",9655763007,tamilarasi_vt1@mail.sjctni.edu
26PVC815,25PGC1SL01,"Self - Learning: Global Citizenship Education",2,15,14TBV01,"Dr S Tamilarasi",9655763007,tamilarasi_vt1@mail.sjctni.edu
26PVC816,25PGC1SL01,"Self - Learning: Global Citizenship Education",2,15,14TBV01,"Dr S Tamilarasi",9655763007,tamilarasi_vt1@mail.sjctni.edu
26PVC817,25PGC1SL01,"Self - Learning: Global Citizenship Education",2,15,14TBV01,"Dr S Tamilarasi",9655763007,tamilarasi_vt1@mail.sjctni.edu
