Department ,Programme ,Shift,Staff Incharge,Course Title,Course Code,Reg. Nol,Name
ARTIFICIAL INTELLIGENCE,PG,Shift 2,C.MOHANRAJA,Research Writing,25PAI2SL02,25PAI801,SHRI HARISH V M
ARTIFICIAL INTELLIGENCE,PG,Shift 2,C.MOHANRAJA,Research Writing,25PAI2SL02,25PAI805,CHRIS MATTHEW
ARTIFICIAL INTELLIGENCE,PG,Shift 2,C.MOHANRAJA,Research Writing,25PAI2SL02,25PAI811,JAFFIC JESHMA J
ARTIFICIAL INTELLIGENCE,PG,Shift 2,C.MOHANRAJA,Research Writing,25PAI2SL02,25PAI812,MOHAMED RIYAS M
ARTIFICIAL INTELLIGENCE,PG,Shift 2,C.MOHANRAJA,Research Writing,25PAI2SL02,25PAI816,VISWAA G
ARTIFICIAL INTELLIGENCE,PG,Shift 2,C.MOHANRAJA,Research Writing,25PAI2SL02,25PAI823,LINITH MICHAELIN P
ARTIFICIAL INTELLIGENCE,UG,Shift 2,Dr. S. LAKSHMANAN,Python for Data Science,25UAI24SL01,25UAI511,ARIYA KANNAA RA
ARTIFICIAL INTELLIGENCE,UG,Shift 2,Dr. S. LAKSHMANAN,Python for Data Science,25UAI24SL01,25UAI517,KODEESWAR M
ARTIFICIAL INTELLIGENCE,UG,Shift 2,Dr. S. LAKSHMANAN,Python for Data Science,25UAI24SL01,25UAI524,DINESH S
ARTIFICIAL INTELLIGENCE,UG,Shift 2,Dr. S. LAKSHMANAN,Python for Data Science,25UAI24SL01,25UAI526,ALWIN L
ARTIFICIAL INTELLIGENCE,UG,Shift 2,Dr. S. LAKSHMANAN,Python for Data Science,25UAI24SL01,25UAI527,KRITHIK ROSHAN Y
ARTIFICIAL INTELLIGENCE,UG,Shift 2,Dr. S. LAKSHMANAN,Python for Data Science,25UAI24SL01,25UAI529,SUBRAJA M
ARTIFICIAL INTELLIGENCE,UG,Shift 2,Dr. S. LAKSHMANAN,Python for Data Science,25UAI24SL01,25UAI530,DANIEL M
ARTIFICIAL INTELLIGENCE,UG,Shift 2,Dr. S. LAKSHMANAN,Python for Data Science,25UAI24SL01,25UAI532,RESHMA S
ARTIFICIAL INTELLIGENCE,UG,Shift 2,Dr. S. LAKSHMANAN,Python for Data Science,25UAI24SL01,25UAI533,SRINATH S
ARTIFICIAL INTELLIGENCE,UG,Shift 2,Dr. S. LAKSHMANAN,Python for Data Science,25UAI24SL01,25UAI534,ALAN S
ARTIFICIAL INTELLIGENCE,UG,Shift 2,Dr. S. LAKSHMANAN,Python for Data Science,25UAI24SL01,25UAI535,TEEN AZIZ S
ARTIFICIAL INTELLIGENCE,UG,Shift 2,Dr. S. LAKSHMANAN,Python for Data Science,25UAI24SL01,25UAI536,KEVIN D
ARTIFICIAL INTELLIGENCE,UG,Shift 2,Dr. S. LAKSHMANAN,Python for Data Science,25UAI24SL01,25UAI538,SIVASAKTHI S
ARTIFICIAL INTELLIGENCE,UG,Shift 2,Dr. S. LAKSHMANAN,Python for Data Science,25UAI24SL01,25UAI540,JOSHWA L
ARTIFICIAL INTELLIGENCE,UG,Shift 2,Dr. S. LAKSHMANAN,Python for Data Science,25UAI24SL01,25UAI541,KALVIN JORISH Y
ARTIFICIAL INTELLIGENCE,UG,Shift 2,Dr. S. LAKSHMANAN,Python for Data Science,25UAI24SL01,25UAI543,JERLIN CHRISTINA E
ARTIFICIAL INTELLIGENCE,UG,Shift 2,Dr. S. LAKSHMANAN,Python for Data Science,25UAI24SL01,25UAI544,KANISHKA SRI S
ARTIFICIAL INTELLIGENCE,UG,Shift 2,Dr. S. LAKSHMANAN,Python for Data Science,25UAI24SL01,25UAI546,JOHNSON NIHIL V
ARTIFICIAL INTELLIGENCE,UG,Shift 2,Dr. S. LAKSHMANAN,Python for Data Science,25UAI24SL01,25UAI547,P SPOORTHI CHOWDARY
ARTIFICIAL INTELLIGENCE,UG,Shift 2,Dr. S. LAKSHMANAN,Python for Data Science,25UAI24SL01,25UAI548,ALPHINO PHILIP A
ARTIFICIAL INTELLIGENCE,UG,Shift 2,Dr. S. LAKSHMANAN,Python for Data Science,25UAI24SL01,25UAI550,M ANOSHKA ARCHANA
ARTIFICIAL INTELLIGENCE,UG,Shift 2,Dr. S. LAKSHMANAN,Python for Data Science,25UAI24SL01,25UAI551,JEBA SANTOSH. P
ARTIFICIAL INTELLIGENCE,UG,Shift 2,Dr. S. LAKSHMANAN,Python for Data Science,25UAI24SL01,25UAI552,ANEESHKUMAR E
ARTIFICIAL INTELLIGENCE,UG,Shift 2,Dr. S. LAKSHMANAN,Python for Data Science,25UAI24SL01,25UAI554,YADESHWARAN K
ARTIFICIAL INTELLIGENCE,UG,Shift 2,Dr. S. LAKSHMANAN,Python for Data Science,25UAI24SL01,25UAI556,THAMOTHARAN A
ARTIFICIAL INTELLIGENCE,UG,Shift 2,Dr. S. LAKSHMANAN,Python for Data Science,25UAI24SL01,25UAI557,IGNI JONISE V
ARTIFICIAL INTELLIGENCE,UG,Shift 2,Dr. S. LAKSHMANAN,Python for Data Science,25UAI24SL01,25UAI561,INIYA SHREE S
ARTIFICIAL INTELLIGENCE,UG,Shift 2,Dr. S. LAKSHMANAN,Python for Data Science,25UAI24SL01,25UAI562,GOKULMARAN T
ARTIFICIAL INTELLIGENCE,UG,Shift 2,Dr. S. LAKSHMANAN,Python for Data Science,25UAI24SL01,25UAI563,SRIJAY V
ARTIFICIAL INTELLIGENCE,UG,Shift 2,Dr. S. LAKSHMANAN,Python for Data Science,25UAI24SL01,25UAI564,AMALA TARVIN DRAVIT J
ARTIFICIAL INTELLIGENCE,UG,Shift 2,Dr. S. LAKSHMANAN,Python for Data Science,25UAI24SL01,25UAI566,MAHESWARAN K
ARTIFICIAL INTELLIGENCE,UG,Shift 2,Dr. S. LAKSHMANAN,Python for Data Science,25UAI24SL01,25UAI567,TAMILVENDHAN R
ARTIFICIAL INTELLIGENCE,UG,Shift 2,Dr. S. LAKSHMANAN,Python for Data Science,25UAI24SL01,25UAI568,BOOMIKA P
ARTIFICIAL INTELLIGENCE,UG,Shift 2,Dr. S. LAKSHMANAN,Python for Data Science,25UAI24SL01,25UAI571,ANBARASAN S
B. COM BUSINESS ANALYTICS,UG,Shift 2,Santhosh ,Applied Digital Entrepreneurship ,25UCB24SL01,25UCB503,Hafid Mohideen R S
B. COM BUSINESS ANALYTICS,UG,Shift 2,Santhosh ,Applied Digital Entrepreneurship ,25UCB24SL01,25UCB507,Josses P
B. COM BUSINESS ANALYTICS,UG,Shift 2,Santhosh ,Applied Digital Entrepreneurship ,25UCB24SL01,25UCB509,Dhivya K
B. COM BUSINESS ANALYTICS,UG,Shift 2,Santhosh ,Applied Digital Entrepreneurship ,25UCB24SL01,25UCB511,Niranjan R
B. COM BUSINESS ANALYTICS,UG,Shift 2,Santhosh ,Applied Digital Entrepreneurship ,25UCB24SL01,25UCB513,Nandha Sree U
B. COM BUSINESS ANALYTICS,UG,Shift 2,Santhosh ,Applied Digital Entrepreneurship ,25UCB24SL01,25UCB514,Sri Santh B
B. COM BUSINESS ANALYTICS,UG,Shift 2,Santhosh ,Applied Digital Entrepreneurship ,25UCB24SL01,25UCB517,Itharshana S
B. COM BUSINESS ANALYTICS,UG,Shift 2,Santhosh ,Applied Digital Entrepreneurship ,25UCB24SL01,25UCB518,Rafael S
B. COM BUSINESS ANALYTICS,UG,Shift 2,Santhosh ,Applied Digital Entrepreneurship ,25UCB24SL01,25UCB519,Diya Shree  S
B. COM BUSINESS ANALYTICS,UG,Shift 2,Santhosh ,Applied Digital Entrepreneurship ,25UCB24SL01,25UCB521,Narayanasamy G
B. COM BUSINESS ANALYTICS,UG,Shift 2,Santhosh ,Applied Digital Entrepreneurship ,25UCB24SL01,25UCB523,Jerry Godson A
B. COM BUSINESS ANALYTICS,UG,Shift 2,Santhosh ,Applied Digital Entrepreneurship ,25UCB24SL01,25UCB526,Pearl Alston D
B. COM BUSINESS ANALYTICS,UG,Shift 2,Santhosh ,Applied Digital Entrepreneurship ,25UCB24SL01,25UCB533,Briden Roy T
B. COM BUSINESS ANALYTICS,UG,Shift 2,Santhosh ,Applied Digital Entrepreneurship ,25UCB24SL01,25UCB534,Sri Hari P
B. COM BUSINESS ANALYTICS,UG,Shift 2,Santhosh ,Applied Digital Entrepreneurship ,25UCB24SL01,25UCB535,Dhanya Shree E
B. COM BUSINESS ANALYTICS,UG,Shift 2,Santhosh ,Applied Digital Entrepreneurship ,25UCB24SL01,25UCB537,Manimaran A
B. COM BUSINESS ANALYTICS,UG,Shift 2,Santhosh ,Applied Digital Entrepreneurship ,25UCB24SL01,25UCB538,Santhosh G
B. COM BUSINESS ANALYTICS,UG,Shift 2,Santhosh ,Applied Digital Entrepreneurship ,25UCB24SL01,25UCB539,Abdul Hameed S
B. COM BUSINESS ANALYTICS,UG,Shift 2,Santhosh ,Applied Digital Entrepreneurship ,25UCB24SL01,25UCB542,Lakshaan S
B. COM BUSINESS ANALYTICS,UG,Shift 2,Santhosh ,Applied Digital Entrepreneurship ,25UCB24SL01,25UCB545,Mohammed Suhail Sulthan M
B. COM BUSINESS ANALYTICS,UG,Shift 2,Santhosh ,Applied Digital Entrepreneurship ,25UCB24SL01,25UCB547,Elwin C
B. COM BUSINESS ANALYTICS,UG,Shift 2,Santhosh ,Applied Digital Entrepreneurship ,25UCB24SL01,25UCB548,Bhavadharani B
B. COM BUSINESS ANALYTICS,UG,Shift 2,Santhosh ,Applied Digital Entrepreneurship ,25UCB24SL01,25UCB552,Tanus Thyla D
B. COM BUSINESS ANALYTICS,UG,Shift 2,Santhosh ,Applied Digital Entrepreneurship ,25UCB24SL01,25UCB553,Vinith L
B. COM BUSINESS ANALYTICS,UG,Shift 2,Santhosh ,Applied Digital Entrepreneurship ,25UCB24SL01,25UCB554,Stanly Jordan V
B. COM BUSINESS ANALYTICS,UG,Shift 2,Santhosh ,Applied Digital Entrepreneurship ,25UCB24SL01,25UCB555,Abinav Tharsan S
B. COM BUSINESS ANALYTICS,UG,Shift 2,Santhosh ,Applied Digital Entrepreneurship ,25UCB24SL01,25UCB557,Ragul M
B. COM BUSINESS ANALYTICS,UG,Shift 2,Santhosh ,Applied Digital Entrepreneurship ,25UCB24SL01,25UCB558,Vinoshan T
B. COM BUSINESS ANALYTICS,UG,Shift 2,Santhosh ,Applied Digital Entrepreneurship ,25UCB24SL01,25UCB561,Ramana M
B. COM HONOURS,UG,Shift 2,G Prabhakaran,Digital Marketing in the AI Era-Part 1,25UCR24SL01,25UCR502,Vidhya.S
B. COM HONOURS,UG,Shift 2,G Prabhakaran,Digital Marketing in the AI Era-Part 1,25UCR24SL01,25UCR508,Varsha.B
B. COM HONOURS,UG,Shift 2,G Prabhakaran,Digital Marketing in the AI Era-Part 1,25UCR24SL01,25UCR510,Sakthi Sundaramoorthy N
B. COM HONOURS,UG,Shift 2,G Prabhakaran,Digital Marketing in the AI Era-Part 1,25UCR24SL01,25UCR512,Gaurika S
B. COM HONOURS,UG,Shift 2,G Prabhakaran,Digital Marketing in the AI Era-Part 1,25UCR24SL01,25UCR513,Varun Adhiraj J
B. COM HONOURS,UG,Shift 2,G Prabhakaran,Digital Marketing in the AI Era-Part 1,25UCR24SL01,25UCR515,Vidhya.V
B. COM HONOURS,UG,Shift 2,G Prabhakaran,Digital Marketing in the AI Era-Part 1,25UCR24SL01,25UCR517,Varsha.V
B. COM HONOURS,UG,Shift 2,G Prabhakaran,Digital Marketing in the AI Era-Part 1,25UCR24SL01,25UCR520,Vijayapradeesh L
B. COM HONOURS,UG,Shift 2,G Prabhakaran,Digital Marketing in the AI Era-Part 1,25UCR24SL01,25UCR522,Sahaya Liboshini M
B. COM HONOURS,UG,Shift 2,G Prabhakaran,Digital Marketing in the AI Era-Part 1,25UCR24SL01,25UCR526,Aravind Sree M
B. COM HONOURS,UG,Shift 2,G Prabhakaran,Digital Marketing in the AI Era-Part 1,25UCR24SL01,25UCR528,Lalitha Nachiyar D K
B. COM HONOURS,UG,Shift 2,G Prabhakaran,Digital Marketing in the AI Era-Part 1,25UCR24SL01,25UCR529,Atchaya Sri S
B. COM HONOURS,UG,Shift 2,G Prabhakaran,Digital Marketing in the AI Era-Part 1,25UCR24SL01,25UCR532,Harshini S
B. COM HONOURS,UG,Shift 2,G Prabhakaran,Digital Marketing in the AI Era-Part 1,25UCR24SL01,25UCR535,M Thiyagarajan
B. COM HONOURS,UG,Shift 2,G Prabhakaran,Digital Marketing in the AI Era-Part 1,25UCR24SL01,25UCR536,Krishna Prasath R
B. COM HONOURS,UG,Shift 2,G Prabhakaran,Digital Marketing in the AI Era-Part 1,25UCR24SL01,25UCR538,Pratishta I
B. COM HONOURS,UG,Shift 2,G Prabhakaran,Digital Marketing in the AI Era-Part 1,25UCR24SL01,25UCR539,Linkesh J P
B. COM HONOURS,UG,Shift 2,G Prabhakaran,Digital Marketing in the AI Era-Part 1,25UCR24SL01,25UCR540,Diksha R
B. COM HONOURS,UG,Shift 2,G Prabhakaran,Digital Marketing in the AI Era-Part 1,25UCR24SL01,25UCR543,Justus Jaffrin A
B. COM HONOURS,UG,Shift 2,G Prabhakaran,Digital Marketing in the AI Era-Part 1,25UCR24SL01,25UCR547,Shyam J
B. COM HONOURS,UG,Shift 2,G Prabhakaran,Digital Marketing in the AI Era-Part 1,25UCR24SL01,25UCR548,Lakshmi Priya J
B. COM HONOURS,UG,Shift 2,G Prabhakaran,Digital Marketing in the AI Era-Part 1,25UCR24SL01,25UCR550,Joano Fark V
B. COM HONOURS,UG,Shift 2,G Prabhakaran,Digital Marketing in the AI Era-Part 1,25UCR24SL01,25UCR553,Sukkesh R
B. COM HONOURS,UG,Shift 2,G Prabhakaran,Digital Marketing in the AI Era-Part 1,25UCR24SL01,25UCR554,Kavya M
B. COM HONOURS,UG,Shift 2,G Prabhakaran,Digital Marketing in the AI Era-Part 1,25UCR24SL01,25UCR557,Alprince A G
B. COM HONOURS,UG,Shift 2,G Prabhakaran,Digital Marketing in the AI Era-Part 1,25UCR24SL01,25UCR559,Priya Shakthi Varshini I
B. COM HONOURS,UG,Shift 2,G Prabhakaran,Digital Marketing in the AI Era-Part 1,25UCR24SL01,25UCR560,Sanjay Ram A M
B. COM HONOURS,UG,Shift 2,G Prabhakaran,Digital Marketing in the AI Era-Part 1,25UCR24SL01,25UCR561,Jassvant N S
B. COM HONOURS,UG,Shift 2,G Prabhakaran,Digital Marketing in the AI Era-Part 1,25UCR24SL01,25UCR562,Joshua Paul
B. COM HONOURS,UG,Shift 2,G Prabhakaran,Digital Marketing in the AI Era-Part 1,25UCR24SL01,25UCR564,Jeeva Priyan M
B. COM HONOURS,UG,Shift 2,G Prabhakaran,Digital Marketing in the AI Era-Part 1,25UCR24SL01,25UCR566,Nolan F Rick Pan
B. COM HONOURS,UG,Shift 2,G Prabhakaran,Digital Marketing in the AI Era-Part 1,25UCR24SL01,25UCR569,Rajagopal Nagarajan
B. COM HONOURS,UG,Shift 2,G Prabhakaran,Digital Marketing in the AI Era-Part 1,25UCR24SL01,25UCR570,Srinivasan M
B. COM HONOURS,UG,Shift 2,G Prabhakaran,Digital Marketing in the AI Era-Part 1,25UCR24SL01,25UCR571,Shahid Ahamed S
B. COM STRATEGIC FINANCE,UG,Shift 2,Dr. V. Sagaya Pricilla,Digital Marketing in the AI Era-Part 1,25UCR24SL01,25UCF503,Srivanth MK
B. COM STRATEGIC FINANCE,UG,Shift 2,Dr. V. Sagaya Pricilla,Digital Marketing in the AI Era-Part 1,25UCR24SL01,25UCF504,Keerthikan AR
B. COM STRATEGIC FINANCE,UG,Shift 2,Dr. V. Sagaya Pricilla,Digital Marketing in the AI Era-Part 1,25UCR24SL01,25UCF505,Brindha Rai S
B. COM STRATEGIC FINANCE,UG,Shift 2,Dr. V. Sagaya Pricilla,Digital Marketing in the AI Era-Part 1,25UCR24SL01,25UCF507,Aarthi S
B. COM STRATEGIC FINANCE,UG,Shift 2,Dr. V. Sagaya Pricilla,Digital Marketing in the AI Era-Part 1,25UCR24SL01,25UCF510,Sahana D
B. COM STRATEGIC FINANCE,UG,Shift 2,Dr. V. Sagaya Pricilla,Digital Marketing in the AI Era-Part 1,25UCR24SL01,25UCF512,Priyadharshini P
B. COM STRATEGIC FINANCE,UG,Shift 2,Dr. V. Sagaya Pricilla,Digital Marketing in the AI Era-Part 1,25UCR24SL01,25UCF514,Nandhine GR
B. COM STRATEGIC FINANCE,UG,Shift 2,Dr. V. Sagaya Pricilla,Digital Marketing in the AI Era-Part 1,25UCR24SL01,25UCF516,Rithika H
B. COM STRATEGIC FINANCE,UG,Shift 2,Dr. V. Sagaya Pricilla,Digital Marketing in the AI Era-Part 1,25UCR24SL01,25UCF519,Yogesh
B. COM STRATEGIC FINANCE,UG,Shift 2,Dr. V. Sagaya Pricilla,Digital Marketing in the AI Era-Part 1,25UCR24SL01,25UCF521,Lalithambigai MS
B. COM STRATEGIC FINANCE,UG,Shift 2,Dr. V. Sagaya Pricilla,Digital Marketing in the AI Era-Part 1,25UCR24SL01,25UCF522,Geethashree G
B. COM STRATEGIC FINANCE,UG,Shift 2,Dr. V. Sagaya Pricilla,Digital Marketing in the AI Era-Part 1,25UCR24SL01,25UCF523,Suganthi P
B. COM STRATEGIC FINANCE,UG,Shift 2,Dr. V. Sagaya Pricilla,Digital Marketing in the AI Era-Part 1,25UCR24SL01,25UCF526,Reshma J
B. COM STRATEGIC FINANCE,UG,Shift 2,Dr. V. Sagaya Pricilla,Digital Marketing in the AI Era-Part 1,25UCR24SL01,25UCF531,Devika J
B. COM STRATEGIC FINANCE,UG,Shift 2,Dr. V. Sagaya Pricilla,Digital Marketing in the AI Era-Part 1,25UCR24SL01,25UCF532,Priyanga N
B. COM STRATEGIC FINANCE,UG,Shift 2,Dr. V. Sagaya Pricilla,Digital Marketing in the AI Era-Part 1,25UCR24SL01,25UCF533,Poojashree V
B. COM STRATEGIC FINANCE,UG,Shift 2,Dr. V. Sagaya Pricilla,Digital Marketing in the AI Era-Part 1,25UCR24SL01,25UCF535,Balaji S
B. COM STRATEGIC FINANCE,UG,Shift 2,Dr. V. Sagaya Pricilla,Digital Marketing in the AI Era-Part 1,25UCR24SL01,25UCF542,Thivika Shankar
B. COM STRATEGIC FINANCE,UG,Shift 2,Dr. V. Sagaya Pricilla,Digital Marketing in the AI Era-Part 1,25UCR24SL01,25UCF543,Yuvashree K
B. COM STRATEGIC FINANCE,UG,Shift 2,Dr. V. Sagaya Pricilla,Digital Marketing in the AI Era-Part 1,25UCR24SL01,25UCF544,Neha D
B. COM STRATEGIC FINANCE,UG,Shift 2,Dr. V. Sagaya Pricilla,Digital Marketing in the AI Era-Part 1,25UCR24SL01,25UCF546,Dhinesh M
BIOTECHNOLOGY,PG,Shift 2,Dr P G GEEGI,Fundamentals of plant pathology,25PBI2SL02,25PBI806,HEMALATHA M
BIOTECHNOLOGY,PG,Shift 2,Dr P G GEEGI,Fundamentals of plant pathology,25PBI2SL02,25PBI807,PRIYADHARSHINI A
BIOTECHNOLOGY,PG,Shift 2,Dr P G GEEGI,Fundamentals of plant pathology,25PBI2SL02,25PBI810,JAWAHAR ASLAM A
BIOTECHNOLOGY,PG,Shift 2,Dr P G GEEGI,Fundamentals of plant pathology,25PBI2SL02,25PBI811,ARUNA N
BIOTECHNOLOGY,UG,Shift 2,Dr Agnes Preethy H,ANIMAL WASTE MANAGEMENT,25UBT24SL01,25UBT518,S. Jeevitha
BIOTECHNOLOGY,UG,Shift 2,Dr Agnes Preethy H,ANIMAL WASTE MANAGEMENT,25UBT24SL01,25UBT503,G. Durga
BIOTECHNOLOGY,UG,Shift 2,Dr Agnes Preethy H,ANIMAL WASTE MANAGEMENT,25UBT24SL01,25UBT517,A. Kevin kanth
BIOTECHNOLOGY,UG,Shift 2,Dr Agnes Preethy H,ANIMAL WASTE MANAGEMENT,25UBT24SL01,25UBT529,M. Swetha
BIOTECHNOLOGY,UG,Shift 2,Dr Agnes Preethy H,ANIMAL WASTE MANAGEMENT,25UBT24SL01,25UBT524,S. Rithik Priyan
BIOTECHNOLOGY,UG,Shift 2,Dr Agnes Preethy H,ANIMAL WASTE MANAGEMENT,25UBT24SL01,25UBT539,P. VishvaRanjan
BIOTECHNOLOGY,UG,Shift 2,Dr Agnes Preethy H,ANIMAL WASTE MANAGEMENT,25UBT24SL01,25UBT513,S. Sri hariKrishnan
BIOTECHNOLOGY,UG,Shift 2,Dr Agnes Preethy H,ANIMAL WASTE MANAGEMENT,25UBT24SL01,25UBT541,R. Felix dockshan
BIOTECHNOLOGY,UG,Shift 2,Dr Agnes Preethy H,ANIMAL WASTE MANAGEMENT,25UBT24SL01,25UBT505,R. Sri Gayathri
BIOTECHNOLOGY,UG,Shift 2,Dr Agnes Preethy H,ANIMAL WASTE MANAGEMENT,25UBT24SL01,25UBT502,V. Gokul Raj
BIOTECHNOLOGY,UG,Shift 2,Dr Agnes Preethy H,ANIMAL WASTE MANAGEMENT,25UBT24SL01,25UBT532,I. Ebinesar
BIOTECHNOLOGY,UG,Shift 2,Dr Agnes Preethy H,ANIMAL WASTE MANAGEMENT,25UBT24SL01,25UBT527,S. Devendiran
BIOTECHNOLOGY,PG,Shift 2,Dr.C.Muthusamy,Bioreactors,25PBT2SL02,25PBT813,BRINDA T
BOTANY,UG,Shift 1,Dr. Johny Kumar Tagore A,ANATOMY OF FLOWERING PLANTS,25UBO24SL01,25UBO102,Rithees Antony
BOTANY,UG,Shift 1,Dr. Johny Kumar Tagore A,ANATOMY OF FLOWERING PLANTS,25UBO24SL01,25UBO103,Archana
BOTANY,UG,Shift 1,Dr. Johny Kumar Tagore A,ANATOMY OF FLOWERING PLANTS,25UBO24SL01,25UBO105,Parveen Kumar
BOTANY,UG,Shift 1,Dr. Johny Kumar Tagore A,ANATOMY OF FLOWERING PLANTS,25UBO24SL01,25UBO106,Joshua Analan
BOTANY,UG,Shift 1,Dr. Johny Kumar Tagore A,ANATOMY OF FLOWERING PLANTS,25UBO24SL01,25UBO107,Antony Albert
BOTANY,UG,Shift 1,Dr. Johny Kumar Tagore A,ANATOMY OF FLOWERING PLANTS,25UBO24SL01,25UBO108,Davis Aro
BOTANY,UG,Shift 1,Dr. Johny Kumar Tagore A,ANATOMY OF FLOWERING PLANTS,25UBO24SL01,25UBO113,Varsha
BOTANY,UG,Shift 1,Dr. Johny Kumar Tagore A,ANATOMY OF FLOWERING PLANTS,25UBO24SL01,25UBO114,Thomas
BOTANY,UG,Shift 1,Dr. Johny Kumar Tagore A,ANATOMY OF FLOWERING PLANTS,25UBO24SL01,25UBO115,Ananth
BOTANY,UG,Shift 1,Dr. Johny Kumar Tagore A,ANATOMY OF FLOWERING PLANTS,25UBO24SL01,25UBO119,Kuberthiran
BOTANY,UG,Shift 1,Dr. Johny Kumar Tagore A,ANATOMY OF FLOWERING PLANTS,25UBO24SL01,25UBO120,Hari Joshua
BOTANY,UG,Shift 1,Dr. Johny Kumar Tagore A,ANATOMY OF FLOWERING PLANTS,25UBO24SL01,25UBO121,Nouvdeep
BOTANY,UG,Shift 1,Dr. Johny Kumar Tagore A,ANATOMY OF FLOWERING PLANTS,25UBO24SL01,25UBO123,Kothainayaki
BOTANY,UG,Shift 1,Dr. Johny Kumar Tagore A,ANATOMY OF FLOWERING PLANTS,25UBO24SL01,25UBO125,Kayalvizhi
BOTANY,UG,Shift 1,Dr. Johny Kumar Tagore A,ANATOMY OF FLOWERING PLANTS,25UBO24SL01,25UBO130,Gowshik
BOTANY,UG,Shift 1,Dr. Johny Kumar Tagore A,ANATOMY OF FLOWERING PLANTS,25UBO24SL01,25UBO131,Suvathi
BOTANY,UG,Shift 1,Dr. Johny Kumar Tagore A,ANATOMY OF FLOWERING PLANTS,25UBO24SL01,25UBO133,Krishna Hasan
BOTANY,UG,Shift 1,Dr. Johny Kumar Tagore A,ANATOMY OF FLOWERING PLANTS,25UBO24SL01,25UBO134,Prithviraj
BOTANY,UG,Shift 1,Dr. Johny Kumar Tagore A,ANATOMY OF FLOWERING PLANTS,25UBO24SL01,25UBO135,Harry Kriston
BOTANY,UG,Shift 1,Dr. Johny Kumar Tagore A,ANATOMY OF FLOWERING PLANTS,25UBO24SL01,25UBO141,Daniel Jeba Raja
BOTANY,UG,Shift 1,Dr. Johny Kumar Tagore A,ANATOMY OF FLOWERING PLANTS,25UBO24SL01,25UBO144,Christopher Andreas
BOTANY,UG,Shift 1,Dr. Johny Kumar Tagore A,ANATOMY OF FLOWERING PLANTS,25UBO24SL01,25UBO145,Seyalan
BOTANY,UG,Shift 1,Dr. Johny Kumar Tagore A,ANATOMY OF FLOWERING PLANTS,25UBO24SL01,25UBO147,Harish
BOTANY,UG,Shift 1,Dr. Johny Kumar Tagore A,ANATOMY OF FLOWERING PLANTS,25UBO24SL01,25UBO151,Madhavan
BOTANY,UG,Shift 1,Dr. Johny Kumar Tagore A,ANATOMY OF FLOWERING PLANTS,25UBO24SL01,25UBO153,Nithya Prasanth
BOTANY,UG,Shift 1,Dr. Johny Kumar Tagore A,ANATOMY OF FLOWERING PLANTS,25UBO24SL01,25UBO154,Karpaganathan
BUSINESS ADMINISTRATION,UG,Shift 2,ANANDA RAJ B ,Entrepreneurship Skills and Digital Marketing Strategies,25UBU24SL01,25UBU501,ATALS S A
BUSINESS ADMINISTRATION,UG,Shift 2,ANANDA RAJ B ,Entrepreneurship Skills and Digital Marketing Strategies,25UBU24SL01,25UBU502,KOGUL V
BUSINESS ADMINISTRATION,UG,Shift 2,ANANDA RAJ B ,Entrepreneurship Skills and Digital Marketing Strategies,25UBU24SL01,25UBU503,HARI RAGAVA C
BUSINESS ADMINISTRATION,UG,Shift 2,ANANDA RAJ B ,Entrepreneurship Skills and Digital Marketing Strategies,25UBU24SL01,25UBU504,MUGESH A
BUSINESS ADMINISTRATION,UG,Shift 2,ANANDA RAJ B ,Entrepreneurship Skills and Digital Marketing Strategies,25UBU24SL01,25UBU506,RAGU B
BUSINESS ADMINISTRATION,UG,Shift 2,ANANDA RAJ B ,Entrepreneurship Skills and Digital Marketing Strategies,25UBU24SL01,25UBU508,BHARTHI RAJA R
BUSINESS ADMINISTRATION,UG,Shift 2,ANANDA RAJ B ,Entrepreneurship Skills and Digital Marketing Strategies,25UBU24SL01,25UBU509,JOHNSON B
BUSINESS ADMINISTRATION,UG,Shift 2,ANANDA RAJ B ,Entrepreneurship Skills and Digital Marketing Strategies,25UBU24SL01,25UBU510,JERON J
BUSINESS ADMINISTRATION,UG,Shift 2,ANANDA RAJ B ,Entrepreneurship Skills and Digital Marketing Strategies,25UBU24SL01,25UBU511,DHARSHAN P
BUSINESS ADMINISTRATION,UG,Shift 2,ANANDA RAJ B ,Entrepreneurship Skills and Digital Marketing Strategies,25UBU24SL01,25UBU512,YASOTHER P
BUSINESS ADMINISTRATION,UG,Shift 2,ANANDA RAJ B ,Entrepreneurship Skills and Digital Marketing Strategies,25UBU24SL01,25UBU513,ISMAIL A
BUSINESS ADMINISTRATION,UG,Shift 2,ANANDA RAJ B ,Entrepreneurship Skills and Digital Marketing Strategies,25UBU24SL01,25UBU514,DAVID J
BUSINESS ADMINISTRATION,UG,Shift 2,ANANDA RAJ B ,Entrepreneurship Skills and Digital Marketing Strategies,25UBU24SL01,25UBU515,UDHAYANITHI T
BUSINESS ADMINISTRATION,UG,Shift 2,ANANDA RAJ B ,Entrepreneurship Skills and Digital Marketing Strategies,25UBU24SL01,25UBU516,HARIHARASUDHAN V P
BUSINESS ADMINISTRATION,UG,Shift 2,ANANDA RAJ B ,Entrepreneurship Skills and Digital Marketing Strategies,25UBU24SL01,25UBU517,SNOWSON M
BUSINESS ADMINISTRATION,UG,Shift 2,ANANDA RAJ B ,Entrepreneurship Skills and Digital Marketing Strategies,25UBU24SL01,25UBU518,SANTHOSH PALANI S
BUSINESS ADMINISTRATION,UG,Shift 2,ANANDA RAJ B ,Entrepreneurship Skills and Digital Marketing Strategies,25UBU24SL01,25UBU519,DINESHKUMAR M
BUSINESS ADMINISTRATION,UG,Shift 2,ANANDA RAJ B ,Entrepreneurship Skills and Digital Marketing Strategies,25UBU24SL01,25UBU520,PRAVEEN RAJA A
BUSINESS ADMINISTRATION,UG,Shift 2,ANANDA RAJ B ,Entrepreneurship Skills and Digital Marketing Strategies,25UBU24SL01,25UBU521,JOICE RAJ A
BUSINESS ADMINISTRATION,UG,Shift 2,ANANDA RAJ B ,Entrepreneurship Skills and Digital Marketing Strategies,25UBU24SL01,25UBU523,SARAN M
BUSINESS ADMINISTRATION,UG,Shift 2,ANANDA RAJ B ,Entrepreneurship Skills and Digital Marketing Strategies,25UBU24SL01,25UBU524,SANJAY P
BUSINESS ADMINISTRATION,UG,Shift 2,ANANDA RAJ B ,Entrepreneurship Skills and Digital Marketing Strategies,25UBU24SL01,25UBU525,GOPI A
BUSINESS ADMINISTRATION,UG,Shift 2,ANANDA RAJ B ,Entrepreneurship Skills and Digital Marketing Strategies,25UBU24SL01,25UBU526,DOFIN GRAHAM SMITH
BUSINESS ADMINISTRATION,UG,Shift 2,ANANDA RAJ B ,Entrepreneurship Skills and Digital Marketing Strategies,25UBU24SL01,25UBU527,ARAVIND S
BUSINESS ADMINISTRATION,UG,Shift 2,ANANDA RAJ B ,Entrepreneurship Skills and Digital Marketing Strategies,25UBU24SL01,25UBU528,SARAN S
BUSINESS ADMINISTRATION,UG,Shift 2,ANANDA RAJ B ,Entrepreneurship Skills and Digital Marketing Strategies,25UBU24SL01,25UBU529,SANTHOSH S
BUSINESS ADMINISTRATION,UG,Shift 2,ANANDA RAJ B ,Entrepreneurship Skills and Digital Marketing Strategies,25UBU24SL01,25UBU532,VIGNESHWARAN V J
BUSINESS ADMINISTRATION,UG,Shift 2,ANANDA RAJ B ,Entrepreneurship Skills and Digital Marketing Strategies,25UBU24SL01,25UBU533,REEGAN J
BUSINESS ADMINISTRATION,UG,Shift 2,ANANDA RAJ B ,Entrepreneurship Skills and Digital Marketing Strategies,25UBU24SL01,25UBU534,KAMILESH A
BUSINESS ADMINISTRATION,UG,Shift 2,ANANDA RAJ B ,Entrepreneurship Skills and Digital Marketing Strategies,25UBU24SL01,25UBU535,SHANMUGARAJAN R
BUSINESS ADMINISTRATION,UG,Shift 2,ANANDA RAJ B ,Entrepreneurship Skills and Digital Marketing Strategies,25UBU24SL01,25UBU536,RAFELL HADDIN C
BUSINESS ADMINISTRATION,UG,Shift 2,ANANDA RAJ B ,Entrepreneurship Skills and Digital Marketing Strategies,25UBU24SL01,25UBU537,PRABHU M
BUSINESS ADMINISTRATION,UG,Shift 2,ANANDA RAJ B ,Entrepreneurship Skills and Digital Marketing Strategies,25UBU24SL01,25UBU538,RYAN  L A
BUSINESS ADMINISTRATION,UG,Shift 2,ANANDA RAJ B ,Entrepreneurship Skills and Digital Marketing Strategies,25UBU24SL01,25UBU539,AAKRO R
BUSINESS ADMINISTRATION,UG,Shift 2,ANANDA RAJ B ,Entrepreneurship Skills and Digital Marketing Strategies,25UBU24SL01,25UBU540,HARIKARAN G
BUSINESS ADMINISTRATION,UG,Shift 2,ANANDA RAJ B ,Entrepreneurship Skills and Digital Marketing Strategies,25UBU24SL01,25UBU541,MUNISH PANDI M
BUSINESS ADMINISTRATION,UG,Shift 2,ANANDA RAJ B ,Entrepreneurship Skills and Digital Marketing Strategies,25UBU24SL01,25UBU542,LAL SANJAI R
BUSINESS ADMINISTRATION,UG,Shift 2,ANANDA RAJ B ,Entrepreneurship Skills and Digital Marketing Strategies,25UBU24SL01,25UBU543,SURYA PRAKASH M
BUSINESS ADMINISTRATION,UG,Shift 2,ANANDA RAJ B ,Entrepreneurship Skills and Digital Marketing Strategies,25UBU24SL01,25UBU544,JAGATHARATCHAGAN
BUSINESS ADMINISTRATION,UG,Shift 2,ANANDA RAJ B ,Entrepreneurship Skills and Digital Marketing Strategies,25UBU24SL01,25UBU545,HUBERT
BUSINESS ADMINISTRATION,UG,Shift 2,ANANDA RAJ B ,Entrepreneurship Skills and Digital Marketing Strategies,25UBU24SL01,25UBU546,MAHASAKTHIVEL
BUSINESS ADMINISTRATION,UG,Shift 2,ANANDA RAJ B ,Entrepreneurship Skills and Digital Marketing Strategies,25UBU24SL01,25UBU547,BARLIN
BUSINESS ADMINISTRATION,UG,Shift 2,ANANDA RAJ B ,Entrepreneurship Skills and Digital Marketing Strategies,25UBU24SL01,25UBU549,GEORGE BUSH
BUSINESS ADMINISTRATION,UG,Shift 2,ANANDA RAJ B ,Entrepreneurship Skills and Digital Marketing Strategies,25UBU24SL01,25UBU550,NAVIN FRANK
BUSINESS ADMINISTRATION,UG,Shift 2,ANANDA RAJ B ,Entrepreneurship Skills and Digital Marketing Strategies,25UBU24SL01,25UBU552,MARK ANTONY
BUSINESS ADMINISTRATION,UG,Shift 2,ANANDA RAJ B ,Entrepreneurship Skills and Digital Marketing Strategies,25UBU24SL01,25UBU553,ROHITH
BUSINESS ADMINISTRATION,UG,Shift 2,ANANDA RAJ B ,Entrepreneurship Skills and Digital Marketing Strategies,25UBU24SL01,25UBU554,VINSTEN JANA
BUSINESS ADMINISTRATION,UG,Shift 2,ANANDA RAJ B ,Entrepreneurship Skills and Digital Marketing Strategies,25UBU24SL01,25UBU555,OS SABARI
BUSINESS ADMINISTRATION,UG,Shift 2,ANANDA RAJ B ,Entrepreneurship Skills and Digital Marketing Strategies,25UBU24SL01,25UBU557,KILINDAN JOHN
BUSINESS ADMINISTRATION,UG,Shift 2,ANANDA RAJ B ,Entrepreneurship Skills and Digital Marketing Strategies,25UBU24SL01,25UBU559,BEVADIT
BUSINESS ADMINISTRATION,UG,Shift 2,ANANDA RAJ B ,Entrepreneurship Skills and Digital Marketing Strategies,25UBU24SL01,25UBU561,KEVIN ROGER
BUSINESS ADMINISTRATION,UG,Shift 2,ANANDA RAJ B ,Entrepreneurship Skills and Digital Marketing Strategies,25UBU24SL01,25UBU562,YASHWANTH
BUSINESS ADMINISTRATION,UG,Shift 2,ANANDA RAJ B ,Entrepreneurship Skills and Digital Marketing Strategies,25UBU24SL01,25UBU563,SWADHESH
BUSINESS ADMINISTRATION,UG,Shift 2,ANANDA RAJ B ,Entrepreneurship Skills and Digital Marketing Strategies,25UBU24SL01,25UBU564,REJO
BUSINESS ADMINISTRATION,UG,Shift 2,ANANDA RAJ B ,Entrepreneurship Skills and Digital Marketing Strategies,25UBU24SL01,25UBU567,NISHANTH
BUSINESS ADMINISTRATION,UG,Shift 2,ANANDA RAJ B ,Entrepreneurship Skills and Digital Marketing Strategies,25UBU24SL01,25UBU568,PEATHAP SAI
BUSINESS ADMINISTRATION,UG,Shift 2,ANANDA RAJ B ,Entrepreneurship Skills and Digital Marketing Strategies,25UBU24SL01,25UBU572,SUDEEP K
BUSINESS ADMINISTRATION,UG,Shift 2,SINDHUJA P,Entrepreneurship Skills and Digital Marketing Strategies,25UBU24SL01,25UBU603,DARIUS ANGELO FITZGERAD
BUSINESS ADMINISTRATION,UG,Shift 2,SINDHUJA P,Entrepreneurship Skills and Digital Marketing Strategies,25UBU24SL01,25UBU604,ANANDH S
BUSINESS ADMINISTRATION,UG,Shift 2,SINDHUJA P,Entrepreneurship Skills and Digital Marketing Strategies,25UBU24SL01,25UBU605,MOHANMED RAFEEK S
BUSINESS ADMINISTRATION,UG,Shift 2,SINDHUJA P,Entrepreneurship Skills and Digital Marketing Strategies,25UBU24SL01,25UBU606,KISHORE KUMAR S
BUSINESS ADMINISTRATION,UG,Shift 2,SINDHUJA P,Entrepreneurship Skills and Digital Marketing Strategies,25UBU24SL01,25UBU607,VELMURUGAN D
BUSINESS ADMINISTRATION,UG,Shift 2,SINDHUJA P,Entrepreneurship Skills and Digital Marketing Strategies,25UBU24SL01,25UBU609,BALAMANIKANDAN P
BUSINESS ADMINISTRATION,UG,Shift 2,SINDHUJA P,Entrepreneurship Skills and Digital Marketing Strategies,25UBU24SL01,25UBU610,VARUNKUMAR J
BUSINESS ADMINISTRATION,UG,Shift 2,SINDHUJA P,Entrepreneurship Skills and Digital Marketing Strategies,25UBU24SL01,25UBU611,HEMAS MR
BUSINESS ADMINISTRATION,UG,Shift 2,SINDHUJA P,Entrepreneurship Skills and Digital Marketing Strategies,25UBU24SL01,25UBU612,FRANMCIS HERWIN R
BUSINESS ADMINISTRATION,UG,Shift 2,SINDHUJA P,Entrepreneurship Skills and Digital Marketing Strategies,25UBU24SL01,25UBU616,JEFRIN A
BUSINESS ADMINISTRATION,UG,Shift 2,SINDHUJA P,Entrepreneurship Skills and Digital Marketing Strategies,25UBU24SL01,25UBU617,KISHORE A
BUSINESS ADMINISTRATION,UG,Shift 2,SINDHUJA P,Entrepreneurship Skills and Digital Marketing Strategies,25UBU24SL01,25UBU618,PRAVIN J
BUSINESS ADMINISTRATION,UG,Shift 2,SINDHUJA P,Entrepreneurship Skills and Digital Marketing Strategies,25UBU24SL01,25UBU619,PRAVEENKUMAR B
BUSINESS ADMINISTRATION,UG,Shift 2,SINDHUJA P,Entrepreneurship Skills and Digital Marketing Strategies,25UBU24SL01,25UBU620,MOHAMAD SUHAIL M
BUSINESS ADMINISTRATION,UG,Shift 2,SINDHUJA P,Entrepreneurship Skills and Digital Marketing Strategies,25UBU24SL01,25UBU621,SAFIN JUSTIN
BUSINESS ADMINISTRATION,UG,Shift 2,SINDHUJA P,Entrepreneurship Skills and Digital Marketing Strategies,25UBU24SL01,25UBU622,MOWLISVARAN AJAY K
BUSINESS ADMINISTRATION,UG,Shift 2,SINDHUJA P,Entrepreneurship Skills and Digital Marketing Strategies,25UBU24SL01,25UBU623,JEFRIN BENAYA B
BUSINESS ADMINISTRATION,UG,Shift 2,SINDHUJA P,Entrepreneurship Skills and Digital Marketing Strategies,25UBU24SL01,25UBU624,DEENA M
BUSINESS ADMINISTRATION,UG,Shift 2,SINDHUJA P,Entrepreneurship Skills and Digital Marketing Strategies,25UBU24SL01,25UBU625,HARISH PANDI K
BUSINESS ADMINISTRATION,UG,Shift 2,SINDHUJA P,Entrepreneurship Skills and Digital Marketing Strategies,25UBU24SL01,25UBU626,VIGNESH B
BUSINESS ADMINISTRATION,UG,Shift 2,SINDHUJA P,Entrepreneurship Skills and Digital Marketing Strategies,25UBU24SL01,25UBU627,DHISHANTH KV
BUSINESS ADMINISTRATION,UG,Shift 2,SINDHUJA P,Entrepreneurship Skills and Digital Marketing Strategies,25UBU24SL01,25UBU628,VIGNESH M
BUSINESS ADMINISTRATION,UG,Shift 2,SINDHUJA P,Entrepreneurship Skills and Digital Marketing Strategies,25UBU24SL01,25UBU630,ROOBAN R
BUSINESS ADMINISTRATION,UG,Shift 2,SINDHUJA P,Entrepreneurship Skills and Digital Marketing Strategies,25UBU24SL01,25UBU632,SUBASH RS
BUSINESS ADMINISTRATION,UG,Shift 2,SINDHUJA P,Entrepreneurship Skills and Digital Marketing Strategies,25UBU24SL01,25UBU633,SURENTHAR M
BUSINESS ADMINISTRATION,UG,Shift 2,SINDHUJA P,Entrepreneurship Skills and Digital Marketing Strategies,25UBU24SL01,25UBU634,KARTHIKEYA N
BUSINESS ADMINISTRATION,UG,Shift 2,SINDHUJA P,Entrepreneurship Skills and Digital Marketing Strategies,25UBU24SL01,25UBU635,VENKADEESHWARAN MM
BUSINESS ADMINISTRATION,UG,Shift 2,SINDHUJA P,Entrepreneurship Skills and Digital Marketing Strategies,25UBU24SL01,25UBU636,MOHAMED THOUFIO S
BUSINESS ADMINISTRATION,UG,Shift 2,SINDHUJA P,Entrepreneurship Skills and Digital Marketing Strategies,25UBU24SL01,25UBU637,GOPINATH M
BUSINESS ADMINISTRATION,UG,Shift 2,SINDHUJA P,Entrepreneurship Skills and Digital Marketing Strategies,25UBU24SL01,25UBU638,SRIRAM R
BUSINESS ADMINISTRATION,UG,Shift 2,SINDHUJA P,Entrepreneurship Skills and Digital Marketing Strategies,25UBU24SL01,25UBU639,HARIPRASATH J
BUSINESS ADMINISTRATION,UG,Shift 2,SINDHUJA P,Entrepreneurship Skills and Digital Marketing Strategies,25UBU24SL01,25UBU640,TAMILARASAN M
BUSINESS ADMINISTRATION,UG,Shift 2,SINDHUJA P,Entrepreneurship Skills and Digital Marketing Strategies,25UBU24SL01,25UBU642,VENGADA PRASANA S
BUSINESS ADMINISTRATION,UG,Shift 2,SINDHUJA P,Entrepreneurship Skills and Digital Marketing Strategies,25UBU24SL01,25UBU643,ANTROBAGIYALUIE K
BUSINESS ADMINISTRATION,UG,Shift 2,SINDHUJA P,Entrepreneurship Skills and Digital Marketing Strategies,25UBU24SL01,25UBU644,YUVARAJ V
BUSINESS ADMINISTRATION,UG,Shift 2,SINDHUJA P,Entrepreneurship Skills and Digital Marketing Strategies,25UBU24SL01,25UBU645,KISHORE M
BUSINESS ADMINISTRATION,UG,Shift 2,SINDHUJA P,Entrepreneurship Skills and Digital Marketing Strategies,25UBU24SL01,25UBU646,SIMON RAJ A
BUSINESS ADMINISTRATION,UG,Shift 2,SINDHUJA P,Entrepreneurship Skills and Digital Marketing Strategies,25UBU24SL01,25UBU647,AROSIMON M
BUSINESS ADMINISTRATION,UG,Shift 2,SINDHUJA P,Entrepreneurship Skills and Digital Marketing Strategies,25UBU24SL01,25UBU648,JEEVAJAYAM J
BUSINESS ADMINISTRATION,UG,Shift 2,SINDHUJA P,Entrepreneurship Skills and Digital Marketing Strategies,25UBU24SL01,25UBU649,NAVEEN K
BUSINESS ADMINISTRATION,UG,Shift 2,SINDHUJA P,Entrepreneurship Skills and Digital Marketing Strategies,25UBU24SL01,25UBU650,PRAVEENKUMAR E
BUSINESS ADMINISTRATION,UG,Shift 2,SINDHUJA P,Entrepreneurship Skills and Digital Marketing Strategies,25UBU24SL01,25UBU651,KISHORE K
BUSINESS ADMINISTRATION,UG,Shift 2,SINDHUJA P,Entrepreneurship Skills and Digital Marketing Strategies,25UBU24SL01,25UBU652,KALAISELVAN K
BUSINESS ADMINISTRATION,UG,Shift 2,SINDHUJA P,Entrepreneurship Skills and Digital Marketing Strategies,25UBU24SL01,25UBU653,KAMALESH I
BUSINESS ADMINISTRATION,UG,Shift 2,SINDHUJA P,Entrepreneurship Skills and Digital Marketing Strategies,25UBU24SL01,25UBU654,GURU PRASATH V
BUSINESS ADMINISTRATION,UG,Shift 2,SINDHUJA P,Entrepreneurship Skills and Digital Marketing Strategies,25UBU24SL01,25UBU655,HEMAGANESH R
BUSINESS ADMINISTRATION,UG,Shift 2,SINDHUJA P,Entrepreneurship Skills and Digital Marketing Strategies,25UBU24SL01,25UBU656,ROBIN S
BUSINESS ADMINISTRATION,UG,Shift 2,SINDHUJA P,Entrepreneurship Skills and Digital Marketing Strategies,25UBU24SL01,25UBU657,FRANKLIN ANTO T
BUSINESS ADMINISTRATION,UG,Shift 2,SINDHUJA P,Entrepreneurship Skills and Digital Marketing Strategies,25UBU24SL01,25UBU658,TONY DEVOTTA J
BUSINESS ADMINISTRATION,UG,Shift 2,SINDHUJA P,Entrepreneurship Skills and Digital Marketing Strategies,25UBU24SL01,25UBU660,KARMUKILAN R
BUSINESS ADMINISTRATION,UG,Shift 2,SINDHUJA P,Entrepreneurship Skills and Digital Marketing Strategies,25UBU24SL01,25UBU661,GURUMOORTHI S
BUSINESS ADMINISTRATION,UG,Shift 2,SINDHUJA P,Entrepreneurship Skills and Digital Marketing Strategies,25UBU24SL01,25UBU662,SATHIYA RUBAN S
BUSINESS ADMINISTRATION,UG,Shift 2,SINDHUJA P,Entrepreneurship Skills and Digital Marketing Strategies,25UBU24SL01,25UBU665,SREE VARMA M
BUSINESS ADMINISTRATION,UG,Shift 2,SINDHUJA P,Entrepreneurship Skills and Digital Marketing Strategies,25UBU24SL01,25UBU667,VISHAL J
BUSINESS ADMINISTRATION,UG,Shift 2,SINDHUJA P,Entrepreneurship Skills and Digital Marketing Strategies,25UBU24SL01,25UBU668,ARUL METWIN SANTHIAGU
BUSINESS ADMINISTRATION,UG,Shift 2,SINDHUJA P,Entrepreneurship Skills and Digital Marketing Strategies,25UBU24SL01,25UBU669,DHARANIDHARAN N
CHEMISTRY,UG,Shift 1,II UG Dr Arun Viveke A Dr Arockiaraj I Dr Mangalraj Dr Leo Standly,II UG - Nanotechnology,25UCH24SL01,25UCH101,JOSHUA W
CHEMISTRY,UG,Shift 1,II UG Dr Arun Viveke A Dr Arockiaraj I Dr Mangalraj Dr Leo Standly,II UG - Nanotechnology,25UCH24SL01,25UCH102,MATHEW ANTONY S
CHEMISTRY,UG,Shift 1,II UG Dr Arun Viveke A Dr Arockiaraj I Dr Mangalraj Dr Leo Standly,II UG - Nanotechnology,25UCH24SL01,25UCH104,ANDREWS S
CHEMISTRY,UG,Shift 1,II UG Dr Arun Viveke A Dr Arockiaraj I Dr Mangalraj Dr Leo Standly,II UG - Nanotechnology,25UCH24SL01,25UCH105,RABIN L
CHEMISTRY,UG,Shift 1,II UG Dr Arun Viveke A Dr Arockiaraj I Dr Mangalraj Dr Leo Standly,II UG - Nanotechnology,25UCH24SL01,25UCH106,SANJAI K
CHEMISTRY,UG,Shift 1,II UG Dr Arun Viveke A Dr Arockiaraj I Dr Mangalraj Dr Leo Standly,II UG - Nanotechnology,25UCH24SL01,25UCH107,RAMANAKUMARAN S S
CHEMISTRY,UG,Shift 1,II UG Dr Arun Viveke A Dr Arockiaraj I Dr Mangalraj Dr Leo Standly,II UG - Nanotechnology,25UCH24SL01,25UCH108,ARUN A
CHEMISTRY,UG,Shift 1,II UG Dr Arun Viveke A Dr Arockiaraj I Dr Mangalraj Dr Leo Standly,II UG - Nanotechnology,25UCH24SL01,25UCH110,NARAYANA VISHAL D
CHEMISTRY,UG,Shift 1,II UG Dr Arun Viveke A Dr Arockiaraj I Dr Mangalraj Dr Leo Standly,II UG - Nanotechnology,25UCH24SL01,25UCH111,BALAJI J
CHEMISTRY,UG,Shift 1,II UG Dr Arun Viveke A Dr Arockiaraj I Dr Mangalraj Dr Leo Standly,II UG - Nanotechnology,25UCH24SL01,25UCH113,VIKASH R
CHEMISTRY,UG,Shift 1,II UG Dr Arun Viveke A Dr Arockiaraj I Dr Mangalraj Dr Leo Standly,II UG - Nanotechnology,25UCH24SL01,25UCH114,YUVARAJ M
CHEMISTRY,UG,Shift 1,II UG Dr Arun Viveke A Dr Arockiaraj I Dr Mangalraj Dr Leo Standly,II UG - Nanotechnology,25UCH24SL01,25UCH115,YOHESWARAN V
CHEMISTRY,UG,Shift 1,II UG Dr Arun Viveke A Dr Arockiaraj I Dr Mangalraj Dr Leo Standly,II UG - Nanotechnology,25UCH24SL01,25UCH118,YOGESH M
CHEMISTRY,UG,Shift 1,II UG Dr Arun Viveke A Dr Arockiaraj I Dr Mangalraj Dr Leo Standly,II UG - Nanotechnology,25UCH24SL01,25UCH119,SELVAM M
CHEMISTRY,UG,Shift 1,II UG Dr Arun Viveke A Dr Arockiaraj I Dr Mangalraj Dr Leo Standly,II UG - Nanotechnology,25UCH24SL01,25UCH121,RENGASAMY R
CHEMISTRY,UG,Shift 1,II UG Dr Arun Viveke A Dr Arockiaraj I Dr Mangalraj Dr Leo Standly,II UG - Nanotechnology,25UCH24SL01,25UCH122,VISHNUVARTHAN S
CHEMISTRY,UG,Shift 1,II UG Dr Arun Viveke A Dr Arockiaraj I Dr Mangalraj Dr Leo Standly,II UG - Nanotechnology,25UCH24SL01,25UCH123,NAVEEN RAJ R
CHEMISTRY,UG,Shift 1,II UG Dr Arun Viveke A Dr Arockiaraj I Dr Mangalraj Dr Leo Standly,II UG - Nanotechnology,25UCH24SL01,25UCH124,SURESH PANDI C
CHEMISTRY,UG,Shift 1,II UG Dr Arun Viveke A Dr Arockiaraj I Dr Mangalraj Dr Leo Standly,II UG - Nanotechnology,25UCH24SL01,25UCH125,RONALD J
CHEMISTRY,UG,Shift 1,II UG Dr Arun Viveke A Dr Arockiaraj I Dr Mangalraj Dr Leo Standly,II UG - Nanotechnology,25UCH24SL01,25UCH126,LEO S
CHEMISTRY,UG,Shift 1,II UG Dr Arun Viveke A Dr Arockiaraj I Dr Mangalraj Dr Leo Standly,II UG - Nanotechnology,25UCH24SL01,25UCH127,SIYO BRIT S
CHEMISTRY,UG,Shift 1,II UG Dr Arun Viveke A Dr Arockiaraj I Dr Mangalraj Dr Leo Standly,II UG - Nanotechnology,25UCH24SL01,25UCH128,SANJAY E
CHEMISTRY,UG,Shift 1,II UG Dr Arun Viveke A Dr Arockiaraj I Dr Mangalraj Dr Leo Standly,II UG - Nanotechnology,25UCH24SL01,25UCH129,MOSSES JAGARAJ M
CHEMISTRY,UG,Shift 1,II UG Dr Arun Viveke A Dr Arockiaraj I Dr Mangalraj Dr Leo Standly,II UG - Nanotechnology,25UCH24SL01,25UCH130,AATHAES K
CHEMISTRY,UG,Shift 1,II UG Dr Arun Viveke A Dr Arockiaraj I Dr Mangalraj Dr Leo Standly,II UG - Nanotechnology,25UCH24SL01,25UCH204,NISHANTH S
CHEMISTRY,UG,Shift 1,II UG Dr Arun Viveke A Dr Arockiaraj I Dr Mangalraj Dr Leo Standly,II UG - Nanotechnology,25UCH24SL01,25UCH206,ABINESH S
CHEMISTRY,UG,Shift 1,II UG Dr Arun Viveke A Dr Arockiaraj I Dr Mangalraj Dr Leo Standly,II UG - Nanotechnology,25UCH24SL01,25UCH213,BALASUNDAR M
CHEMISTRY,UG,Shift 1,II UG Dr Arun Viveke A Dr Arockiaraj I Dr Mangalraj Dr Leo Standly,II UG - Nanotechnology,25UCH24SL01,25UCH219,MANIKANDAN C
CHEMISTRY,UG,Shift 1,II UG Dr Arun Viveke A Dr Arockiaraj I Dr Mangalraj Dr Leo Standly,II UG - Nanotechnology,25UCH24SL01,25UCH221,AKSHAYA KUMAR S
CHEMISTRY,PG,Shift 1,Dr Ceril Jeoffrey A,Nanotechnology,25PCH2SL02,25PCH129,VIMALRAJ B
CHEMISTRY,PG,Shift 1,Dr Ceril Jeoffrey A,Nanotechnology,25PCH2SL02,25PCH130,HARISH KUMAR R
CHEMISTRY,PG,Shift 1,Dr Ceril Jeoffrey A,Nanotechnology,25PCH2SL02,25PCH131,SIBIL D
CHEMISTRY,PG,Shift 2,Dr.P.Arockia Doss,Nano Materials-synthesis properties and applications,25PCH2SL02,25PCH802,Yuvanshankar K
CHEMISTRY,PG,Shift 2,Dr.P.Arockia Doss,Nano Materials-synthesis properties and applications,25PCH2SL02,25PCH803,Dhayasri R
CHEMISTRY,PG,Shift 2,Dr.P.Arockia Doss,Nano Materials-synthesis properties and applications,25PCH2SL02,25PCH804,Nandhagopal S
CHEMISTRY,PG,Shift 2,Dr.P.Arockia Doss,Nano Materials-synthesis properties and applications,25PCH2SL02,25PCH805,Janarthanan S
CHEMISTRY,PG,Shift 2,Dr.P.Arockia Doss,Nano Materials-synthesis properties and applications,25PCH2SL02,25PCH809,Josephne Miriyam A
CHEMISTRY,PG,Shift 2,Dr.P.Arockia Doss,Nano Materials-synthesis properties and applications,25PCH2SL02,25PCH810,Pio Jeny M
CHEMISTRY,PG,Shift 2,Dr.P.Arockia Doss,Nano Materials-synthesis properties and applications,25PCH2SL02,25PCH811,Charulatha G
CHEMISTRY,PG,Shift 2,Dr.P.Arockia Doss,Nano Materials-synthesis properties and applications,25PCH2SL02,25PCH813,Gopish P
CHEMISTRY,PG,Shift 2,Dr.P.Arockia Doss,Nano Materials-synthesis properties and applications,25PCH2SL02,25PCH814,Andrew Sebastine K
CHEMISTRY,PG,Shift 2,Dr.P.Arockia Doss,Nano Materials-synthesis properties and applications,25PCH2SL02,25PCH817,Jenith X
CHEMISTRY,PG,Shift 2,Dr.P.Arockia Doss,Nano Materials-synthesis properties and applications,25PCH2SL02,25PCH822,Leena Albinus L
CHEMISTRY,PG,Shift 2,Dr.P.Arockia Doss,Nano Materials-synthesis properties and applications,25PCH2SL02,25PCH823,Harini V U
CHEMISTRY,PG,Shift 2,Dr.P.Arockia Doss,Nano Materials-synthesis properties and applications,25PCH2SL02,25PCH824,Virtuous Glorya N
CHEMISTRY,PG,Shift 2,Dr.P.Arockia Doss,Nano Materials-synthesis properties and applications,25PCH2SL02,25PCH828,Kiruthika S
COMMERCE,UG,Shift 1,Dr. M.ANTONY JESURAJA,Forms of Business Organisation ,25UCO24SL01,25UCO105,CASPAR RUBHAN R
COMMERCE,UG,Shift 1,Dr. M.ANTONY JESURAJA,Forms of Business Organisation ,25UCO24SL01,25UCO112,PREJEWAL KEVIN S
COMMERCE,UG,Shift 1,Dr. M.ANTONY JESURAJA,Forms of Business Organisation ,25UCO24SL01,25UCO119,AMAL DAITARS A
COMMERCE,UG,Shift 1,Dr. M.ANTONY JESURAJA,Forms of Business Organisation ,25UCO24SL01,25UCO137,JEEVAN BHARATH J
COMMERCE,UG,Shift 1,Dr. M.ANTONY JESURAJA,Forms of Business Organisation ,25UCO24SL01,25UCO147,SUDHARSAN S
COMMERCE,UG,Shift 1,Dr. M.ANTONY JESURAJA,Forms of Business Organisation ,25UCO24SL01,25UCO148,CALEB XAVIER J A
COMMERCE,UG,Shift 1,Dr. M.ANTONY JESURAJA,Forms of Business Organisation ,25UCO24SL01,25UCO152,BENNY JADEN J
COMMERCE,UG,Shift 1,Dr. M.ANTONY JESURAJA,Forms of Business Organisation ,25UCO24SL01,25UCO158,SOORYA PRAKASH M G
COMMERCE,UG,Shift 1,Dr. M.ANTONY JESURAJA,Forms of Business Organisation ,25UCO24SL01,25UCO164,INBATHAMILAN A
COMMERCE,UG,Shift 1,Dr. M.ANTONY JESURAJA,Forms of Business Organisation ,25UCO24SL01,25UCO165,SHAN LANSTAN
COMMERCE,UG,Shift 1,Dr. M.ANTONY JESURAJA,Forms of Business Organisation ,25UCO24SL01,25UCO170,SAI GANESH M
COMMERCE,UG,Shift 1,Dr. M.ANTONY JESURAJA,Forms of Business Organisation ,25UCO24SL01,25UCO205,YOKESH RAJ J
COMMERCE,UG,Shift 1,Dr. M.ANTONY JESURAJA,Forms of Business Organisation ,25UCO24SL01,25UCO213,KHABILESHWAR G
COMMERCE,UG,Shift 1,Dr. M.ANTONY JESURAJA,Forms of Business Organisation ,25UCO24SL01,25UCO220,MEGANLEE SEBHA T J
COMMERCE,UG,Shift 1,Dr. M.ANTONY JESURAJA,Forms of Business Organisation ,25UCO24SL01,25UCO221,JOHITH N
COMMERCE,UG,Shift 1,Dr. M.ANTONY JESURAJA,Forms of Business Organisation ,25UCO24SL01,25UCO224,PASTIN KISHORE V
COMMERCE,UG,Shift 1,Dr. M.ANTONY JESURAJA,Forms of Business Organisation ,25UCO24SL01,25UCO226,PRASANNA M
COMMERCE,UG,Shift 1,Dr. M.ANTONY JESURAJA,Forms of Business Organisation ,25UCO24SL01,25UCO228,JOY MICHAEL G
COMMERCE,UG,Shift 1,Dr. M.ANTONY JESURAJA,Forms of Business Organisation ,25UCO24SL01,25UCO245,DHIBISH K
COMMERCE,UG,Shift 1,Dr. M.ANTONY JESURAJA,Forms of Business Organisation ,25UCO24SL01,25UCO249,INFENT J
COMMERCE,UG,Shift 1,Dr. M.ANTONY JESURAJA,Forms of Business Organisation ,25UCO24SL01,25UCO255,KIRUTHICK S
COMMERCE,PG,Shift 1,Dr. M.ANTONY JESURAJA,Introduction to Banking and Financial Markets,25PCO2SL02,25PCO127,DEEPAK KARTHIKEYAN A
COMMERCE,PG,Shift 1,Dr. M.ANTONY JESURAJA,Introduction to Banking and Financial Markets,25PCO2SL02,25PCO136,KOUSHIK S
COMMERCE,UG,Shift 2,Dr.Berkmans J,Forms of Business Organisation ,25UCO24SL01,25UCO501,ALBERT A
COMMERCE,UG,Shift 2,Dr.Berkmans J,Forms of Business Organisation ,25UCO24SL01,25UCO507,SRINIVASAN N
COMMERCE,UG,Shift 2,Dr.Berkmans J,Forms of Business Organisation ,25UCO24SL01,25UCO508,SATHIYA MUTHU M
COMMERCE,UG,Shift 2,Dr.Berkmans J,Forms of Business Organisation ,25UCO24SL01,25UCO510,RAHUL SRINIVASAN S
COMMERCE,UG,Shift 2,Dr.Berkmans J,Forms of Business Organisation ,25UCO24SL01,25UCO512,VINCENT RAJ B
COMMERCE,UG,Shift 2,Dr.Berkmans J,Forms of Business Organisation ,25UCO24SL01,25UCO513,VIBINBHARATHI K
COMMERCE,UG,Shift 2,Dr.Berkmans J,Forms of Business Organisation ,25UCO24SL01,25UCO514,NAVEEN V N
COMMERCE,UG,Shift 2,Dr.Berkmans J,Forms of Business Organisation ,25UCO24SL01,25UCO516,DARUNKUMAR R
COMMERCE,UG,Shift 2,Dr.Berkmans J,Forms of Business Organisation ,25UCO24SL01,25UCO519,MOHAMED ASIF RAHMAN A
COMMERCE,UG,Shift 2,Dr.Berkmans J,Forms of Business Organisation ,25UCO24SL01,25UCO522,DHARMAN B
COMMERCE,UG,Shift 2,Dr.Berkmans J,Forms of Business Organisation ,25UCO24SL01,25UCO524,AUGUSTIN INFANT J
COMMERCE,UG,Shift 2,Dr.Berkmans J,Forms of Business Organisation ,25UCO24SL01,25UCO526,ADHI KRISHNAN J
COMMERCE,UG,Shift 2,Dr.Berkmans J,Forms of Business Organisation ,25UCO24SL01,25UCO527,DHARSHAN P
COMMERCE,UG,Shift 2,Dr.Berkmans J,Forms of Business Organisation ,25UCO24SL01,25UCO528,GOKULAMANI KV
COMMERCE,UG,Shift 2,Dr.Berkmans J,Forms of Business Organisation ,25UCO24SL01,25UCO530,JAGANNATHAN M
COMMERCE,UG,Shift 2,Dr.Berkmans J,Forms of Business Organisation ,25UCO24SL01,25UCO532,SANJAY S
COMMERCE,UG,Shift 2,Dr.Berkmans J,Forms of Business Organisation ,25UCO24SL01,25UCO535,SENTHILKUMAR V
COMMERCE,UG,Shift 2,Dr.Berkmans J,Forms of Business Organisation ,25UCO24SL01,25UCO536,REMI ANTONY P
COMMERCE,UG,Shift 2,Dr.Berkmans J,Forms of Business Organisation ,25UCO24SL01,25UCO537,A.DAVID ANITH RAJ
COMMERCE,UG,Shift 2,Dr.Berkmans J,Forms of Business Organisation ,25UCO24SL01,25UCO538,MUGESH M
COMMERCE,UG,Shift 2,Dr.Berkmans J,Forms of Business Organisation ,25UCO24SL01,25UCO540,KARTHI KEYAN N
COMMERCE,UG,Shift 2,Dr.Berkmans J,Forms of Business Organisation ,25UCO24SL01,25UCO541,HAREESH V
COMMERCE,UG,Shift 2,Dr.Berkmans J,Forms of Business Organisation ,25UCO24SL01,25UCO543,THOMAS ALVA EDISON W
COMMERCE,UG,Shift 2,Dr.Berkmans J,Forms of Business Organisation ,25UCO24SL01,25UCO544,SAI PRASANNA J
COMMERCE,UG,Shift 2,Dr.Berkmans J,Forms of Business Organisation ,25UCO24SL01,25UCO545,ATHIPATHI TK
COMMERCE,UG,Shift 2,Dr.Berkmans J,Forms of Business Organisation ,25UCO24SL01,25UCO546,SAI GANESH M
COMMERCE,UG,Shift 2,Dr.Berkmans J,Forms of Business Organisation ,25UCO24SL01,25UCO548,MUKESH K
COMMERCE,UG,Shift 2,Dr.Berkmans J,Forms of Business Organisation ,25UCO24SL01,25UCO551,YESHWANTH R
COMMERCE,UG,Shift 2,Dr.Berkmans J,Forms of Business Organisation ,25UCO24SL01,25UCO552,KIRUBA SABARY S
COMMERCE,UG,Shift 2,Dr.Berkmans J,Forms of Business Organisation ,25UCO24SL01,25UCO554,NITIN ADHIK .SR
COMMERCE,UG,Shift 2,Dr.Berkmans J,Forms of Business Organisation ,25UCO24SL01,25UCO555,PUNEET B
COMMERCE,UG,Shift 2,Dr.Berkmans J,Forms of Business Organisation ,25UCO24SL01,25UCO556,RATHISH M
COMMERCE,UG,Shift 2,Dr.Berkmans J,Forms of Business Organisation ,25UCO24SL01,25UCO557,EDISON S
COMMERCE,UG,Shift 2,Dr.Berkmans J,Forms of Business Organisation ,25UCO24SL01,25UCO559,THARAN R
COMMERCE,UG,Shift 2,Dr.Berkmans J,Forms of Business Organisation ,25UCO24SL01,25UCO560,ANTO JERIL A
COMMERCE,UG,Shift 2,Dr.Berkmans J,Forms of Business Organisation ,25UCO24SL01,25UCO561,RAMANATHAN.L
COMMERCE,UG,Shift 2,Dr.Berkmans J,Forms of Business Organisation ,25UCO24SL01,25UCO562,VIGNESH B
COMMERCE,UG,Shift 2,Dr.Berkmans J,Forms of Business Organisation ,25UCO24SL01,25UCO565,THARUN P
COMMERCE,UG,Shift 2,Dr.Berkmans J,Forms of Business Organisation ,25UCO24SL01,25UCO566,DEEPAN R
COMMERCE,UG,Shift 2,Dr.Berkmans J,Forms of Business Organisation ,25UCO24SL01,25UCO568,ANTO JOSHUA J
COMMERCE,UG,Shift 2,Dr.Berkmans J,Forms of Business Organisation ,25UCO24SL01,25UCO569,THANNARASU G
COMMERCE,UG,Shift 2,Dr.Berkmans J,Forms of Business Organisation ,25UCO24SL01,25UCO570,DEENADHAYALAN S
COMMERCE,UG,Shift 2,Dr.Berkmans J,Forms of Business Organisation ,25UCO24SL01,25UCO571,DIVIYABALAN S
COMMERCE,UG,Shift 2,Dr.Berkmans J,Forms of Business Organisation ,25UCO24SL01,25UCO572,MOHAMED AJMAL K
COMMERCE,UG,Shift 2,Dr.Berkmans J,Forms of Business Organisation ,25UCO24SL01,25UCO602,VISHNU DARSHAN G
COMMERCE,UG,Shift 2,Dr.Berkmans J,Forms of Business Organisation ,25UCO24SL01,25UCO604,RAJA SEKAR R
COMMERCE,UG,Shift 2,Dr.Berkmans J,Forms of Business Organisation ,25UCO24SL01,25UCO606,ABISHEK P
COMMERCE,UG,Shift 2,Dr.Berkmans J,Forms of Business Organisation ,25UCO24SL01,25UCO607,ARUN PRASATH G
COMMERCE,UG,Shift 2,Dr.Berkmans J,Forms of Business Organisation ,25UCO24SL01,25UCO608,KAVIN JOSHUA RP
COMMERCE,UG,Shift 2,Dr.Berkmans J,Forms of Business Organisation ,25UCO24SL01,25UCO611,DINESH KUMAR B
COMMERCE,UG,Shift 2,Dr.Berkmans J,Forms of Business Organisation ,25UCO24SL01,25UCO613,MEYYADURAI A
COMMERCE,UG,Shift 2,Dr.Berkmans J,Forms of Business Organisation ,25UCO24SL01,25UCO615,THARUN S
COMMERCE,UG,Shift 2,Dr.Berkmans J,Forms of Business Organisation ,25UCO24SL01,25UCO616,AATHIRAJA G
COMMERCE,UG,Shift 2,Dr.Berkmans J,Forms of Business Organisation ,25UCO24SL01,25UCO617,SAKTHIVEL S
COMMERCE,UG,Shift 2,Dr.Berkmans J,Forms of Business Organisation ,25UCO24SL01,25UCO618,THILAGAR M
COMMERCE,UG,Shift 2,Dr.Berkmans J,Forms of Business Organisation ,25UCO24SL01,25UCO619,SARAVANAN R
COMMERCE,UG,Shift 2,Dr.Berkmans J,Forms of Business Organisation ,25UCO24SL01,25UCO622,JOE PASTIN J
COMMERCE,UG,Shift 2,Dr.Berkmans J,Forms of Business Organisation ,25UCO24SL01,25UCO624,MATHAN KUMAR M
COMMERCE,UG,Shift 2,Dr.Berkmans J,Forms of Business Organisation ,25UCO24SL01,25UCO625,RAJA RAM S
COMMERCE,UG,Shift 2,Dr.Berkmans J,Forms of Business Organisation ,25UCO24SL01,25UCO627,RABIN RASAN S
COMMERCE,UG,Shift 2,Dr.Berkmans J,Forms of Business Organisation ,25UCO24SL01,25UCO628,SAKTHIVEL R
COMMERCE,UG,Shift 2,Dr.Berkmans J,Forms of Business Organisation ,25UCO24SL01,25UCO629,ABDUL AZEEZ R
COMMERCE,UG,Shift 2,Dr.Berkmans J,Forms of Business Organisation ,25UCO24SL01,25UCO630,SURESH LAWRANS RAJA M
COMMERCE,UG,Shift 2,Dr.Berkmans J,Forms of Business Organisation ,25UCO24SL01,25UCO631,SRIRAM S
COMMERCE,UG,Shift 2,Dr.Berkmans J,Forms of Business Organisation ,25UCO24SL01,25UCO632,FAZIL AHAMED S
COMMERCE,UG,Shift 2,Dr.Berkmans J,Forms of Business Organisation ,25UCO24SL01,25UCO633,HARJITH S
COMMERCE,UG,Shift 2,Dr.Berkmans J,Forms of Business Organisation ,25UCO24SL01,25UCO635,JUSTICE PATRIC A
COMMERCE,UG,Shift 2,Dr.Berkmans J,Forms of Business Organisation ,25UCO24SL01,25UCO638,NAVEENKUMAR N
COMMERCE,UG,Shift 2,Dr.Berkmans J,Forms of Business Organisation ,25UCO24SL01,25UCO642,TAMILSELVAN V
COMMERCE,UG,Shift 2,Dr.Berkmans J,Forms of Business Organisation ,25UCO24SL01,25UCO644,PADMANABAN M
COMMERCE,UG,Shift 2,Dr.Berkmans J,Forms of Business Organisation ,25UCO24SL01,25UCO645,LEVIN ANTO I
COMMERCE,UG,Shift 2,Dr.Berkmans J,Forms of Business Organisation ,25UCO24SL01,25UCO646,SANTHOSH R
COMMERCE,UG,Shift 2,Dr.Berkmans J,Forms of Business Organisation ,25UCO24SL01,25UCO648,PRAKASH ALLVIN W
COMMERCE,UG,Shift 2,Dr.Berkmans J,Forms of Business Organisation ,25UCO24SL01,25UCO651,LAKSHARAN M
COMMERCE,UG,Shift 2,Dr.Berkmans J,Forms of Business Organisation ,25UCO24SL01,25UCO653,ALOSIOUS J
COMMERCE,UG,Shift 2,Dr.Berkmans J,Forms of Business Organisation ,25UCO24SL01,25UCO654,MUTHU VISWA K
COMMERCE,UG,Shift 2,Dr.Berkmans J,Forms of Business Organisation ,25UCO24SL01,25UCO655,MOHAMED FAISAL J
COMMERCE,UG,Shift 2,Dr.Berkmans J,Forms of Business Organisation ,25UCO24SL01,25UCO656,VIGNESHKUMAR S
COMMERCE,UG,Shift 2,Dr.Berkmans J,Forms of Business Organisation ,25UCO24SL01,25UCO657,SAM ANTONY RAI D
COMMERCE,UG,Shift 2,Dr.Berkmans J,Forms of Business Organisation ,25UCO24SL01,25UCO658,VIJAYAKUMAR G
COMMERCE,UG,Shift 2,Dr.Berkmans J,Forms of Business Organisation ,25UCO24SL01,25UCO662,VISHVA S
COMMERCE,UG,Shift 2,Dr.Berkmans J,Forms of Business Organisation ,25UCO24SL01,25UCO663,THANGA DINESH PANDIAN TM
COMMERCE,UG,Shift 2,Dr.Berkmans J,Forms of Business Organisation ,25UCO24SL01,25UCO665,MANO MILTON SH
COMMERCE,UG,Shift 2,Dr.Berkmans J,Forms of Business Organisation ,25UCO24SL01,25UCO666,VASANTHAGOPI S
COMMERCE,UG,Shift 2,Dr.Berkmans J,Forms of Business Organisation ,25UCO24SL01,25UCO667,JASIN R
COMMERCE,UG,Shift 2,Dr.Berkmans J,Forms of Business Organisation ,25UCO24SL01,25UCO701,SREE HARI PRAKASH C
COMMERCE,UG,Shift 2,Dr.Berkmans J,Forms of Business Organisation ,25UCO24SL01,25UCO702,SARATHY PK
COMMERCE,UG,Shift 2,Dr.Berkmans J,Forms of Business Organisation ,25UCO24SL01,25UCO703,GIRIJESH VP
COMMERCE,UG,Shift 2,Dr.Berkmans J,Forms of Business Organisation ,25UCO24SL01,25UCO705,PRASANNA M
COMMERCE,UG,Shift 2,Dr.Berkmans J,Forms of Business Organisation ,25UCO24SL01,25UCO709,UDHAYAN BUSH THARCIS S
COMMERCE,UG,Shift 2,Dr.Berkmans J,Forms of Business Organisation ,25UCO24SL01,25UCO710,SANJAY D
COMMERCE,UG,Shift 2,Dr.Berkmans J,Forms of Business Organisation ,25UCO24SL01,25UCO711,HARISH M
COMMERCE,UG,Shift 2,Dr.Berkmans J,Forms of Business Organisation ,25UCO24SL01,25UCO713,KISHORE P
COMMERCE,UG,Shift 2,Dr.Berkmans J,Forms of Business Organisation ,25UCO24SL01,25UCO714,KEERTHI VASAN V
COMMERCE,UG,Shift 2,Dr.Berkmans J,Forms of Business Organisation ,25UCO24SL01,25UCO715,GOGULAN R
COMMERCE,UG,Shift 2,Dr.Berkmans J,Forms of Business Organisation ,25UCO24SL01,25UCO716,MOHAMED NISAR N
COMMERCE,UG,Shift 2,Dr.Berkmans J,Forms of Business Organisation ,25UCO24SL01,25UCO717,HARISH V
COMMERCE,UG,Shift 2,Dr.Berkmans J,Forms of Business Organisation ,25UCO24SL01,25UCO718,PRABANJAN N
COMMERCE,UG,Shift 2,Dr.Berkmans J,Forms of Business Organisation ,25UCO24SL01,25UCO720,ALEN ANTO A
COMMERCE,UG,Shift 2,Dr.Berkmans J,Forms of Business Organisation ,25UCO24SL01,25UCO721,JAYANTH G
COMMERCE,UG,Shift 2,Dr.Berkmans J,Forms of Business Organisation ,25UCO24SL01,25UCO724,PONRAMAKRISHNAN G
COMMERCE,UG,Shift 2,Dr.Berkmans J,Forms of Business Organisation ,25UCO24SL01,25UCO725,DHARUN N
COMMERCE,UG,Shift 2,Dr.Berkmans J,Forms of Business Organisation ,25UCO24SL01,25UCO726,DHANUSH M
COMMERCE,UG,Shift 2,Dr.Berkmans J,Forms of Business Organisation ,25UCO24SL01,25UCO728,BASIL ROY A
COMMERCE,UG,Shift 2,Dr.Berkmans J,Forms of Business Organisation ,25UCO24SL01,25UCO729,JOYAL NISHANTH D
COMMERCE,UG,Shift 2,Dr.Berkmans J,Forms of Business Organisation ,25UCO24SL01,25UCO730,JOSTIN J
COMMERCE,UG,Shift 2,Dr.Berkmans J,Forms of Business Organisation ,25UCO24SL01,25UCO731,SRIVIGNESHRAJ R
COMMERCE,UG,Shift 2,Dr.Berkmans J,Forms of Business Organisation ,25UCO24SL01,25UCO733,BARANI K
COMMERCE,UG,Shift 2,Dr.Berkmans J,Forms of Business Organisation ,25UCO24SL01,25UCO735,SUBRAMANIYASWAMY M
COMMERCE,UG,Shift 2,Dr.Berkmans J,Forms of Business Organisation ,25UCO24SL01,25UCO736,SABAREESWARAN S
COMMERCE,UG,Shift 2,Dr.Berkmans J,Forms of Business Organisation ,25UCO24SL01,25UCO737,NAVEENKISHORE S
COMMERCE,UG,Shift 2,Dr.Berkmans J,Forms of Business Organisation ,25UCO24SL01,25UCO738,TAMILARASAN S
COMMERCE,UG,Shift 2,Dr.Berkmans J,Forms of Business Organisation ,25UCO24SL01,25UCO739,BARANIKUMAR S
COMMERCE,UG,Shift 2,Dr.Berkmans J,Forms of Business Organisation ,25UCO24SL01,25UCO740,JAGANATH S
COMMERCE,UG,Shift 2,Dr.Berkmans J,Forms of Business Organisation ,25UCO24SL01,25UCO744,SUJITH C
COMMERCE,UG,Shift 2,Dr.Berkmans J,Forms of Business Organisation ,25UCO24SL01,25UCO745,DHEEMATH S
COMMERCE,UG,Shift 2,Dr.Berkmans J,Forms of Business Organisation ,25UCO24SL01,25UCO746,NAVEEN R
COMMERCE,UG,Shift 2,Dr.Berkmans J,Forms of Business Organisation ,25UCO24SL01,25UCO750,ROSARIYO S
COMMERCE,UG,Shift 2,Dr.Berkmans J,Forms of Business Organisation ,25UCO24SL01,25UCO754,NOVA LENIS C
COMMERCE,UG,Shift 2,Dr.Berkmans J,Forms of Business Organisation ,25UCO24SL01,25UCO755,BALAVIGNESH M
COMMERCE,UG,Shift 2,Dr.Berkmans J,Forms of Business Organisation ,25UCO24SL01,25UCO758,KATHAN S
COMMERCE,UG,Shift 2,Dr.Berkmans J,Forms of Business Organisation ,25UCO24SL01,25UCO759,ROBERT BENADICT M
COMMERCE,UG,Shift 2,Dr.Berkmans J,Forms of Business Organisation ,25UCO24SL01,25UCO760,JOY RITHICK J
COMMERCE,UG,Shift 2,Dr.Berkmans J,Forms of Business Organisation ,25UCO24SL01,25UCO761,LOGESHWARAN D
COMMERCE,UG,Shift 2,Dr.Berkmans J,Forms of Business Organisation ,25UCO24SL01,25UCO762,VIGNESH D
COMMERCE,UG,Shift 2,Dr.Berkmans J,Forms of Business Organisation ,25UCO24SL01,25UCO763,SURYA C
COMMERCE,UG,Shift 2,Dr.Berkmans J,Forms of Business Organisation ,25UCO24SL01,25UCO764,HARISH JAYARAJ S
COMMERCE,UG,Shift 2,Dr.Berkmans J,Forms of Business Organisation ,25UCO24SL01,25UCO766,YUVAN SUTHANESH T M
COMMERCE,UG,Shift 2,Dr.Berkmans J,Forms of Business Organisation ,25UCO24SL01,25UCO770,STEPHEN RAJ V
COMMERCE COMPUTER APPLICATIONS,UG,Shift 2,Dr. Arumugam,Digital marketing in ai ,25UCC24SL01,25UCC501,Jaiganesh
COMMERCE COMPUTER APPLICATIONS,UG,Shift 2,Dr. Arumugam,Digital marketing in ai ,25UCC24SL01,25UCC502,Deenadhayalan
COMMERCE COMPUTER APPLICATIONS,UG,Shift 2,Dr. Arumugam,Digital marketing in ai ,25UCC24SL01,25UCC503,Allen joshua
COMMERCE COMPUTER APPLICATIONS,UG,Shift 2,Dr. Arumugam,Digital marketing in ai ,25UCC24SL01,25UCC505,Bhupeshbalaji
COMMERCE COMPUTER APPLICATIONS,UG,Shift 2,Dr. Arumugam,Digital marketing in ai ,25UCC24SL01,25UCC507,Angelo
COMMERCE COMPUTER APPLICATIONS,UG,Shift 2,Dr. Arumugam,Digital marketing in ai ,25UCC24SL01,25UCC506,NANDHAKUMAR
COMMERCE COMPUTER APPLICATIONS,UG,Shift 2,Dr. Arumugam,Digital marketing in ai ,25UCC24SL01,25ucc508,SUSINTHAR.K
COMMERCE COMPUTER APPLICATIONS,UG,Shift 2,Dr. Arumugam,Digital marketing in ai ,25UCC24SL01,25ucc509,Tharun pandian
COMMERCE COMPUTER APPLICATIONS,UG,Shift 2,Dr. Arumugam,Digital marketing in ai ,25UCC24SL01,25ucc511,Asvinth
COMMERCE COMPUTER APPLICATIONS,UG,Shift 2,Dr. Arumugam,Digital marketing in ai ,25UCC24SL01,25ucc512,Benjamin
COMMERCE COMPUTER APPLICATIONS,UG,Shift 2,Dr. Arumugam,Digital marketing in ai ,25UCC24SL01,25UCC510,JOHN SAVIO C.B
COMMERCE COMPUTER APPLICATIONS,UG,Shift 2,Dr. Arumugam,Digital marketing in ai ,25UCC24SL01,25UCC516,A.SUBASH JOHNSON
COMMERCE COMPUTER APPLICATIONS,UG,Shift 2,Dr. Arumugam,Digital marketing in ai ,25UCC24SL01,25ucc523,S SIVARAMAN
COMMERCE COMPUTER APPLICATIONS,UG,Shift 2,Dr. Arumugam,Digital marketing in ai ,25UCC24SL01,25ucc517,Timon jose
COMMERCE COMPUTER APPLICATIONS,UG,Shift 2,Dr. Arumugam,Digital marketing in ai ,25UCC24SL01,25ucc520,Kavin raja
COMMERCE COMPUTER APPLICATIONS,UG,Shift 2,Dr. Arumugam,Digital marketing in ai ,25UCC24SL01,25ucc522,Santhosh kumar
COMMERCE COMPUTER APPLICATIONS,UG,Shift 2,Dr. Arumugam,Digital marketing in ai ,25UCC24SL01,25ucc523,Sivaraman
COMMERCE COMPUTER APPLICATIONS,UG,Shift 2,Dr. Arumugam,Digital marketing in ai ,25UCC24SL01,25ucc524,Delphin joel
COMMERCE COMPUTER APPLICATIONS,UG,Shift 2,Dr. Arumugam,Digital marketing in ai ,25UCC24SL01,25ucc525,Cyril
COMMERCE COMPUTER APPLICATIONS,UG,Shift 2,Dr. Arumugam,Digital marketing in ai ,25UCC24SL01,25ucc527,Midhun dev
COMMERCE COMPUTER APPLICATIONS,UG,Shift 2,Dr. Arumugam,Digital marketing in ai ,25UCC24SL01,25ucc528,Jayamithran
COMMERCE COMPUTER APPLICATIONS,UG,Shift 2,Dr. Arumugam,Digital marketing in ai ,25UCC24SL01,25ucc532,Ahamadulla
COMMERCE COMPUTER APPLICATIONS,UG,Shift 2,Dr. Arumugam,Digital marketing in ai ,25UCC24SL01,25ucc534,Sabarish
COMMERCE COMPUTER APPLICATIONS,UG,Shift 2,Dr. Arumugam,Digital marketing in ai ,25UCC24SL01,25ucc535,jennis
COMMERCE COMPUTER APPLICATIONS,UG,Shift 2,Dr. Arumugam,Digital marketing in ai ,25UCC24SL01,25ucc536,jerson
COMMERCE COMPUTER APPLICATIONS,UG,Shift 2,Dr. Arumugam,Digital marketing in ai ,25UCC24SL01,25ucc538,ponnishwaran
COMMERCE COMPUTER APPLICATIONS,UG,Shift 2,Dr. Arumugam,Digital marketing in ai ,25UCC24SL01,25ucc539,MATHEW JENO PAUL
COMMERCE COMPUTER APPLICATIONS,UG,Shift 2,Dr. Arumugam,Digital marketing in ai ,25UCC24SL01,25ucc540,Rijo jeferson
COMMERCE COMPUTER APPLICATIONS,UG,Shift 2,Dr. Arumugam,Digital marketing in ai ,25UCC24SL01,25ucc518,HARISH
COMMERCE COMPUTER APPLICATIONS,UG,Shift 2,Dr. Arumugam,Digital marketing in ai ,25UCC24SL01,25UCC529,BALAJI S
COMMERCE COMPUTER APPLICATIONS,UG,Shift 2,Dr. Arumugam,Digital marketing in ai ,25UCC24SL01,25ucc530,HARIHARAN T
COMMERCE COMPUTER APPLICATIONS,UG,Shift 2,Dr. Arumugam,Digital marketing in ai ,25UCC24SL01,25ucc531,Yuvaraj
COMMERCE COMPUTER APPLICATIONS,UG,Shift 2,Dr. Arumugam,Digital marketing in ai ,25UCC24SL01,25UCC533,ANTONY BOSE
COMMERCE COMPUTER APPLICATIONS,UG,Shift 2,Dr. Arumugam,Digital marketing in ai ,25UCC24SL01,25UCC537,LINGESHWARA.R
COMMERCE COMPUTER APPLICATIONS,UG,Shift 2,Dr. Arumugam,Digital marketing in ai ,25UCC24SL01,25UCC541,Abishek raj
COMMERCE COMPUTER APPLICATIONS,UG,Shift 2,Dr. Arumugam,Digital marketing in ai ,25UCC24SL01,25UCC539,MATHEW JENO PAUL
COMMERCE COMPUTER APPLICATIONS,UG,Shift 2,Dr. Arumugam,Digital marketing in ai ,25UCC24SL01,25ucc542,KAJITHRAJ
COMMERCE COMPUTER APPLICATIONS,UG,Shift 2,Dr. Arumugam,Digital marketing in ai ,25UCC24SL01,25ucc543,Vijaya ragavan
COMMERCE COMPUTER APPLICATIONS,UG,Shift 2,Dr. Arumugam,Digital marketing in ai ,25UCC24SL01,25ucc544,Harkishan
COMMERCE COMPUTER APPLICATIONS,UG,Shift 2,Dr. Arumugam,Digital marketing in ai ,25UCC24SL01,25ucc545,Santhosh
COMMERCE COMPUTER APPLICATIONS,UG,Shift 2,Dr. Arumugam,Digital marketing in ai ,25UCC24SL01,25ucc546,Nathon diva
COMMERCE COMPUTER APPLICATIONS,UG,Shift 2,Dr. Arumugam,Digital marketing in ai ,25UCC24SL01,25ucc548,Giftson
COMMERCE COMPUTER APPLICATIONS,UG,Shift 2,Dr. Arumugam,Digital marketing in ai ,25UCC24SL01,25ucc547,S .Dinesh
COMMERCE COMPUTER APPLICATIONS,UG,Shift 2,Dr. Arumugam,Digital marketing in ai ,25UCC24SL01,25UCC551,ROSHAN A
COMMERCE COMPUTER APPLICATIONS,UG,Shift 2,Dr. Arumugam,Digital marketing in ai ,25UCC24SL01,25UCC552,VINOTH V
COMMERCE COMPUTER APPLICATIONS,UG,Shift 2,Dr. Arumugam,Digital marketing in ai ,25UCC24SL01,25ucc553,RAMADURAI G
COMMERCE COMPUTER APPLICATIONS,UG,Shift 2,Dr. Arumugam,Digital marketing in ai ,25UCC24SL01,25UCC556,SUMITHRAN
COMMERCE COMPUTER APPLICATIONS,UG,Shift 2,Dr. Arumugam,Digital marketing in ai ,25UCC24SL01,25ucc557,JEGAN J
COMMERCE COMPUTER APPLICATIONS,UG,Shift 2,Dr. Arumugam,Digital marketing in ai ,25UCC24SL01,25UCC601,ADHITHIYAS
COMMERCE COMPUTER APPLICATIONS,UG,Shift 2,Dr. Arumugam,Digital marketing in ai ,25UCC24SL01,25UCC602,MICHAELSELVAMR
COMMERCE COMPUTER APPLICATIONS,UG,Shift 2,Dr. Arumugam,Digital marketing in ai ,25UCC24SL01,25UCC603,CHOWMIYANA
COMMERCE COMPUTER APPLICATIONS,UG,Shift 2,Dr. Arumugam,Digital marketing in ai ,25UCC24SL01,25UCC604,JOSHWAP
COMMERCE COMPUTER APPLICATIONS,UG,Shift 2,Dr. Arumugam,Digital marketing in ai ,25UCC24SL01,25UCC605,KARTHIKE
COMMERCE COMPUTER APPLICATIONS,UG,Shift 2,Dr. Arumugam,Digital marketing in ai ,25UCC24SL01,25UCC606,AJAYJONESA
COMMERCE COMPUTER APPLICATIONS,UG,Shift 2,Dr. Arumugam,Digital marketing in ai ,25UCC24SL01,25UCC607,ROBERTRONALDOM
COMMERCE COMPUTER APPLICATIONS,UG,Shift 2,Dr. Arumugam,Digital marketing in ai ,25UCC24SL01,25UCC608,RUBINM
COMMERCE COMPUTER APPLICATIONS,UG,Shift 2,Dr. Arumugam,Digital marketing in ai ,25UCC24SL01,25UCC609,YOGESHS
COMMERCE COMPUTER APPLICATIONS,UG,Shift 2,Dr. Arumugam,Digital marketing in ai ,25UCC24SL01,25UCC610,PRIYADARSHANB
COMMERCE COMPUTER APPLICATIONS,UG,Shift 2,Dr. Arumugam,Digital marketing in ai ,25UCC24SL01,25UCC611,LOGESHWARANB
COMMERCE COMPUTER APPLICATIONS,UG,Shift 2,Dr. Arumugam,Digital marketing in ai ,25UCC24SL01,25UCC612,SUDHARSHANANK
COMMERCE COMPUTER APPLICATIONS,UG,Shift 2,Dr. Arumugam,Digital marketing in ai ,25UCC24SL01,25UCC613,SETHUPATHIA
COMMERCE COMPUTER APPLICATIONS,UG,Shift 2,Dr. Arumugam,Digital marketing in ai ,25UCC24SL01,25UCC614,SARVENDIRAP
COMMERCE COMPUTER APPLICATIONS,UG,Shift 2,Dr. Arumugam,Digital marketing in ai ,25UCC24SL01,25UCC615,MUKILANA
COMMERCE COMPUTER APPLICATIONS,UG,Shift 2,Dr. Arumugam,Digital marketing in ai ,25UCC24SL01,25UCC616,SEBASTINJEBINI
COMMERCE COMPUTER APPLICATIONS,UG,Shift 2,Dr. Arumugam,Digital marketing in ai ,25UCC24SL01,25UCC617,YOGESHWARANM
COMMERCE COMPUTER APPLICATIONS,UG,Shift 2,Dr. Arumugam,Digital marketing in ai ,25UCC24SL01,25UCC618,MOHAMEDHASSANABBASSM
COMMERCE COMPUTER APPLICATIONS,UG,Shift 2,Dr. Arumugam,Digital marketing in ai ,25UCC24SL01,25UCC619,SAMAROCKIAJEBINJ
COMMERCE COMPUTER APPLICATIONS,UG,Shift 2,Dr. Arumugam,Digital marketing in ai ,25UCC24SL01,25UCC620,DHUSHYANTHS
COMMERCE COMPUTER APPLICATIONS,UG,Shift 2,Dr. Arumugam,Digital marketing in ai ,25UCC24SL01,25UCC621,PRABHUS
COMMERCE COMPUTER APPLICATIONS,UG,Shift 2,Dr. Arumugam,Digital marketing in ai ,25UCC24SL01,25UCC622,HARIPRASATHS
COMMERCE COMPUTER APPLICATIONS,UG,Shift 2,Dr. Arumugam,Digital marketing in ai ,25UCC24SL01,25UCC623,JOEAKILS
COMMERCE COMPUTER APPLICATIONS,UG,Shift 2,Dr. Arumugam,Digital marketing in ai ,25UCC24SL01,25UCC624,KAMALESHG
COMMERCE COMPUTER APPLICATIONS,UG,Shift 2,Dr. Arumugam,Digital marketing in ai ,25UCC24SL01,25UCC625,PARTHIPANMP
COMMERCE COMPUTER APPLICATIONS,UG,Shift 2,Dr. Arumugam,Digital marketing in ai ,25UCC24SL01,25UCC628,ANTONYROHANU
COMMERCE COMPUTER APPLICATIONS,UG,Shift 2,Dr. Arumugam,Digital marketing in ai ,25UCC24SL01,25UCC629,PRAVINKANTHTR
COMMERCE COMPUTER APPLICATIONS,UG,Shift 2,Dr. Arumugam,Digital marketing in ai ,25UCC24SL01,25UCC630,MUKILNILAVANP
COMMERCE COMPUTER APPLICATIONS,UG,Shift 2,Dr. Arumugam,Digital marketing in ai ,25UCC24SL01,25UCC631,ARONJ
COMMERCE COMPUTER APPLICATIONS,UG,Shift 2,Dr. Arumugam,Digital marketing in ai ,25UCC24SL01,25UCC632,YOVANA
COMMERCE COMPUTER APPLICATIONS,UG,Shift 2,Dr. Arumugam,Digital marketing in ai ,25UCC24SL01,25UCC633,PRASANTHR
COMMERCE COMPUTER APPLICATIONS,UG,Shift 2,Dr. Arumugam,Digital marketing in ai ,25UCC24SL01,25UCC634,NITHINBIYOL
COMMERCE COMPUTER APPLICATIONS,UG,Shift 2,Dr. Arumugam,Digital marketing in ai ,25UCC24SL01,25UCC635,ANTROSEA
COMMERCE COMPUTER APPLICATIONS,UG,Shift 2,Dr. Arumugam,Digital marketing in ai ,25UCC24SL01,25UCC636,SUDHAKARK
COMMERCE COMPUTER APPLICATIONS,UG,Shift 2,Dr. Arumugam,Digital marketing in ai ,25UCC24SL01,25UCC637,JEBINARONA
COMMERCE COMPUTER APPLICATIONS,UG,Shift 2,Dr. Arumugam,Digital marketing in ai ,25UCC24SL01,25UCC638,MADHANRAJUR
COMMERCE COMPUTER APPLICATIONS,UG,Shift 2,Dr. Arumugam,Digital marketing in ai ,25UCC24SL01,25UCC639,ASHIFNEHOA
COMMERCE COMPUTER APPLICATIONS,UG,Shift 2,Dr. Arumugam,Digital marketing in ai ,25UCC24SL01,25UCC640,ALLWINROSHANM
COMMERCE COMPUTER APPLICATIONS,UG,Shift 2,Dr. Arumugam,Digital marketing in ai ,25UCC24SL01,25UCC641,LARSENJERUSELRAJJ
COMMERCE COMPUTER APPLICATIONS,UG,Shift 2,Dr. Arumugam,Digital marketing in ai ,25UCC24SL01,25UCC642,MAANASEEGANR
COMMERCE COMPUTER APPLICATIONS,UG,Shift 2,Dr. Arumugam,Digital marketing in ai ,25UCC24SL01,25UCC643,DHARNESHM
COMMERCE COMPUTER APPLICATIONS,UG,Shift 2,Dr. Arumugam,Digital marketing in ai ,25UCC24SL01,25UCC644,THEORISHEAVENRAJP
COMMERCE COMPUTER APPLICATIONS,UG,Shift 2,Dr. Arumugam,Digital marketing in ai ,25UCC24SL01,25UCC645,JABINABISHV
COMMERCE COMPUTER APPLICATIONS,UG,Shift 2,Dr. Arumugam,Digital marketing in ai ,25UCC24SL01,25UCC646,JEYAJOHNPAULJ
COMMERCE COMPUTER APPLICATIONS,UG,Shift 2,Dr. Arumugam,Digital marketing in ai ,25UCC24SL01,25UCC647,KAMALKP
COMMERCE COMPUTER APPLICATIONS,UG,Shift 2,Dr. Arumugam,Digital marketing in ai ,25UCC24SL01,25UCC648,VARUNKUMART
COMMERCE COMPUTER APPLICATIONS,UG,Shift 2,Dr. Arumugam,Digital marketing in ai ,25UCC24SL01,25UCC649,CHARLESA
COMMERCE COMPUTER APPLICATIONS,UG,Shift 2,Dr. Arumugam,Digital marketing in ai ,25UCC24SL01,25UCC650,ABISHEKSIMIYONV
COMMERCE COMPUTER APPLICATIONS,UG,Shift 2,Dr. Arumugam,Digital marketing in ai ,25UCC24SL01,25UCC651,KARUNAM
COMMERCE COMPUTER APPLICATIONS,UG,Shift 2,Dr. Arumugam,Digital marketing in ai ,25UCC24SL01,25UCC652,DASHVANTHR
COMMERCE COMPUTER APPLICATIONS,UG,Shift 2,Dr. Arumugam,Digital marketing in ai ,25UCC24SL01,25UCC653,DHARANISHT
COMMERCE COMPUTER APPLICATIONS,UG,Shift 2,Dr. Arumugam,Digital marketing in ai ,25UCC24SL01,25UCC654,AKASHR
COMMERCE COMPUTER APPLICATIONS,UG,Shift 2,Dr. Arumugam,Digital marketing in ai ,25UCC24SL01,25UCC655,EDWINANTOV
COMMERCE COMPUTER APPLICATIONS,UG,Shift 2,Dr. Arumugam,Digital marketing in ai ,25UCC24SL01,25UCC656,VIMALRAJV
COMMERCE COMPUTER APPLICATIONS,UG,Shift 2,Dr. Arumugam,Digital marketing in ai ,25UCC24SL01,25UCC657,BHARATHKUMARK
COMMERCE COMPUTER APPLICATIONS,UG,Shift 2,Dr. Arumugam,Digital marketing in ai ,25UCC24SL01,25UCC658,AROCKIARICHARDA
COMMERCE COMPUTER APPLICATIONS,UG,Shift 2,Dr. Arumugam,Digital marketing in ai ,25UCC24SL01,25UCC659,HARIPRASATHS
COMMERCE COMPUTER APPLICATIONS,UG,Shift 2,Dr. Arumugam,Digital marketing in ai ,25UCC24SL01,25UCC660,SEFREINJ
COMMERCE COMPUTER APPLICATIONS,UG,Shift 2,Dr. Arumugam,Digital marketing in ai ,25UCC24SL01,25UCC662,SACHINK
COMMERCE COMPUTER APPLICATIONS,UG,Shift 2,Dr. Arumugam,Digital marketing in ai ,25UCC24SL01,25UCC701,SHARONX
COMMERCE COMPUTER APPLICATIONS,UG,Shift 2,Dr. Arumugam,Digital marketing in ai ,25UCC24SL01,25UCC702,NIRMALANTOP
COMMERCE COMPUTER APPLICATIONS,UG,Shift 2,Dr. Arumugam,Digital marketing in ai ,25UCC24SL01,25UCC703,YOHAESUWARANS
COMMERCE COMPUTER APPLICATIONS,UG,Shift 2,Dr. Arumugam,Digital marketing in ai ,25UCC24SL01,25UCC706,BARANIDHARANM
COMMERCE COMPUTER APPLICATIONS,UG,Shift 2,Dr. Arumugam,Digital marketing in ai ,25UCC24SL01,25UCC708,MAGESHWARANR
COMMERCE COMPUTER APPLICATIONS,UG,Shift 2,Dr. Arumugam,Digital marketing in ai ,25UCC24SL01,25UCC709,DHARNISHCK
COMMERCE COMPUTER APPLICATIONS,UG,Shift 2,Dr. Arumugam,Digital marketing in ai ,25UCC24SL01,25UCC710,MOHAMEDSHAHITHA
COMMERCE COMPUTER APPLICATIONS,UG,Shift 2,Dr. Arumugam,Digital marketing in ai ,25UCC24SL01,25UCC711,MOHAMEDARSHATHS
COMMERCE COMPUTER APPLICATIONS,UG,Shift 2,Dr. Arumugam,Digital marketing in ai ,25UCC24SL01,25UCC713,AMARNATHV
COMMERCE COMPUTER APPLICATIONS,UG,Shift 2,Dr. Arumugam,Digital marketing in ai ,25UCC24SL01,25UCC714,ANTOJOHNSONJ
COMMERCE COMPUTER APPLICATIONS,UG,Shift 2,Dr. Arumugam,Digital marketing in ai ,25UCC24SL01,25UCC715,YOGESHB
COMMERCE COMPUTER APPLICATIONS,UG,Shift 2,Dr. Arumugam,Digital marketing in ai ,25UCC24SL01,25UCC716,JOHNMICHAELK
COMMERCE COMPUTER APPLICATIONS,UG,Shift 2,Dr. Arumugam,Digital marketing in ai ,25UCC24SL01,25UCC717,AESUVAJEROC
COMMERCE COMPUTER APPLICATIONS,UG,Shift 2,Dr. Arumugam,Digital marketing in ai ,25UCC24SL01,25UCC718,ABISHEKNATHG
COMMERCE COMPUTER APPLICATIONS,UG,Shift 2,Dr. Arumugam,Digital marketing in ai ,25UCC24SL01,25UCC719,DHANUSHKUMARP
COMMERCE COMPUTER APPLICATIONS,UG,Shift 2,Dr. Arumugam,Digital marketing in ai ,25UCC24SL01,25UCC720,RICHARDA
COMMERCE COMPUTER APPLICATIONS,UG,Shift 2,Dr. Arumugam,Digital marketing in ai ,25UCC24SL01,25UCC721,ARPUTHAFANISHA
COMMERCE COMPUTER APPLICATIONS,UG,Shift 2,Dr. Arumugam,Digital marketing in ai ,25UCC24SL01,25UCC722,PRASANNAP
COMMERCE COMPUTER APPLICATIONS,UG,Shift 2,Dr. Arumugam,Digital marketing in ai ,25UCC24SL01,25UCC723,KISHORS
COMMERCE COMPUTER APPLICATIONS,UG,Shift 2,Dr. Arumugam,Digital marketing in ai ,25UCC24SL01,25UCC724,VASUVIKRAMV
COMMERCE COMPUTER APPLICATIONS,UG,Shift 2,Dr. Arumugam,Digital marketing in ai ,25UCC24SL01,25UCC725,LOGESHWARANS
COMMERCE COMPUTER APPLICATIONS,UG,Shift 2,Dr. Arumugam,Digital marketing in ai ,25UCC24SL01,25UCC726,ANDREWSSUBISTENP
COMMERCE COMPUTER APPLICATIONS,UG,Shift 2,Dr. Arumugam,Digital marketing in ai ,25UCC24SL01,25UCC727,ABISHEKLEAVEL
COMMERCE COMPUTER APPLICATIONS,UG,Shift 2,Dr. Arumugam,Digital marketing in ai ,25UCC24SL01,25UCC728,RITHICKC
COMMERCE COMPUTER APPLICATIONS,UG,Shift 2,Dr. Arumugam,Digital marketing in ai ,25UCC24SL01,25UCC729,SANTHOSHA
COMMERCE COMPUTER APPLICATIONS,UG,Shift 2,Dr. Arumugam,Digital marketing in ai ,25UCC24SL01,25UCC730,ALFRICVINISHRAJV
COMMERCE COMPUTER APPLICATIONS,UG,Shift 2,Dr. Arumugam,Digital marketing in ai ,25UCC24SL01,25UCC731,UMAMAHESWARANV
COMMERCE COMPUTER APPLICATIONS,UG,Shift 2,Dr. Arumugam,Digital marketing in ai ,25UCC24SL01,25UCC733,JANARTHANANV
COMMERCE COMPUTER APPLICATIONS,UG,Shift 2,Dr. Arumugam,Digital marketing in ai ,25UCC24SL01,25UCC734,ARNESHF
COMMERCE COMPUTER APPLICATIONS,UG,Shift 2,Dr. Arumugam,Digital marketing in ai ,25UCC24SL01,25UCC735,NISHANTHA
COMMERCE COMPUTER APPLICATIONS,UG,Shift 2,Dr. Arumugam,Digital marketing in ai ,25UCC24SL01,25UCC736,RAMASWAMYT
COMMERCE COMPUTER APPLICATIONS,UG,Shift 2,Dr. Arumugam,Digital marketing in ai ,25UCC24SL01,25UCC737,ANTONYROHITHT
COMMERCE COMPUTER APPLICATIONS,UG,Shift 2,Dr. Arumugam,Digital marketing in ai ,25UCC24SL01,25UCC738,DHARNISHWARANC
COMMERCE COMPUTER APPLICATIONS,UG,Shift 2,Dr. Arumugam,Digital marketing in ai ,25UCC24SL01,25UCC739,ARUNKUMARS
COMMERCE COMPUTER APPLICATIONS,UG,Shift 2,Dr. Arumugam,Digital marketing in ai ,25UCC24SL01,25UCC740,IGNACIESASHLEYP
COMMERCE COMPUTER APPLICATIONS,UG,Shift 2,Dr. Arumugam,Digital marketing in ai ,25UCC24SL01,25UCC741,ALOCIOUSA
COMMERCE COMPUTER APPLICATIONS,UG,Shift 2,Dr. Arumugam,Digital marketing in ai ,25UCC24SL01,25UCC742,LOURDHURONALDP
COMMERCE COMPUTER APPLICATIONS,UG,Shift 2,Dr. Arumugam,Digital marketing in ai ,25UCC24SL01,25UCC743,BRITTOXAVIERJ
COMMERCE COMPUTER APPLICATIONS,UG,Shift 2,Dr. Arumugam,Digital marketing in ai ,25UCC24SL01,25UCC744,KANISHKRS
COMMERCE COMPUTER APPLICATIONS,UG,Shift 2,Dr. Arumugam,Digital marketing in ai ,25UCC24SL01,25UCC745,SIVASANKARANM
COMMERCE COMPUTER APPLICATIONS,UG,Shift 2,Dr. Arumugam,Digital marketing in ai ,25UCC24SL01,25UCC746,VIJAYMANIMARANS
COMMERCE COMPUTER APPLICATIONS,UG,Shift 2,Dr. Arumugam,Digital marketing in ai ,25UCC24SL01,25UCC747,CHRISKEWINA
COMMERCE COMPUTER APPLICATIONS,UG,Shift 2,Dr. Arumugam,Digital marketing in ai ,25UCC24SL01,25UCC748,HARSHANN
COMMERCE COMPUTER APPLICATIONS,UG,Shift 2,Dr. Arumugam,Digital marketing in ai ,25UCC24SL01,25UCC749,JAMESVILFRATI
COMMERCE COMPUTER APPLICATIONS,UG,Shift 2,Dr. Arumugam,Digital marketing in ai ,25UCC24SL01,25UCC750,SHREYASS
COMMERCE COMPUTER APPLICATIONS,UG,Shift 2,Dr. Arumugam,Digital marketing in ai ,25UCC24SL01,25UCC753,ARULAPPANJ
COMMERCE COMPUTER APPLICATIONS,UG,Shift 2,Dr. Arumugam,Digital marketing in ai ,25UCC24SL01,25UCC754,HARISHV
COMMERCE COMPUTER APPLICATIONS,UG,Shift 2,Dr. Arumugam,Digital marketing in ai ,25UCC24SL01,25UCC755,DAAVIDLEONC
COMMERCE COMPUTER APPLICATIONS,UG,Shift 2,Dr. Arumugam,Digital marketing in ai ,25UCC24SL01,25UCC756,HARIHARANR
COMMERCE COMPUTER APPLICATIONS,UG,Shift 2,Dr. Arumugam,Digital marketing in ai ,25UCC24SL01,25UCC757,VISHWANANDV
COMMERCE COMPUTER APPLICATIONS,UG,Shift 2,Dr. Arumugam,Digital marketing in ai ,25UCC24SL01,25UCC758,LEOSESVINPAULT
COMMERCE COMPUTER APPLICATIONS,UG,Shift 2,Dr. Arumugam,Digital marketing in ai ,25UCC24SL01,25UCC759,GILBERTABISEKX
COMMERCE COMPUTER APPLICATIONS,UG,Shift 2,Dr. Arumugam,Digital marketing in ai ,25UCC24SL01,25UCC760,KILIMACJOHNK
COMMERCE COMPUTER APPLICATIONS,UG,Shift 2,Dr. Arumugam,Digital marketing in ai ,25UCC24SL01,25UCC761,SUJINMARSHALA
COMMERCE COMPUTER APPLICATIONS,UG,Shift 2,Dr. Arumugam,Digital marketing in ai ,25UCC24SL01,25UCC762,RAGUPATHIU
COMMERCE COMPUTER APPLICATIONS,UG,Shift 2,Dr. Arumugam,Digital marketing in ai ,25UCC24SL01,25UCC763,DONALDJ
COMMERCE COMPUTER APPLICATIONS,UG,Shift 2,Dr. Arumugam,Digital marketing in ai ,25UCC24SL01,25UCC764,BALABESKINA
COMMERCE COMPUTER APPLICATIONS,UG,Shift 2,Dr. Arumugam,Digital marketing in ai ,25UCC24SL01,25UCC765,BRATLINLOURDUP
COMMERCE COMPUTER APPLICATIONS,UG,Shift 2,Dr. Arumugam,Digital marketing in ai ,25UCC24SL01,25UCC766,SIVASARAVANAN
COMMERCE COMPUTER APPLICATIONS,UG,Shift 2,Dr. Arumugam,Digital marketing in ai ,25UCC24SL01,25UCC767,AKASHANANDS
COMMERCE COMPUTER APPLICATIONS,UG,Shift 2,Dr. Arumugam,Digital marketing in ai ,25UCC24SL01,25UCC768,VIGNESHWARANM
COMMERCE COMPUTER APPLICATIONS,UG,Shift 2,Dr. Arumugam,Digital marketing in ai ,25UCC24SL01,25UCC769,TARAMOMOKOT
COMMERCE COMPUTER APPLICATIONS,PG,Shift 2,Dr. Arul,Marketing Research and Analysis,25PCC2SL02,25PCC801,JESMI INFANTA A
COMMERCE COMPUTER APPLICATIONS,PG,Shift 2,Dr. Arul,Marketing Research and Analysis,25PCC2SL02,25PCC815,VASANTHI V
COMMERCE COMPUTER APPLICATIONS,PG,Shift 2,Dr. Arul,Marketing Research and Analysis,25PCC2SL02,25PCC816,JEROFIYA A
COMMERCE COMPUTER APPLICATIONS,PG,Shift 2,Dr. Arul,Marketing Research and Analysis,25PCC2SL02,25PCC817,MONISHA C
COMMERCE COMPUTER APPLICATIONS,PG,Shift 2,Dr. Arul,Marketing Research and Analysis,25PCC2SL02,25PCC819,PRIYADHARSHINI S
COMMERCE COMPUTER APPLICATIONS,PG,Shift 2,Dr. Arul,Marketing Research and Analysis,25PCC2SL02,25PCC820,JENIFER ASHA J
COMMERCE COMPUTER APPLICATIONS,PG,Shift 2,Dr. Arul,Marketing Research and Analysis,25PCC2SL02,25PCC824,AAKASH K
COMMERCE COMPUTER APPLICATIONS,PG,Shift 2,Dr. Arul,Marketing Research and Analysis,25PCC2SL02,25PCC825,SANTHANA GOPALA KRISHNAN G
COMMERCE COMPUTER APPLICATIONS,PG,Shift 2,Dr. Arul,Marketing Research and Analysis,25PCC2SL02,25PCC836,SENTHIL RAGAVENDRAN R
COMMERCE COMPUTER APPLICATIONS,PG,Shift 2,Dr. Arul,Marketing Research and Analysis,25PCC2SL02,25PCC841,YASHINI N
COMPUTER SCIENCE,UG,Shift 1,Rev. Dr. Santiago SJ,Generative AI for Everyday Life,25UCS24SL01,25UCS101,MATHEW SANTINO J
COMPUTER SCIENCE,UG,Shift 1,Rev. Dr. Santiago SJ,Generative AI for Everyday Life,25UCS24SL01,25UCS102,TONY JIDEN J
COMPUTER SCIENCE,UG,Shift 1,Rev. Dr. Santiago SJ,Generative AI for Everyday Life,25UCS24SL01,25UCS104,AMALAN B
COMPUTER SCIENCE,UG,Shift 1,Rev. Dr. Santiago SJ,Generative AI for Everyday Life,25UCS24SL01,25UCS105,BRITTO JACK R
COMPUTER SCIENCE,UG,Shift 1,Rev. Dr. Santiago SJ,Generative AI for Everyday Life,25UCS24SL01,25UCS106,JOYAL KUMAR A
COMPUTER SCIENCE,UG,Shift 1,Rev. Dr. Santiago SJ,Generative AI for Everyday Life,25UCS24SL01,25UCS107,DANIEL MONFORT M
COMPUTER SCIENCE,UG,Shift 1,Rev. Dr. Santiago SJ,Generative AI for Everyday Life,25UCS24SL01,25UCS109,ANTO AMALAN FREUD A
COMPUTER SCIENCE,UG,Shift 1,Rev. Dr. Santiago SJ,Generative AI for Everyday Life,25UCS24SL01,25UCS110,PROPOSON A
COMPUTER SCIENCE,UG,Shift 1,Rev. Dr. Santiago SJ,Generative AI for Everyday Life,25UCS24SL01,25UCS111,YOSUVA G
COMPUTER SCIENCE,UG,Shift 1,Rev. Dr. Santiago SJ,Generative AI for Everyday Life,25UCS24SL01,25UCS113,MARIA JOSHUVA S
COMPUTER SCIENCE,UG,Shift 1,Rev. Dr. Santiago SJ,Generative AI for Everyday Life,25UCS24SL01,25UCS114,CHRISTY SAHAYA RAJA A
COMPUTER SCIENCE,UG,Shift 1,Rev. Dr. Santiago SJ,Generative AI for Everyday Life,25UCS24SL01,25UCS116,BALA BOOPATHI S
COMPUTER SCIENCE,UG,Shift 1,Rev. Dr. Santiago SJ,Generative AI for Everyday Life,25UCS24SL01,25UCS118,MAXIMUS M
COMPUTER SCIENCE,UG,Shift 1,Rev. Dr. Santiago SJ,Generative AI for Everyday Life,25UCS24SL01,25UCS119,THAMODHARAN T
COMPUTER SCIENCE,UG,Shift 1,Rev. Dr. Santiago SJ,Generative AI for Everyday Life,25UCS24SL01,25UCS120,SARATHI R
COMPUTER SCIENCE,UG,Shift 1,Rev. Dr. Santiago SJ,Generative AI for Everyday Life,25UCS24SL01,25UCS121,PRITHIVIRAJ B
COMPUTER SCIENCE,UG,Shift 1,Rev. Dr. Santiago SJ,Generative AI for Everyday Life,25UCS24SL01,25UCS123,VIVEKANANDHAN C
COMPUTER SCIENCE,UG,Shift 1,Rev. Dr. Santiago SJ,Generative AI for Everyday Life,25UCS24SL01,25UCS125,SESHAN CHANDHURU A
COMPUTER SCIENCE,UG,Shift 1,Rev. Dr. Santiago SJ,Generative AI for Everyday Life,25UCS24SL01,25UCS126,VISHAL M
COMPUTER SCIENCE,UG,Shift 1,Rev. Dr. Santiago SJ,Generative AI for Everyday Life,25UCS24SL01,25UCS127,DOMINIC ANTONY J
COMPUTER SCIENCE,UG,Shift 1,Rev. Dr. Santiago SJ,Generative AI for Everyday Life,25UCS24SL01,25UCS129,ROSHAN MATHEW V
COMPUTER SCIENCE,UG,Shift 1,Rev. Dr. Santiago SJ,Generative AI for Everyday Life,25UCS24SL01,25UCS131,SHARON FRANCILIN F
COMPUTER SCIENCE,UG,Shift 1,Rev. Dr. Santiago SJ,Generative AI for Everyday Life,25UCS24SL01,25UCS133,LEO P
COMPUTER SCIENCE,UG,Shift 1,Rev. Dr. Santiago SJ,Generative AI for Everyday Life,25UCS24SL01,25UCS134,JOSE ROBIN S
COMPUTER SCIENCE,UG,Shift 1,Rev. Dr. Santiago SJ,Generative AI for Everyday Life,25UCS24SL01,25UCS135,AGNEL JOHN L
COMPUTER SCIENCE,UG,Shift 1,Rev. Dr. Santiago SJ,Generative AI for Everyday Life,25UCS24SL01,25UCS138,ARISTO S
COMPUTER SCIENCE,UG,Shift 1,Rev. Dr. Santiago SJ,Generative AI for Everyday Life,25UCS24SL01,25UCS139,PRAVIN KUMAR D
COMPUTER SCIENCE,UG,Shift 1,Rev. Dr. Santiago SJ,Generative AI for Everyday Life,25UCS24SL01,25UCS140,SELVA M
COMPUTER SCIENCE,UG,Shift 1,Rev. Dr. Santiago SJ,Generative AI for Everyday Life,25UCS24SL01,25UCS141,ROHITH SELVA I
COMPUTER SCIENCE,UG,Shift 1,Rev. Dr. Santiago SJ,Generative AI for Everyday Life,25UCS24SL01,25UCS142,XAVIER JOEL Y
COMPUTER SCIENCE,UG,Shift 1,Rev. Dr. Santiago SJ,Generative AI for Everyday Life,25UCS24SL01,25UCS145,ARUL MECHANCY K
COMPUTER SCIENCE,UG,Shift 1,Rev. Dr. Santiago SJ,Generative AI for Everyday Life,25UCS24SL01,25UCS147,SHARO NIGMON R
COMPUTER SCIENCE,UG,Shift 1,Rev. Dr. Santiago SJ,Generative AI for Everyday Life,25UCS24SL01,25UCS148,KEVIN ROHAN R
COMPUTER SCIENCE,UG,Shift 1,Rev. Dr. Santiago SJ,Generative AI for Everyday Life,25UCS24SL01,25UCS149,SRI JOSHVAN A
COMPUTER SCIENCE,UG,Shift 1,Rev. Dr. Santiago SJ,Generative AI for Everyday Life,25UCS24SL01,25UCS151,HENTRY JIBIN R
COMPUTER SCIENCE,UG,Shift 1,Rev. Dr. Santiago SJ,Generative AI for Everyday Life,25UCS24SL01,25UCS152,JOE AKASH F
COMPUTER SCIENCE,UG,Shift 1,Rev. Dr. Santiago SJ,Generative AI for Everyday Life,25UCS24SL01,25UCS153,REX STALIN A
COMPUTER SCIENCE,UG,Shift 1,Rev. Dr. Santiago SJ,Generative AI for Everyday Life,25UCS24SL01,25UCS155,JERVIN LORDSON S
COMPUTER SCIENCE,UG,Shift 1,Rev. Dr. Santiago SJ,Generative AI for Everyday Life,25UCS24SL01,25UCS156,JUSTUS LOUVIN P
COMPUTER SCIENCE,UG,Shift 1,Rev. Dr. Santiago SJ,Generative AI for Everyday Life,25UCS24SL01,25UCS157,JOE SHERIL C
COMPUTER SCIENCE,UG,Shift 1,Rev. Dr. Santiago SJ,Generative AI for Everyday Life,25UCS24SL01,25UCS158,ASWIN SANTHOSHKUMAR
COMPUTER SCIENCE,UG,Shift 1,Rev. Dr. Santiago SJ,Generative AI for Everyday Life,25UCS24SL01,25UCS159,AKASH A
COMPUTER SCIENCE,UG,Shift 1,Rev. Dr. Santiago SJ,Generative AI for Everyday Life,25UCS24SL01,25UCS160,ABISHEK R
COMPUTER SCIENCE,UG,Shift 1,Rev. Dr. Santiago SJ,Generative AI for Everyday Life,25UCS24SL01,25UCS161,BESKIN L
COMPUTER SCIENCE,UG,Shift 1,Rev. Dr. Santiago SJ,Generative AI for Everyday Life,25UCS24SL01,25UCS162,KILSON JOHN S
COMPUTER SCIENCE,UG,Shift 1,Rev. Dr. Santiago SJ,Generative AI for Everyday Life,25UCS24SL01,25UCS163,SAHAYA SARJU S
COMPUTER SCIENCE,UG,Shift 1,Rev. Dr. Santiago SJ,Generative AI for Everyday Life,25UCS24SL01,25UCS164,TIVAKAR D K
COMPUTER SCIENCE,UG,Shift 1,Rev. Dr. Santiago SJ,Generative AI for Everyday Life,25UCS24SL01,25UCS166,VISHAL R
COMPUTER SCIENCE,UG,Shift 1,Rev. Dr. Santiago SJ,Generative AI for Everyday Life,25UCS24SL01,25UCS167,ASWANTH B
COMPUTER SCIENCE,UG,Shift 1,Rev. Dr. Santiago SJ,Generative AI for Everyday Life,25UCS24SL01,25UCS168,YUMKHAIBAM RAJIYA UL
COMPUTER SCIENCE,UG,Shift 1,Rev. Dr. Santiago SJ,Generative AI for Everyday Life,25UCS24SL01,25UCS169,GILBERT AROCK P
COMPUTER SCIENCE,UG,Shift 1,Rev. Dr. Santiago SJ,Generative AI for Everyday Life,25UCS24SL01,25UCS170,DESINGRAJ Y
COMPUTER SCIENCE,UG,Shift 1,Rev. Dr. Santiago SJ,Generative AI for Everyday Life,25UCS24SL01,25UCS172,RAGUL S
COMPUTER SCIENCE,UG,Shift 1,Rev. Dr. Santiago SJ,Generative AI for Everyday Life,25UCS24SL01,25UCS173,PRADEEP S
COMPUTER SCIENCE,UG,Shift 1,Rev. Dr. Santiago SJ,Generative AI for Everyday Life,25UCS24SL01,25UCS174,PERIYASAMY S
COMPUTER SCIENCE,PG,Shift 1,Dr. A VIMAL JERALD ,Introduction to Cyber Security,25PCA2SL02,25PCA123 ,MELGISHA INFANTA A
COMPUTER SCIENCE,PG,Shift 1,Dr. A VIMAL JERALD ,Introduction to Cyber Security,25PCA2SL02,25PCA130 ,SNOBAN S
COMPUTER SCIENCE,PG,Shift 1,Dr. A VIMAL JERALD ,Introduction to Cyber Security,25PCA2SL02,25PCA132 ,JERRIN SHURTHI M 
COMPUTER SCIENCE,PG,Shift 1,Dr. A VIMAL JERALD ,Introduction to Cyber Security,25PCA2SL02,25PCA153 ,SANGAMITHIRA D 
COMPUTER SCIENCE,PG,Shift 1,Dr. A VIMAL JERALD ,Introduction to Cyber Security,25PCA2SL02,25PCA156 ,THARUN PRASATH 
COMPUTER SCIENCE,UG,Shift 2,Dr. S. Sathyapriya,Programming with C++,25UCS24SL01,25UCS501,PRIYADHARSHAN S
COMPUTER SCIENCE,UG,Shift 2,Dr. S. Sathyapriya,Programming with C++,25UCS24SL01,25UCS504,J SUJITH RAJ
COMPUTER SCIENCE,UG,Shift 2,Dr. S. Sathyapriya,Programming with C++,25UCS24SL01,25UCS505,LEO SANTHAN T A
COMPUTER SCIENCE,UG,Shift 2,Dr. S. Sathyapriya,Programming with C++,25UCS24SL01,25UCS509,KOUSHAL JASAN J
COMPUTER SCIENCE,UG,Shift 2,Dr. S. Sathyapriya,Programming with C++,25UCS24SL01,25UCS513,DONI JERALDU C
COMPUTER SCIENCE,UG,Shift 2,Dr. S. Sathyapriya,Programming with C++,25UCS24SL01,25UCS514,JOSHUA A
COMPUTER SCIENCE,UG,Shift 2,Dr. S. Sathyapriya,Programming with C++,25UCS24SL01,25UCS515,SURIYA J
COMPUTER SCIENCE,UG,Shift 2,Dr. S. Sathyapriya,Programming with C++,25UCS24SL01,25UCS516,LEONARD V
COMPUTER SCIENCE,UG,Shift 2,Dr. S. Sathyapriya,Programming with C++,25UCS24SL01,25UCS517,ABINESH MK
COMPUTER SCIENCE,UG,Shift 2,Dr. S. Sathyapriya,Programming with C++,25UCS24SL01,25UCS518,GIDEON RAJAN S
COMPUTER SCIENCE,UG,Shift 2,Dr. S. Sathyapriya,Programming with C++,25UCS24SL01,25UCS519,YUVARAJ P
COMPUTER SCIENCE,UG,Shift 2,Dr. S. Sathyapriya,Programming with C++,25UCS24SL01,25UCS520,JOY RABINSON I
COMPUTER SCIENCE,UG,Shift 2,Dr. S. Sathyapriya,Programming with C++,25UCS24SL01,25UCS523,SANJAYKUMAR S
COMPUTER SCIENCE,UG,Shift 2,Dr. S. Sathyapriya,Programming with C++,25UCS24SL01,25UCS525,YOGADHARSHAN V
COMPUTER SCIENCE,UG,Shift 2,Dr. S. Sathyapriya,Programming with C++,25UCS24SL01,25UCS526,SAVARIRAJ J
COMPUTER SCIENCE,UG,Shift 2,Dr. S. Sathyapriya,Programming with C++,25UCS24SL01,25UCS528,MANISHANKAR R
COMPUTER SCIENCE,UG,Shift 2,Dr. S. Sathyapriya,Programming with C++,25UCS24SL01,25UCS531,PRAJAY A
COMPUTER SCIENCE,UG,Shift 2,Dr. S. Sathyapriya,Programming with C++,25UCS24SL01,25UCS532,PAUL RAJ S
COMPUTER SCIENCE,UG,Shift 2,Dr. S. Sathyapriya,Programming with C++,25UCS24SL01,25UCS534,MUKESH T
COMPUTER SCIENCE,UG,Shift 2,Dr. S. Sathyapriya,Programming with C++,25UCS24SL01,25UCS537,SRI HARISH B
COMPUTER SCIENCE,UG,Shift 2,Dr. S. Sathyapriya,Programming with C++,25UCS24SL01,25UCS539,SANTHOSH KUMAR L
COMPUTER SCIENCE,UG,Shift 2,Dr. S. Sathyapriya,Programming with C++,25UCS24SL01,25UCS542,TAMILSELVAN S
COMPUTER SCIENCE,UG,Shift 2,Dr. S. Sathyapriya,Programming with C++,25UCS24SL01,25UCS543,VISHWA S
COMPUTER SCIENCE,UG,Shift 2,Dr. S. Sathyapriya,Programming with C++,25UCS24SL01,25UCS544,MUKILAN V
COMPUTER SCIENCE,UG,Shift 2,Dr. S. Sathyapriya,Programming with C++,25UCS24SL01,25UCS545,AARON A
COMPUTER SCIENCE,UG,Shift 2,Dr. S. Sathyapriya,Programming with C++,25UCS24SL01,25UCS546,HARISH M
COMPUTER SCIENCE,UG,Shift 2,Dr. S. Sathyapriya,Programming with C++,25UCS24SL01,25UCS547,HARIHARAN S
COMPUTER SCIENCE,UG,Shift 2,Dr. S. Sathyapriya,Programming with C++,25UCS24SL01,25UCS548,DIWAKAR M
COMPUTER SCIENCE,UG,Shift 2,Dr. S. Sathyapriya,Programming with C++,25UCS24SL01,25UCS550,VISHWA M
COMPUTER SCIENCE,UG,Shift 2,Dr. S. Sathyapriya,Programming with C++,25UCS24SL01,25UCS552,PRAVEEN KISHORE T
COMPUTER SCIENCE,UG,Shift 2,Dr. S. Sathyapriya,Programming with C++,25UCS24SL01,25UCS554,RUBERT D
COMPUTER SCIENCE,UG,Shift 2,Dr. S. Sathyapriya,Programming with C++,25UCS24SL01,25UCS555,WILSON VIJAYRAJ V
COMPUTER SCIENCE,UG,Shift 2,Dr. S. Sathyapriya,Programming with C++,25UCS24SL01,25UCS556,ARO SEBASTIN A
COMPUTER SCIENCE,UG,Shift 2,Dr. S. Sathyapriya,Programming with C++,25UCS24SL01,25UCS557,ALAN RAJ A
COMPUTER SCIENCE,UG,Shift 2,Dr. S. Sathyapriya,Programming with C++,25UCS24SL01,25UCS562,SANTOSH K
COMPUTER SCIENCE,UG,Shift 2,Dr. S. Sathyapriya,Programming with C++,25UCS24SL01,25UCS565,VIGNESHWARAN R
COMPUTER SCIENCE,UG,Shift 2,Ms.Sherinedominick,Programming With C++,25UCS24SL01,25UCS601,SELLWIN . D
COMPUTER SCIENCE,UG,Shift 2,Ms.Sherinedominick,Programming With C++,25UCS24SL01,25UCS606,ARUL S
COMPUTER SCIENCE,UG,Shift 2,Ms.Sherinedominick,Programming With C++,25UCS24SL01,25UCS609,HALTAN KENNY L
COMPUTER SCIENCE,UG,Shift 2,Ms.Sherinedominick,Programming With C++,25UCS24SL01,25UCS612,NIRMAL R
COMPUTER SCIENCE,UG,Shift 2,Ms.Sherinedominick,Programming With C++,25UCS24SL01,25UCS613,SARVESH R
COMPUTER SCIENCE,UG,Shift 2,Ms.Sherinedominick,Programming With C++,25UCS24SL01,25UCS616,NIKESH ANANDH J
COMPUTER SCIENCE,UG,Shift 2,Ms.Sherinedominick,Programming With C++,25UCS24SL01,25UCS618,KESAVARAJ M
COMPUTER SCIENCE,UG,Shift 2,Ms.Sherinedominick,Programming With C++,25UCS24SL01,25UCS619,SARAVANA KUMAR R
COMPUTER SCIENCE,UG,Shift 2,Ms.Sherinedominick,Programming With C++,25UCS24SL01,25UCS621,SANJAY PANDI M
COMPUTER SCIENCE,UG,Shift 2,Ms.Sherinedominick,Programming With C++,25UCS24SL01,25UCS625,ABISHEK KRISHNA R
COMPUTER SCIENCE,UG,Shift 2,Ms.Sherinedominick,Programming With C++,25UCS24SL01,25UCS629,ATHERSH J
COMPUTER SCIENCE,UG,Shift 2,Ms.Sherinedominick,Programming With C++,25UCS24SL01,25UCS631,RONISH JEFRIN J
COMPUTER SCIENCE,UG,Shift 2,Ms.Sherinedominick,Programming With C++,25UCS24SL01,25UCS632,SELVA KUMAR.K
COMPUTER SCIENCE,UG,Shift 2,Ms.Sherinedominick,Programming With C++,25UCS24SL01,25UCS634,SRI BALAMURUGAN B C
COMPUTER SCIENCE,UG,Shift 2,Ms.Sherinedominick,Programming With C++,25UCS24SL01,25UCS636,BAHUL B
COMPUTER SCIENCE,UG,Shift 2,Ms.Sherinedominick,Programming With C++,25UCS24SL01,25UCS637,SIYAMRAJ W
COMPUTER SCIENCE,UG,Shift 2,Ms.Sherinedominick,Programming With C++,25UCS24SL01,25UCS640,HARIHARAN M
COMPUTER SCIENCE,UG,Shift 2,Ms.Sherinedominick,Programming With C++,25UCS24SL01,25UCS642,AJAY S
COMPUTER SCIENCE,UG,Shift 2,Ms.Sherinedominick,Programming With C++,25UCS24SL01,25UCS644,SHANMUGAVEL B P
COMPUTER SCIENCE,UG,Shift 2,Ms.Sherinedominick,Programming With C++,25UCS24SL01,25UCS646,EASWAR R
COMPUTER SCIENCE,UG,Shift 2,Ms.Sherinedominick,Programming With C++,25UCS24SL01,25UCS649,SUDHARSAN S
COMPUTER SCIENCE,UG,Shift 2,Ms.Sherinedominick,Programming With C++,25UCS24SL01,25UCS650,RISHI KUMAR K
COMPUTER SCIENCE,UG,Shift 2,Ms.Sherinedominick,Programming With C++,25UCS24SL01,25UCS652,AMOSH A
COMPUTER SCIENCE,UG,Shift 2,Ms.Sherinedominick,Programming With C++,25UCS24SL01,25UCS653,MELVIN NOBEL J
COMPUTER SCIENCE,UG,Shift 2,Ms.Sherinedominick,Programming With C++,25UCS24SL01,25UCS654,DOMINIC NICHOLAS S
COMPUTER SCIENCE,UG,Shift 2,Ms.Sherinedominick,Programming With C++,25UCS24SL01,25UCS656,SARAVANA KUMAR A
COMPUTER SCIENCE,UG,Shift 2,Ms.Sherinedominick,Programming With C++,25UCS24SL01,25UCS657,KATHEROLI S
COMPUTER SCIENCE,UG,Shift 2,Ms.Sherinedominick,Programming With C++,25UCS24SL01,25UCS658,MOTHILALPRASATH I
COMPUTER SCIENCE,UG,Shift 2,Ms.Sherinedominick,Programming With C++,25UCS24SL01,25UCS659,AMEER KHAN N
COMPUTER SCIENCE,UG,Shift 2,Ms.Sherinedominick,Programming With C++,25UCS24SL01,25UCS660,GOKULAKRISHNAN B
COMPUTER SCIENCE,UG,Shift 2,Ms.Sherinedominick,Programming With C++,25UCS24SL01,25UCS661,VENGATESAN M
COMPUTER SCIENCE,UG,Shift 2,Ms.Sherinedominick,Programming With C++,25UCS24SL01,25UCS662,DEEPAK V
COMPUTER SCIENCE,UG,Shift 2,Ms.I.Reshma Monica,Programming in C++,25UCS24SL01,25UCS801,JOSE ALAN MICHAEL A
COMPUTER SCIENCE,UG,Shift 2,Ms.I.Reshma Monica,Programming in C++,25UCS24SL01,25UCS802,ALAN DEV K
COMPUTER SCIENCE,UG,Shift 2,Ms.I.Reshma Monica,Programming in C++,25UCS24SL01,25UCS805,MALMURUGAN K
COMPUTER SCIENCE,UG,Shift 2,Ms.I.Reshma Monica,Programming in C++,25UCS24SL01,25UCS806,EBIRAJ I
COMPUTER SCIENCE,UG,Shift 2,Ms.I.Reshma Monica,Programming in C++,25UCS24SL01,25UCS807,DHANUSH MANICKAM A
COMPUTER SCIENCE,UG,Shift 2,Ms.I.Reshma Monica,Programming in C++,25UCS24SL01,25UCS808,JATHUSON P
COMPUTER SCIENCE,UG,Shift 2,Ms.I.Reshma Monica,Programming in C++,25UCS24SL01,25UCS810,THARKESH R
COMPUTER SCIENCE,UG,Shift 2,Ms.I.Reshma Monica,Programming in C++,25UCS24SL01,25UCS812,HARI MADHAVAN S
COMPUTER SCIENCE,UG,Shift 2,Ms.I.Reshma Monica,Programming in C++,25UCS24SL01,25UCS813,ANGJERUSHLIN J
COMPUTER SCIENCE,UG,Shift 2,Ms.I.Reshma Monica,Programming in C++,25UCS24SL01,25UCS820,DHARANIDHARAN.S
COMPUTER SCIENCE,UG,Shift 2,Ms.I.Reshma Monica,Programming in C++,25UCS24SL01,25UCS821,SRIVANTH MJ
COMPUTER SCIENCE,UG,Shift 2,Ms.I.Reshma Monica,Programming in C++,25UCS24SL01,25UCS823,GOPINATH R
COMPUTER SCIENCE,UG,Shift 2,Ms.I.Reshma Monica,Programming in C++,25UCS24SL01,25UCS829,HARISH A
COMPUTER SCIENCE,UG,Shift 2,Ms.I.Reshma Monica,Programming in C++,25UCS24SL01,25UCS830,ROHITH S
COMPUTER SCIENCE,UG,Shift 2,Ms.I.Reshma Monica,Programming in C++,25UCS24SL01,25UCS833,JOHN BRITTO B
COMPUTER SCIENCE,UG,Shift 2,Ms.I.Reshma Monica,Programming in C++,25UCS24SL01,25UCS835,SANTHOSH KUMAR S
COMPUTER SCIENCE,UG,Shift 2,Ms.I.Reshma Monica,Programming in C++,25UCS24SL01,25UCS836,SRI S
COMPUTER SCIENCE,UG,Shift 2,Ms.I.Reshma Monica,Programming in C++,25UCS24SL01,25UCS837,SAMUEL M
COMPUTER SCIENCE,UG,Shift 2,Ms.I.Reshma Monica,Programming in C++,25UCS24SL01,25UCS838,ROSHAN LOURDHU RAJ G
COMPUTER SCIENCE,UG,Shift 2,Ms.I.Reshma Monica,Programming in C++,25UCS24SL01,25UCS839,GURU PRASATH S
COMPUTER SCIENCE,UG,Shift 2,Ms.I.Reshma Monica,Programming in C++,25UCS24SL01,25UCS840,KENNADICT IDHAYARASAN S
COMPUTER SCIENCE,UG,Shift 2,Ms.I.Reshma Monica,Programming in C++,25UCS24SL01,25UCS841,PRASANNA M
COMPUTER SCIENCE,UG,Shift 2,Ms.I.Reshma Monica,Programming in C++,25UCS24SL01,25UCS844,PRAVEEN M
COMPUTER SCIENCE,UG,Shift 2,Ms.I.Reshma Monica,Programming in C++,25UCS24SL01,25UCS846,KARTHIKEYAN R
COMPUTER SCIENCE,UG,Shift 2,Ms.I.Reshma Monica,Programming in C++,25UCS24SL01,25UCS848,HARIDASS S
COMPUTER SCIENCE,UG,Shift 2,Ms.I.Reshma Monica,Programming in C++,25UCS24SL01,25UCS849,RAJA S
COMPUTER SCIENCE,UG,Shift 2,Ms.I.Reshma Monica,Programming in C++,25UCS24SL01,25UCS850,CLEMENT JOSE J
COMPUTER SCIENCE,UG,Shift 2,Ms.I.Reshma Monica,Programming in C++,25UCS24SL01,25UCS854,RITHIKKISHORE A MR
COMPUTER SCIENCE,UG,Shift 2,Ms.I.Reshma Monica,Programming in C++,25UCS24SL01,25UCS856,BALAJI K
COMPUTER SCIENCE,UG,Shift 2,Ms.I.Reshma Monica,Programming in C++,25UCS24SL01,25UCS857,DIVINE RICHARD V
COMPUTER SCIENCE,UG,Shift 2,Ms.I.Reshma Monica,Programming in C++,25UCS24SL01,25UCS858,RUBANRAJ P
COMPUTER SCIENCE,UG,Shift 2,Ms.I.Reshma Monica,Programming in C++,25UCS24SL01,25UCS859,SAIRAM S
COMPUTER SCIENCE,UG,Shift 2,Ms.I.Reshma Monica,Programming in C++,25UCS24SL01,25UCS860,VASANTH KUMAR S
COMPUTER SCIENCE,UG,Shift 2,Ms.I.Reshma Monica,Programming in C++,25UCS24SL01,25UCS861,LEWIS JOEL J
COMPUTER SCIENCE,UG,Shift 2,Ms.I.Reshma Monica,Programming in C++,25UCS24SL01,25UCS863,PRASANNA T
COMPUTER SCIENCE,UG,Shift 2,Ms.I.Reshma Monica,Programming in C++,25UCS24SL01,25UCS865,LEEKANTH M
COMPUTER SCIENCE,UG,Shift 2,Dr. R.Sakthiraman,Programming in C++,25UCS24SL01,25UCS701,D. Godwin
COMPUTER SCIENCE,UG,Shift 2,Dr. R.Sakthiraman,Programming in C++,25UCS24SL01,25UCS704,F.Ezekiah David
COMPUTER SCIENCE,UG,Shift 2,Dr. R.Sakthiraman,Programming in C++,25UCS24SL01,25UCS705,A. mohamed navas
COMPUTER SCIENCE,UG,Shift 2,Dr. R.Sakthiraman,Programming in C++,25UCS24SL01,25UCS707,C.Chandrakash
COMPUTER SCIENCE,UG,Shift 2,Dr. R.Sakthiraman,Programming in C++,25UCS24SL01,25UCS708,A. Leo edwin
COMPUTER SCIENCE,UG,Shift 2,Dr. R.Sakthiraman,Programming in C++,25UCS24SL01,25UCS710,T. Akilesh
COMPUTER SCIENCE,UG,Shift 2,Dr. R.Sakthiraman,Programming in C++,25UCS24SL01,25UCS714,S. Antony Deepak
COMPUTER SCIENCE,UG,Shift 2,Dr. R.Sakthiraman,Programming in C++,25UCS24SL01,25UCS716,M.V. Boopathi
COMPUTER SCIENCE,UG,Shift 2,Dr. R.Sakthiraman,Programming in C++,25UCS24SL01,25UCS717,I.P. Thangaveeramani
COMPUTER SCIENCE,UG,Shift 2,Dr. R.Sakthiraman,Programming in C++,25UCS24SL01,25UCS718,T. Kamalesh
COMPUTER SCIENCE,UG,Shift 2,Dr. R.Sakthiraman,Programming in C++,25UCS24SL01,25UCS719,S.S. Sebastinvenan
COMPUTER SCIENCE,UG,Shift 2,Dr. R.Sakthiraman,Programming in C++,25UCS24SL01,25UCS720,M. Mahendran
COMPUTER SCIENCE,UG,Shift 2,Dr. R.Sakthiraman,Programming in C++,25UCS24SL01,25UCS722,K.Thiyaneshwar
COMPUTER SCIENCE,UG,Shift 2,Dr. R.Sakthiraman,Programming in C++,25UCS24SL01,25UCS726,T. Jeisingh
COMPUTER SCIENCE,UG,Shift 2,Dr. R.Sakthiraman,Programming in C++,25UCS24SL01,25UCS728,S. Deepak
COMPUTER SCIENCE,UG,Shift 2,Dr. R.Sakthiraman,Programming in C++,25UCS24SL01,25UCS729,R. Jerin Jebastin
COMPUTER SCIENCE,UG,Shift 2,Dr. R.Sakthiraman,Programming in C++,25UCS24SL01,25UCS733,R.Thanesha Roshan
COMPUTER SCIENCE,UG,Shift 2,Dr. R.Sakthiraman,Programming in C++,25UCS24SL01,25UCS734,C. Parthiban
COMPUTER SCIENCE,UG,Shift 2,Dr. R.Sakthiraman,Programming in C++,25UCS24SL01,25UCS736,M.yogaswaran
COMPUTER SCIENCE,UG,Shift 2,Dr. R.Sakthiraman,Programming in C++,25UCS24SL01,25UCS738,S.Navaskhan
COMPUTER SCIENCE,UG,Shift 2,Dr. R.Sakthiraman,Programming in C++,25UCS24SL01,25UCS740,A.Santo Dejo
COMPUTER SCIENCE,UG,Shift 2,Dr. R.Sakthiraman,Programming in C++,25UCS24SL01,25UCS742,A.Sakthivel
COMPUTER SCIENCE,UG,Shift 2,Dr. R.Sakthiraman,Programming in C++,25UCS24SL01,25UCS743,R.R.Nithish raj
COMPUTER SCIENCE,UG,Shift 2,Dr. R.Sakthiraman,Programming in C++,25UCS24SL01,25UCS746,M.Milton
COMPUTER SCIENCE,UG,Shift 2,Dr. R.Sakthiraman,Programming in C++,25UCS24SL01,25UCS747,M. Vijayarajan
COMPUTER SCIENCE,UG,Shift 2,Dr. R.Sakthiraman,Programming in C++,25UCS24SL01,25UCS752,R.Cyril Britto
COMPUTER SCIENCE,UG,Shift 2,Dr. R.Sakthiraman,Programming in C++,25UCS24SL01,25UCS755,V.P.Elavarasan
COMPUTER SCIENCE,UG,Shift 2,Dr. R.Sakthiraman,Programming in C++,25UCS24SL01,25UCS758,S Arockia Jerone
COMPUTER SCIENCE,UG,Shift 2,Dr. R.Sakthiraman,Programming in C++,25UCS24SL01,25UCS760,I.Sameerkhan
COMPUTER SCIENCE,UG,Shift 2,Dr. R.Sakthiraman,Programming in C++,25UCS24SL01,25UCS761,K.Rithish
COMPUTER SCIENCE,UG,Shift 2,Dr. R.Sakthiraman,Programming in C++,25UCS24SL01,25UCS766,S.Pugazhenthi
COUNSELLING PSYCHOLOGY,PG,Shift 2,Ms. F. M. Christeeba ,Guidance and Counselling ,25PCP2SL02,25PCP814,NITHYA SRI R
COUNSELLING PSYCHOLOGY,PG,Shift 2,Ms. F. M. Christeeba ,Guidance and Counselling ,25PCP2SL02,25PCP816,ARTHI A
COUNSELLING PSYCHOLOGY,PG,Shift 2,Ms. F. M. Christeeba ,Guidance and Counselling ,25PCP2SL02,25PCP824,TAQIYYA A
COUNSELLING PSYCHOLOGY,PG,Shift 2,Ms. F. M. Christeeba ,Guidance and Counselling ,25PCP2SL02,25PCP826,DINESH ARULANANDHAM
COUNSELLING PSYCHOLOGY,PG,Shift 2,Ms. F. M. Christeeba ,Guidance and Counselling ,25PCP2SL02,25PCP827,SHYAM KUMAR S
COUNSELLING PSYCHOLOGY,PG,Shift 2,Ms. F. M. Christeeba ,Guidance and Counselling ,25PCP2SL02,25PCP828,PRANAV
ECONOMICS,UG,Shift 1,Dr. K.A. Michael,Foreign Exchange Market,25UEC24SL01,25UEC102 ,Supriya B 
ECONOMICS,UG,Shift 1,Dr. K.A. Michael,Foreign Exchange Market,25UEC24SL01,25UEC103 ,Ragul C 
ECONOMICS,UG,Shift 1,Dr. K.A. Michael,Foreign Exchange Market,25UEC24SL01,25UEC104 ,Subasri S 
ECONOMICS,UG,Shift 1,Dr. K.A. Michael,Foreign Exchange Market,25UEC24SL01,25UEC105 ,Ayuthiswar S 
ECONOMICS,UG,Shift 1,Dr. K.A. Michael,Foreign Exchange Market,25UEC24SL01,25UEC106 ,Durga Bala K 
ECONOMICS,UG,Shift 1,Dr. K.A. Michael,Foreign Exchange Market,25UEC24SL01,25UEC107 ,Vinothani V 
ECONOMICS,UG,Shift 1,Dr. K.A. Michael,Foreign Exchange Market,25UEC24SL01,25UEC109 ,Jerlin I 
ECONOMICS,UG,Shift 1,Dr. K.A. Michael,Foreign Exchange Market,25UEC24SL01,25UEC110 ,Srivarshan R 
ECONOMICS,UG,Shift 1,Dr. K.A. Michael,Foreign Exchange Market,25UEC24SL01,25UEC111 ,Kesavan M 
ECONOMICS,UG,Shift 1,Dr. K.A. Michael,Foreign Exchange Market,25UEC24SL01,25UEC113 ,Vigneshwaram D 
ECONOMICS,UG,Shift 1,Dr. K.A. Michael,Foreign Exchange Market,25UEC24SL01,25UEC114 ,Kavinraj C 
ECONOMICS,UG,Shift 1,Dr. K.A. Michael,Foreign Exchange Market,25UEC24SL01,25UEC115 ,Dinesh M 
ECONOMICS,UG,Shift 1,Dr. K.A. Michael,Foreign Exchange Market,25UEC24SL01,25UEC116 ,Victor J 
ECONOMICS,UG,Shift 1,Dr. K.A. Michael,Foreign Exchange Market,25UEC24SL01,25UEC120 ,Logesh A 
ECONOMICS,UG,Shift 1,Dr. K.A. Michael,Foreign Exchange Market,25UEC24SL01,25UEC122 ,Kishan M 
ECONOMICS,UG,Shift 1,Dr. K.A. Michael,Foreign Exchange Market,25UEC24SL01,25UEC123 ,Swetha K 
ECONOMICS,UG,Shift 1,Dr. K.A. Michael,Foreign Exchange Market,25UEC24SL01,25UEC125 ,Bala M 
ECONOMICS,UG,Shift 1,Dr. K.A. Michael,Foreign Exchange Market,25UEC24SL01,25UEC126 ,Benit Infant A 
ECONOMICS,UG,Shift 1,Dr. K.A. Michael,Foreign Exchange Market,25UEC24SL01,25UEC128 ,Rebiya Dharani A 
ECONOMICS,UG,Shift 1,Dr. K.A. Michael,Foreign Exchange Market,25UEC24SL01,25UEC129 ,Mariya Robert M 
ECONOMICS,UG,Shift 1,Dr. K.A. Michael,Foreign Exchange Market,25UEC24SL01,25UEC130 ,Vasanthakumar M 
ECONOMICS,UG,Shift 1,Dr. K.A. Michael,Foreign Exchange Market,25UEC24SL01,25UEC132 ,Gowsikaran G 
ECONOMICS,UG,Shift 1,Dr. K.A. Michael,Foreign Exchange Market,25UEC24SL01,25UEC133 ,Pakkiyalakahmi R 
ECONOMICS,UG,Shift 1,Dr. K.A. Michael,Foreign Exchange Market,25UEC24SL01,25UEC135 ,Rithick Roshan P 
ECONOMICS,UG,Shift 1,Dr. K.A. Michael,Foreign Exchange Market,25UEC24SL01,25UEC137 ,Meega Ivanjalin Y 
ECONOMICS,UG,Shift 1,Dr. K.A. Michael,Foreign Exchange Market,25UEC24SL01,25UEC138 ,Livingston W 
ECONOMICS,UG,Shift 1,Dr. K.A. Michael,Foreign Exchange Market,25UEC24SL01,25UEC139 ,Deva Senathipathy R 
ECONOMICS,UG,Shift 1,Dr. K.A. Michael,Foreign Exchange Market,25UEC24SL01,25UEC142 ,Thiru Arul G P 
ECONOMICS,UG,Shift 1,Dr. K.A. Michael,Foreign Exchange Market,25UEC24SL01,25UEC144 ,Sridurgha B 
ECONOMICS,UG,Shift 1,Dr. K.A. Michael,Foreign Exchange Market,25UEC24SL01,25UEC145 ,Arul Milton L 
ECONOMICS,UG,Shift 1,Dr. K.A. Michael,Foreign Exchange Market,25UEC24SL01,25UEC146 ,Pugazhenthi V 
ECONOMICS,UG,Shift 1,Dr. K.A. Michael,Foreign Exchange Market,25UEC24SL01,25UEC147 ,Srinithi M 
ECONOMICS,UG,Shift 1,Dr. K.A. Michael,Foreign Exchange Market,25UEC24SL01,25UEC148 ,Kumaran S 
ECONOMICS,UG,Shift 1,Dr. K.A. Michael,Foreign Exchange Market,25UEC24SL01,25UEC149 ,Gawtham Jose D 
ECONOMICS,UG,Shift 1,Dr. K.A. Michael,Foreign Exchange Market,25UEC24SL01,25UEC150 ,Yuvaraj S 
ECONOMICS,UG,Shift 1,Dr. K.A. Michael,Foreign Exchange Market,25UEC24SL01,25UEC152 ,N Vaishnavi 
ECONOMICS,UG,Shift 1,Dr. K.A. Michael,Foreign Exchange Market,25UEC24SL01,25UEC155 ,Mark Vishal V 
ECONOMICS,UG,Shift 1,Dr. K.A. Michael,Foreign Exchange Market,25UEC24SL01,25UEC156 ,Naveen M 
ECONOMICS,UG,Shift 1,Dr. K.A. Michael,Foreign Exchange Market,25UEC24SL01,25UEC157 ,Abinesh A 
ECONOMICS,UG,Shift 1,Dr. K.A. Michael,Foreign Exchange Market,25UEC24SL01,25UEC158 ,R Kavitha 
ECONOMICS,UG,Shift 1,Dr. K.A. Michael,Foreign Exchange Market,25UEC24SL01,25UEC163 ,Bharath P 
ECONOMICS,UG,Shift 1,Dr. K.A. Michael,Foreign Exchange Market,25UEC24SL01,25UEC164 ,Pavulraj A 
ECONOMICS,UG,Shift 1,Dr. K.A. Michael,Foreign Exchange Market,25UEC24SL01,25UEC165 ,Letchumipadi J 
ECONOMICS,UG,Shift 1,Dr. K.A. Michael,Foreign Exchange Market,25UEC24SL01,25UEC167 ,Rabin Clement Raj P 
ECONOMICS,UG,Shift 1,Dr. K.A. Michael,Foreign Exchange Market,25UEC24SL01,25UEC168 ,Nagothu Yaswanthraju 
ECONOMICS,UG,Shift 1,Dr. K.A. Michael,Foreign Exchange Market,25UEC24SL01,25UEC169 ,Sachin Boliarsingh 
ECONOMICS,UG,Shift 1,Dr. K.A. Michael,Foreign Exchange Market,25UEC24SL01,25UEC170 ,Srinandhini P 
ECONOMICS,UG,Shift 1,Dr. K.A. Michael,Foreign Exchange Market,25UEC24SL01,25UEC171 ,Hariharan D 
ECONOMICS,PG,Shift 1,Dr. S.P. Robert,Introduction to Economic Growth - I,25PEC2SL02,25PEC101,RENALDY GRACIA R
ECONOMICS,PG,Shift 1,Dr. S.P. Robert,Introduction to Economic Growth - I,25PEC2SL02,25PEC103,LAKSHANA S
ECONOMICS,PG,Shift 1,Dr. S.P. Robert,Introduction to Economic Growth - I,25PEC2SL02,25PEC106,VAISHNAVI M
ELECTRONICS,UG,Shift 2,Mr. V. Victorremy,Digital Electronics,25UEL24SL01,25UEL501,RAJESH KANNA S
ELECTRONICS,UG,Shift 2,Mr. V. Victorremy,Digital Electronics,25UEL24SL01,25UEL503,RAGURAM D
ELECTRONICS,UG,Shift 2,Mr. V. Victorremy,Digital Electronics,25UEL24SL01,25UEL504,MOHAMED SHAJJATH M
ELECTRONICS,UG,Shift 2,Mr. V. Victorremy,Digital Electronics,25UEL24SL01,25UEL505,ABISHEK L
ELECTRONICS,UG,Shift 2,Mr. V. Victorremy,Digital Electronics,25UEL24SL01,25UEL506,VINOTH V
ELECTRONICS,UG,Shift 2,Mr. V. Victorremy,Digital Electronics,25UEL24SL01,25UEL507,VIGNESH D
ELECTRONICS,UG,Shift 2,Mr. V. Victorremy,Digital Electronics,25UEL24SL01,25UEL508,DALIN SELVA F
ELECTRONICS,UG,Shift 2,Mr. V. Victorremy,Digital Electronics,25UEL24SL01,25UEL511,JAGAPRIYAN S
ELECTRONICS,UG,Shift 2,Mr. V. Victorremy,Digital Electronics,25UEL24SL01,25UEL512,KABILAN C
ELECTRONICS,UG,Shift 2,Mr. V. Victorremy,Digital Electronics,25UEL24SL01,25UEL513,MOHAMED HUKKKIM DOCTOR R
ELECTRONICS,UG,Shift 2,Mr. V. Victorremy,Digital Electronics,25UEL24SL01,25UEL514,BALACHANDRAN M
ELECTRONICS,UG,Shift 2,Mr. V. Victorremy,Digital Electronics,25UEL24SL01,25UEL515,GUHAN S K
ELECTRONICS,UG,Shift 2,Mr. V. Victorremy,Digital Electronics,25UEL24SL01,25UEL516,JEEVAN JOSHUA A S
ELECTRONICS,UG,Shift 2,Mr. V. Victorremy,Digital Electronics,25UEL24SL01,25UEL517,DARSHAN A
ELECTRONICS,UG,Shift 2,Mr. V. Victorremy,Digital Electronics,25UEL24SL01,25UEL519,ABINESHWARAN R
ELECTRONICS,UG,Shift 2,Mr. V. Victorremy,Digital Electronics,25UEL24SL01,25UEL520,VIJAYAKRISHNA G
ELECTRONICS,UG,Shift 2,Mr. V. Victorremy,Digital Electronics,25UEL24SL01,25UEL526,KANNAN P
ELECTRONICS,UG,Shift 2,Mr. V. Victorremy,Digital Electronics,25UEL24SL01,25UEL527,ALWIN JULIAN A
ELECTRONICS,UG,Shift 2,Mr. V. Victorremy,Digital Electronics,25UEL24SL01,25UEL529,NITHIN VARSHAN S
ELECTRONICS,UG,Shift 2,Mr. V. Victorremy,Digital Electronics,25UEL24SL01,25UEL530,SUHAS A
ELECTRONICS,UG,Shift 2,Mr. V. Victorremy,Digital Electronics,25UEL24SL01,25UEL533,RUBAN M
ELECTRONICS,UG,Shift 2,Mr. V. Victorremy,Digital Electronics,25UEL24SL01,25UEL534,JISOL
ELECTRONICS,UG,Shift 2,Mr. V. Victorremy,Digital Electronics,25UEL24SL01,25UEL535,HATUNGIMANA ARNAUD
ENGLISH,UG,Shift 2,Mr.I.Christhuraj,Understanding Shakespearean Drama: Tragedy and Comedy,25UEN24SL01,25UEN501,YOGESHWARI J
ENGLISH,UG,Shift 2,Mr.I.Christhuraj,Understanding Shakespearean Drama: Tragedy and Comedy,25UEN24SL01,25UEN502,VARUN M M
ENGLISH,UG,Shift 2,Mr.I.Christhuraj,Understanding Shakespearean Drama: Tragedy and Comedy,25UEN24SL01,25UEN503,GOERGE WILSON A
ENGLISH,UG,Shift 2,Mr.I.Christhuraj,Understanding Shakespearean Drama: Tragedy and Comedy,25UEN24SL01,25UEN510,UTHAYA VALLAVAN R
ENGLISH,UG,Shift 2,Mr.I.Christhuraj,Understanding Shakespearean Drama: Tragedy and Comedy,25UEN24SL01,25UEN512,DEEPTHI G R
ENGLISH,UG,Shift 2,Mr.I.Christhuraj,Understanding Shakespearean Drama: Tragedy and Comedy,25UEN24SL01,25UEN514,DHARSHAN A
ENGLISH,UG,Shift 2,Mr.I.Christhuraj,Understanding Shakespearean Drama: Tragedy and Comedy,25UEN24SL01,25UEN516,VINOTH S
ENGLISH,UG,Shift 2,Mr.I.Christhuraj,Understanding Shakespearean Drama: Tragedy and Comedy,25UEN24SL01,25UEN524,DHANALAKSHMI MONISRI K
ENGLISH,UG,Shift 2,Mr.I.Christhuraj,Understanding Shakespearean Drama: Tragedy and Comedy,25UEN24SL01,25UEN531,BAVISHMATHI K
ENGLISH,UG,Shift 2,Mr.I.Christhuraj,Understanding Shakespearean Drama: Tragedy and Comedy,25UEN24SL01,25UEN533,TAN SHANDY P
ENGLISH,UG,Shift 2,Mr.I.Christhuraj,Understanding Shakespearean Drama: Tragedy and Comedy,25UEN24SL01,25UEN535,DEEPAK N
ENGLISH,UG,Shift 2,Mr.I.Christhuraj,Understanding Shakespearean Drama: Tragedy and Comedy,25UEN24SL01,25UEN536,PRIYANKA M
ENGLISH,UG,Shift 2,Mr.I.Christhuraj,Understanding Shakespearean Drama: Tragedy and Comedy,25UEN24SL01,25UEN537,JACKSON ABRAHAM G
ENGLISH,UG,Shift 2,Mr.I.Christhuraj,Understanding Shakespearean Drama: Tragedy and Comedy,25UEN24SL01,25UEN540,DAVID JASVA J
ENGLISH,UG,Shift 2,Mr.I.Christhuraj,Understanding Shakespearean Drama: Tragedy and Comedy,25UEN24SL01,25UEN542,PRAVEEN KUMAR B
ENGLISH,UG,Shift 2,Mr.I.Christhuraj,Understanding Shakespearean Drama: Tragedy and Comedy,25UEN24SL01,25UEN543,MATHIKARAN PANDIAN M
ENGLISH,UG,Shift 2,Mr.I.Christhuraj,Understanding Shakespearean Drama: Tragedy and Comedy,25UEN24SL01,25UEN550,ANTO REX ARO S
ENGLISH,UG,Shift 1,Dr. J. Amalaveenus ,English Communication Skills,25UEN24SL01,25UEN102,Justin Leo P
ENGLISH,UG,Shift 1,Dr. J. Amalaveenus ,English Communication Skills,25UEN24SL01,25UEN107,HariHara Sudhan. S
ENGLISH,UG,Shift 1,Dr. J. Amalaveenus ,English Communication Skills,25UEN24SL01,25UEN110,Aloysius M
ENGLISH,UG,Shift 1,Dr. J. Amalaveenus ,English Communication Skills,25UEN24SL01,25UEN111,Herman Joseph. A
ENGLISH,UG,Shift 1,Dr. J. Amalaveenus ,English Communication Skills,25UEN24SL01,25UEN112,Yovan. G
ENGLISH,UG,Shift 1,Dr. J. Amalaveenus ,English Communication Skills,25UEN24SL01,25UEN113,Akash S
ENGLISH,UG,Shift 1,Dr. J. Amalaveenus ,English Communication Skills,25UEN24SL01,25UEN118,Sampriyan K
ENGLISH,UG,Shift 1,Dr. J. Amalaveenus ,English Communication Skills,25UEN24SL01,25UEN123,Santhosh Rajapriyan J
ENGLISH,UG,Shift 1,Dr. J. Amalaveenus ,English Communication Skills,25UEN24SL01,25UEN124,Rahamathulla . S
ENGLISH,UG,Shift 1,Dr. J. Amalaveenus ,English Communication Skills,25UEN24SL01,25UEN127,Praful Toppo
ENGLISH,UG,Shift 1,Dr. J. Amalaveenus ,English Communication Skills,25UEN24SL01,25UEN128,Madhan N
ENGLISH,UG,Shift 1,Dr. J. Amalaveenus ,English Communication Skills,25UEN24SL01,25UEN130,Sivamani Bharathi. V
ENGLISH,UG,Shift 1,Dr. J. Amalaveenus ,English Communication Skills,25UEN24SL01,25UEN131,Glittas. S
ENGLISH,UG,Shift 1,Dr. J. Amalaveenus ,English Communication Skills,25UEN24SL01,25UEN133,Sam Mervyn A
ENGLISH,UG,Shift 1,Dr. J. Amalaveenus ,English Communication Skills,25UEN24SL01,25UEN134,Mariya Bhilavendra Raja Y
ENGLISH,UG,Shift 1,Dr. J. Amalaveenus ,English Communication Skills,25UEN24SL01,25UEN135,Uthama Arasan S
ENGLISH,UG,Shift 1,Dr. J. Amalaveenus ,English Communication Skills,25UEN24SL01,25UEN136,Anto Patrick J
ENGLISH,UG,Shift 1,Dr. J. Amalaveenus ,English Communication Skills,25UEN24SL01,25UEN140,Keerthivasan S
ENGLISH,UG,Shift 1,Dr. J. Amalaveenus ,English Communication Skills,25UEN24SL01,25UEN142,Arockia Ringesh R
ENGLISH,UG,Shift 1,Dr. J. Amalaveenus ,English Communication Skills,25UEN24SL01,25UEN143,Sasiyugesh. S
ENGLISH,UG,Shift 1,Dr. J. Amalaveenus ,English Communication Skills,25UEN24SL01,25UEN147,Mohammed Ashick N
ENGLISH,UG,Shift 1,Dr. J. Amalaveenus ,English Communication Skills,25UEN24SL01,25UEN148,Vishnu. S
ENGLISH,UG,Shift 1,Dr. J. Amalaveenus ,English Communication Skills,25UEN24SL01,25UEN153,Rithik. A
ENGLISH,UG,Shift 1,Dr. J. Amalaveenus ,English Communication Skills,25UEN24SL01,25UEN154,Mohana Kannan G
ENGLISH,UG,Shift 1,Dr. J. Amalaveenus ,English Communication Skills,25UEN24SL01,25UEN158,Lokeshwaran K
ENGLISH,UG,Shift 1,Dr. J. Amalaveenus ,English Communication Skills,25UEN24SL01,25UEN159,Girinath G
ENGLISH,UG,Shift 1,Dr. J. Amalaveenus ,English Communication Skills,25UEN24SL01,25UEN160,Pradeep. J
ENGLISH,UG,Shift 1,Dr. J. Amalaveenus ,English Communication Skills,25UEN24SL01,25UEN164,Shailesh Khan. S
ENGLISH,UG,Shift 1,Dr. J. Amalaveenus ,English Communication Skills,25UEN24SL01,25UEN165,Kakarla Anthony Rohan
ENGLISH,UG,Shift 1,Dr. J. Amalaveenus ,English Communication Skills,25UEN24SL01,25UEN166,Yashwanth. CH
ENGLISH,PG,Shift 1,Dr. J.AMALA VEENUS,English Communication Skills,25PEN2SL02,25PEN102,KLENCY J
ENGLISH,PG,Shift 1,Dr. J.AMALA VEENUS,English Communication Skills,25PEN2SL02,25PEN103,ANDREW SAM GROGRE
ENGLISH,PG,Shift 1,Dr. J.AMALA VEENUS,English Communication Skills,25PEN2SL02,25PEN109,KANAGARAJ
ENGLISH,PG,Shift 1,Dr. J.AMALA VEENUS,English Communication Skills,25PEN2SL02,25PEN116,HARDY HERMES
ENGLISH,PG,Shift 1,Dr. J.AMALA VEENUS,English Communication Skills,25PEN2SL02,25PEN130,SUNDARESWARAN
ENGLISH,PG,Shift 1,Dr. J.AMALA VEENUS,English Communication Skills,25PEN2SL02,25PEN131,YESUDOSS A
ENGLISH,PG,Shift 1,Dr. J.AMALA VEENUS,English Communication Skills,25PEN2SL02,25PEN139,JAYAN CHRISTOPER RAJ
ENGLISH,PG,Shift 1,Dr. J.AMALA VEENUS,English Communication Skills,25PEN2SL02,25PEN140,THEEBANRAJA
HISTORY,UG,Shift 1,Mr. AMARNATH A,History of India - VI (C.1750-1857),25UHS24SL01,25UHS101,DEEPA SRI. S
HISTORY,UG,Shift 1,Mr. AMARNATH A,History of India - VI (C.1750-1857),25UHS24SL01,25UHS103,SHERINA PARVEEN. S
HISTORY,UG,Shift 1,Mr. AMARNATH A,History of India - VI (C.1750-1857),25UHS24SL01,25UHS106,SUGASH SERWIN. P
HISTORY,UG,Shift 1,Mr. AMARNATH A,History of India - VI (C.1750-1857),25UHS24SL01,25UHS109,ABDUL REHMAN. F
HISTORY,UG,Shift 1,Mr. AMARNATH A,History of India - VI (C.1750-1857),25UHS24SL01,25UHS113,RAGAVAN. M
HISTORY,UG,Shift 1,Mr. AMARNATH A,History of India - VI (C.1750-1857),25UHS24SL01,25UHS115,THIYA GAYATHRI. P
HISTORY,UG,Shift 1,Mr. AMARNATH A,History of India - VI (C.1750-1857),25UHS24SL01,25UHS118,YAKKOB. A
HISTORY,UG,Shift 1,Mr. AMARNATH A,History of India - VI (C.1750-1857),25UHS24SL01,25UHS121,AMUDHAVAN. C
HISTORY,UG,Shift 1,Mr. AMARNATH A,History of India - VI (C.1750-1857),25UHS24SL01,25UHS123,BALASUBRAMANI. M
HISTORY,UG,Shift 1,Mr. AMARNATH A,History of India - VI (C.1750-1857),25UHS24SL01,25UHS125,NESAMANI. M
HISTORY,UG,Shift 1,Mr. AMARNATH A,History of India - VI (C.1750-1857),25UHS24SL01,25UHS128,MANIKANDAN. S
HISTORY,UG,Shift 1,Mr. AMARNATH A,History of India - VI (C.1750-1857),25UHS24SL01,25UHS134,STEPHEN AROCKIYAM. A
HISTORY,UG,Shift 1,Mr. AMARNATH A,History of India - VI (C.1750-1857),25UHS24SL01,25UHS140,SANGEETHA DEVI
HISTORY,UG,Shift 1,Mr. AMARNATH A,History of India - VI (C.1750-1857),25UHS24SL01,25UHS141,KALAIVANI. S
HISTORY,UG,Shift 1,Mr. AMARNATH A,History of India - VI (C.1750-1857),25UHS24SL01,25UHS142,PARTHA SARATHI. V
HISTORY,UG,Shift 1,Mr. AMARNATH A,History of India - VI (C.1750-1857),25UHS24SL01,25UHS143,KAVIN. G
HISTORY,UG,Shift 1,Mr. AMARNATH A,History of India - VI (C.1750-1857),25UHS24SL01,25UHS145,RAGUNATHAN. D
HISTORY,UG,Shift 1,Mr. AMARNATH A,History of India - VI (C.1750-1857),25UHS24SL01,25UHS146,JEEVANATH. S
HISTORY,UG,Shift 1,Mr. AMARNATH A,History of India - VI (C.1750-1857),25UHS24SL01,25UHS150,GUNA SEKARAN. M
HISTORY,UG,Shift 1,Mr. AMARNATH A,History of India - VI (C.1750-1857),25UHS24SL01,25UHS152,SHARMI. D
HISTORY,UG,Shift 1,Mr. AMARNATH A,History of India - VI (C.1750-1857),25UHS24SL01,25UHS158,AJAY RAJAN. PH
HISTORY,UG,Shift 1,Mr. AMARNATH A,History of India - VI (C.1750-1857),25UHS24SL01,25UHS161,SEBASTIN HEBSIPA. A
HISTORY,UG,Shift 1,Mr. AMARNATH A,History of India - VI (C.1750-1857),25UHS24SL01,25UHS162,DEVADHARSHINI. R
HUMAN RESOURCE MANAGEMENT,PG,Shift 1,Ms. C. Annie Jane,Guidance and Counselling,25PHR2SL02,25PHR138,T GOKUL KUMAR
HUMAN RESOURCE MANAGEMENT,PG,Shift 1,Ms. C. Annie Jane,Guidance and Counselling,25PHR2SL02,25PHR122,A PRAVEEN RAJ
HUMAN RESOURCE MANAGEMENT,PG,Shift 1,Ms. C. Annie Jane,Guidance and Counselling,25PHR2SL02,25PHR109,P SUSHIL KUMAR
HUMAN RESOURCE MANAGEMENT,PG,Shift 1,Ms. C. Annie Jane,Guidance and Counselling,25PHR2SL02,25PHR108,S RUBAN RAJ
HUMAN RESOURCE MANAGEMENT,PG,Shift 1,Ms. C. Annie Jane,Guidance and Counselling,25PHR2SL02,25PHR120,L PREM KUMAR
HUMAN RESOURCE MANAGEMENT,PG,Shift 1,Ms. C. Annie Jane,Guidance and Counselling,25PHR2SL02,25PHR119,A KARUNAYA
HUMAN RESOURCE MANAGEMENT,PG,Shift 2,Ms. C. Annie Jane,Guidance and Counselling,25PHR2SL02,25PHR801,ABISHA D
HUMAN RESOURCE MANAGEMENT,PG,Shift 2,Ms. C. Annie Jane,Guidance and Counselling,25PHR2SL02,25PHR805,SHARUNAYA S
HUMAN RESOURCE MANAGEMENT,PG,Shift 2,Ms. C. Annie Jane,Guidance and Counselling,25PHR2SL02,25PHR812,KARUPPAIYA V
HUMAN RESOURCE MANAGEMENT,PG,Shift 2,Ms. C. Annie Jane,Guidance and Counselling,25PHR2SL02,25PHR815,ARISNY R
HUMAN RESOURCE MANAGEMENT,PG,Shift 2,Ms. C. Annie Jane,Guidance and Counselling,25PHR2SL02,25PHR819,NANDHITHA M
HUMAN RESOURCE MANAGEMENT,PG,Shift 2,Ms. C. Annie Jane,Guidance and Counselling,25PHR2SL02,25PHR820,GOWTHAM K
HUMAN RESOURCE MANAGEMENT,PG,Shift 2,Ms. C. Annie Jane,Guidance and Counselling,25PHR2SL02,25PHR821,PRATHEEPA K
HUMAN RESOURCE MANAGEMENT,PG,Shift 2,Ms. C. Annie Jane,Guidance and Counselling,25PHR2SL02,25PHR824,JOYAL M
HUMAN RESOURCE MANAGEMENT,PG,Shift 2,Ms. C. Annie Jane,Guidance and Counselling,25PHR2SL02,25PHR830,MICHAEL L
HUMAN RESOURCE MANAGEMENT,PG,Shift 2,Ms. C. Annie Jane,Guidance and Counselling,25PHR2SL02,25PHR831,GUGAN P
INFORMATION TECHNOLOGY,UG,Shift 2,Dr. C. VENISH RAJA,Software Conceptual Design,25UBC24SL01,25UBC501,JOE STEPHEN THAMBU L
INFORMATION TECHNOLOGY,UG,Shift 2,Dr. C. VENISH RAJA,Software Conceptual Design,25UBC24SL01,25UBC502,STANLY SANTHOSH J
INFORMATION TECHNOLOGY,UG,Shift 2,Dr. C. VENISH RAJA,Software Conceptual Design,25UBC24SL01,25UBC503,SYED FARIS N
INFORMATION TECHNOLOGY,UG,Shift 2,Dr. C. VENISH RAJA,Software Conceptual Design,25UBC24SL01,25UBC504,AJAY A
INFORMATION TECHNOLOGY,UG,Shift 2,Dr. C. VENISH RAJA,Software Conceptual Design,25UBC24SL01,25UBC505,SETHUPATHI K
INFORMATION TECHNOLOGY,UG,Shift 2,Dr. C. VENISH RAJA,Software Conceptual Design,25UBC24SL01,25UBC506,DANISH CHRISTOWIN R
INFORMATION TECHNOLOGY,UG,Shift 2,Dr. C. VENISH RAJA,Software Conceptual Design,25UBC24SL01,25UBC507,LINGESHWARAN M
INFORMATION TECHNOLOGY,UG,Shift 2,Dr. C. VENISH RAJA,Software Conceptual Design,25UBC24SL01,25UBC508,AKASH R
INFORMATION TECHNOLOGY,UG,Shift 2,Dr. C. VENISH RAJA,Software Conceptual Design,25UBC24SL01,25UBC509,MARIA SATHISH M
INFORMATION TECHNOLOGY,UG,Shift 2,Dr. C. VENISH RAJA,Software Conceptual Design,25UBC24SL01,25UBC511,JERMIORISON J
INFORMATION TECHNOLOGY,UG,Shift 2,Dr. C. VENISH RAJA,Software Conceptual Design,25UBC24SL01,25UBC513,AMUL RAJ A
INFORMATION TECHNOLOGY,UG,Shift 2,Dr. C. VENISH RAJA,Software Conceptual Design,25UBC24SL01,25UBC514,DENNIS V
INFORMATION TECHNOLOGY,UG,Shift 2,Dr. C. VENISH RAJA,Software Conceptual Design,25UBC24SL01,25UBC515,PRAVIN RAJ K
INFORMATION TECHNOLOGY,UG,Shift 2,Dr. C. VENISH RAJA,Software Conceptual Design,25UBC24SL01,25UBC516,JAYASURYA R
INFORMATION TECHNOLOGY,UG,Shift 2,Dr. C. VENISH RAJA,Software Conceptual Design,25UBC24SL01,25UBC517,GURUPRASATH R
INFORMATION TECHNOLOGY,UG,Shift 2,Dr. C. VENISH RAJA,Software Conceptual Design,25UBC24SL01,25UBC518,NIVIN RAJ E
INFORMATION TECHNOLOGY,UG,Shift 2,Dr. C. VENISH RAJA,Software Conceptual Design,25UBC24SL01,25UBC519,ASWIN D
INFORMATION TECHNOLOGY,UG,Shift 2,Dr. C. VENISH RAJA,Software Conceptual Design,25UBC24SL01,25UBC520,DEVARAJ E
INFORMATION TECHNOLOGY,UG,Shift 2,Dr. C. VENISH RAJA,Software Conceptual Design,25UBC24SL01,25UBC521,SAGAYAJOHNSAN A
INFORMATION TECHNOLOGY,UG,Shift 2,Dr. C. VENISH RAJA,Software Conceptual Design,25UBC24SL01,25UBC522,ANTONY ARISTO S
INFORMATION TECHNOLOGY,UG,Shift 2,Dr. C. VENISH RAJA,Software Conceptual Design,25UBC24SL01,25UBC523,SHANMUGAVEL P
INFORMATION TECHNOLOGY,UG,Shift 2,Dr. C. VENISH RAJA,Software Conceptual Design,25UBC24SL01,25UBC524,ARIHARAN P
INFORMATION TECHNOLOGY,UG,Shift 2,Dr. C. VENISH RAJA,Software Conceptual Design,25UBC24SL01,25UBC525,DHIYANESHWARAN S
INFORMATION TECHNOLOGY,UG,Shift 2,Dr. C. VENISH RAJA,Software Conceptual Design,25UBC24SL01,25UBC526,DARVIN CHARLES S
INFORMATION TECHNOLOGY,UG,Shift 2,Dr. C. VENISH RAJA,Software Conceptual Design,25UBC24SL01,25UBC527,AYYAR M
INFORMATION TECHNOLOGY,UG,Shift 2,Dr. C. VENISH RAJA,Software Conceptual Design,25UBC24SL01,25UBC528,GOKUL N
INFORMATION TECHNOLOGY,UG,Shift 2,Dr. C. VENISH RAJA,Software Conceptual Design,25UBC24SL01,25UBC529,HARIPRAKASH K S
INFORMATION TECHNOLOGY,UG,Shift 2,Dr. C. VENISH RAJA,Software Conceptual Design,25UBC24SL01,25UBC530,ANDRO A
INFORMATION TECHNOLOGY,UG,Shift 2,Dr. C. VENISH RAJA,Software Conceptual Design,25UBC24SL01,25UBC531,ABIYUTH S
INFORMATION TECHNOLOGY,UG,Shift 2,Dr. C. VENISH RAJA,Software Conceptual Design,25UBC24SL01,25UBC532,SAM ANTONI C
INFORMATION TECHNOLOGY,UG,Shift 2,Dr. C. VENISH RAJA,Software Conceptual Design,25UBC24SL01,25UBC533,NITHISHWAR VP
INFORMATION TECHNOLOGY,UG,Shift 2,Dr. C. VENISH RAJA,Software Conceptual Design,25UBC24SL01,25UBC534,HARI PRASATH S
INFORMATION TECHNOLOGY,UG,Shift 2,Dr. C. VENISH RAJA,Software Conceptual Design,25UBC24SL01,25UBC535,SUJAN G
INFORMATION TECHNOLOGY,UG,Shift 2,Dr. C. VENISH RAJA,Software Conceptual Design,25UBC24SL01,25UBC536,JAISON SANTHOSH A
INFORMATION TECHNOLOGY,UG,Shift 2,Dr. C. VENISH RAJA,Software Conceptual Design,25UBC24SL01,25UBC537,ROHAN XAVIER A
INFORMATION TECHNOLOGY,UG,Shift 2,Dr. C. VENISH RAJA,Software Conceptual Design,25UBC24SL01,25UBC538,R ABISHEK R
INFORMATION TECHNOLOGY,UG,Shift 2,Dr. C. VENISH RAJA,Software Conceptual Design,25UBC24SL01,25UBC539,GURUDHEV H
INFORMATION TECHNOLOGY,UG,Shift 2,Dr. C. VENISH RAJA,Software Conceptual Design,25UBC24SL01,25UBC540,RABINSAN A
INFORMATION TECHNOLOGY,UG,Shift 2,Dr. C. VENISH RAJA,Software Conceptual Design,25UBC24SL01,25UBC541,CYRIL AKASH X
INFORMATION TECHNOLOGY,UG,Shift 2,Dr. C. VENISH RAJA,Software Conceptual Design,25UBC24SL01,25UBC542,ARISH P
INFORMATION TECHNOLOGY,UG,Shift 2,Dr. C. VENISH RAJA,Software Conceptual Design,25UBC24SL01,25UBC544,KISHORE M
INFORMATION TECHNOLOGY,UG,Shift 2,Dr. C. VENISH RAJA,Software Conceptual Design,25UBC24SL01,25UBC545,NIJONE GABRIEL L
INFORMATION TECHNOLOGY,UG,Shift 2,Dr. C. VENISH RAJA,Software Conceptual Design,25UBC24SL01,25UBC548,YUVAN SANKAR S
INFORMATION TECHNOLOGY,UG,Shift 2,Dr. C. VENISH RAJA,Software Conceptual Design,25UBC24SL01,25UBC549,PRAGATHEESWARAN S
INFORMATION TECHNOLOGY,UG,Shift 2,Dr. C. VENISH RAJA,Software Conceptual Design,25UBC24SL01,25UBC550,PROMOTH V
INFORMATION TECHNOLOGY,UG,Shift 2,Dr. C. VENISH RAJA,Software Conceptual Design,25UBC24SL01,25UBC551,DOMINIC WILFER T
INFORMATION TECHNOLOGY,UG,Shift 2,Dr. C. VENISH RAJA,Software Conceptual Design,25UBC24SL01,25UBC554,JAFRIN MICHEAL RAJ S
INFORMATION TECHNOLOGY,UG,Shift 2,Dr. C. VENISH RAJA,Software Conceptual Design,25UBC24SL01,25UBC555,DAN ARNALD K
INFORMATION TECHNOLOGY,UG,Shift 2,Dr. C. VENISH RAJA,Software Conceptual Design,25UBC24SL01,25UBC556,ALEX EDWIN J
INFORMATION TECHNOLOGY,UG,Shift 2,Dr. C. VENISH RAJA,Software Conceptual Design,25UBC24SL01,25UBC557,ABISHEK A
INFORMATION TECHNOLOGY,UG,Shift 2,Dr. C. VENISH RAJA,Software Conceptual Design,25UBC24SL01,25UBC558,MATTHEW RICHARD A
INFORMATION TECHNOLOGY,UG,Shift 2,Dr. C. VENISH RAJA,Software Conceptual Design,25UBC24SL01,25UBC559,AJAY PAUL A
INFORMATION TECHNOLOGY,UG,Shift 2,Dr. C. VENISH RAJA,Software Conceptual Design,25UBC24SL01,25UBC560,SHANKESSH SR
INFORMATION TECHNOLOGY,UG,Shift 2,Dr. C. VENISH RAJA,Software Conceptual Design,25UBC24SL01,25UBC561,KISHORE P
INFORMATION TECHNOLOGY,UG,Shift 2,Dr. C. VENISH RAJA,Software Conceptual Design,25UBC24SL01,25UBC563,DHARSHAN V
INFORMATION TECHNOLOGY,UG,Shift 2,Dr. C. VENISH RAJA,Software Conceptual Design,25UBC24SL01,25UBC601,Andrewdaniel.J
INFORMATION TECHNOLOGY,UG,Shift 2,Dr. C. VENISH RAJA,Software Conceptual Design,25UBC24SL01,25UBC602,Sidharthan V
INFORMATION TECHNOLOGY,UG,Shift 2,Dr. C. VENISH RAJA,Software Conceptual Design,25UBC24SL01,25UBC603,Marudhanaayagam M.B
INFORMATION TECHNOLOGY,UG,Shift 2,Dr. C. VENISH RAJA,Software Conceptual Design,25UBC24SL01,25UBC604,Prabakaran A
INFORMATION TECHNOLOGY,UG,Shift 2,Dr. C. VENISH RAJA,Software Conceptual Design,25UBC24SL01,25UBC605,Yuvaraj S
INFORMATION TECHNOLOGY,UG,Shift 2,Dr. C. VENISH RAJA,Software Conceptual Design,25UBC24SL01,25UBC606,Aro Runish R S
INFORMATION TECHNOLOGY,UG,Shift 2,Dr. C. VENISH RAJA,Software Conceptual Design,25UBC24SL01,25UBC607,Sheik Mohamed Shajid J
INFORMATION TECHNOLOGY,UG,Shift 2,Dr. C. VENISH RAJA,Software Conceptual Design,25UBC24SL01,25UBC608,Bupathi S
INFORMATION TECHNOLOGY,UG,Shift 2,Dr. C. VENISH RAJA,Software Conceptual Design,25UBC24SL01,25UBC609,Rajesh C
INFORMATION TECHNOLOGY,UG,Shift 2,Dr. C. VENISH RAJA,Software Conceptual Design,25UBC24SL01,25UBC610,Edwin Jesmen Raj C
INFORMATION TECHNOLOGY,UG,Shift 2,Dr. C. VENISH RAJA,Software Conceptual Design,25UBC24SL01,25UBC611,Yuvaraj M
INFORMATION TECHNOLOGY,UG,Shift 2,Dr. C. VENISH RAJA,Software Conceptual Design,25UBC24SL01,25UBC612,Sahaya Vibinesh M
INFORMATION TECHNOLOGY,UG,Shift 2,Dr. C. VENISH RAJA,Software Conceptual Design,25UBC24SL01,25UBC613,Rishi N
INFORMATION TECHNOLOGY,UG,Shift 2,Dr. C. VENISH RAJA,Software Conceptual Design,25UBC24SL01,25UBC614,Kelvin Kishore.A
INFORMATION TECHNOLOGY,UG,Shift 2,Dr. C. VENISH RAJA,Software Conceptual Design,25UBC24SL01,25UBC615,Navin B
INFORMATION TECHNOLOGY,UG,Shift 2,Dr. C. VENISH RAJA,Software Conceptual Design,25UBC24SL01,25UBC616,Sebasti Praveen A
INFORMATION TECHNOLOGY,UG,Shift 2,Dr. C. VENISH RAJA,Software Conceptual Design,25UBC24SL01,25UBC617,Harihara Suthan
INFORMATION TECHNOLOGY,UG,Shift 2,Dr. C. VENISH RAJA,Software Conceptual Design,25UBC24SL01,25UBC618,Sinekan.D
INFORMATION TECHNOLOGY,UG,Shift 2,Dr. C. VENISH RAJA,Software Conceptual Design,25UBC24SL01,25UBC620,Jeeva A
INFORMATION TECHNOLOGY,UG,Shift 2,Dr. C. VENISH RAJA,Software Conceptual Design,25UBC24SL01,25UBC621,Sri Ayyappan R
INFORMATION TECHNOLOGY,UG,Shift 2,Dr. C. VENISH RAJA,Software Conceptual Design,25UBC24SL01,25UBC622,Jose Rusewelt J
INFORMATION TECHNOLOGY,UG,Shift 2,Dr. C. VENISH RAJA,Software Conceptual Design,25UBC24SL01,25UBC623,Danivel S
INFORMATION TECHNOLOGY,UG,Shift 2,Dr. C. VENISH RAJA,Software Conceptual Design,25UBC24SL01,25UBC625,Sabari Vasan V
INFORMATION TECHNOLOGY,UG,Shift 2,Dr. C. VENISH RAJA,Software Conceptual Design,25UBC24SL01,25UBC626,Ruban Raj .S
INFORMATION TECHNOLOGY,UG,Shift 2,Dr. C. VENISH RAJA,Software Conceptual Design,25UBC24SL01,25UBC627,Saravanan.S
INFORMATION TECHNOLOGY,UG,Shift 2,Dr. C. VENISH RAJA,Software Conceptual Design,25UBC24SL01,25UBC628,Santhosh
INFORMATION TECHNOLOGY,UG,Shift 2,Dr. C. VENISH RAJA,Software Conceptual Design,25UBC24SL01,25UBC629,Prem Kumar P
INFORMATION TECHNOLOGY,UG,Shift 2,Dr. C. VENISH RAJA,Software Conceptual Design,25UBC24SL01,25UBC631,Nivaz M
INFORMATION TECHNOLOGY,UG,Shift 2,Dr. C. VENISH RAJA,Software Conceptual Design,25UBC24SL01,25UBC632,Sakthivel B
INFORMATION TECHNOLOGY,UG,Shift 2,Dr. C. VENISH RAJA,Software Conceptual Design,25UBC24SL01,25UBC633,Seraphin Caris A
INFORMATION TECHNOLOGY,UG,Shift 2,Dr. C. VENISH RAJA,Software Conceptual Design,25UBC24SL01,25UBC635,Richard J
INFORMATION TECHNOLOGY,UG,Shift 2,Dr. C. VENISH RAJA,Software Conceptual Design,25UBC24SL01,25UBC636,Harish Pilamin M
INFORMATION TECHNOLOGY,UG,Shift 2,Dr. C. VENISH RAJA,Software Conceptual Design,25UBC24SL01,25UBC637,Ananth A
INFORMATION TECHNOLOGY,UG,Shift 2,Dr. C. VENISH RAJA,Software Conceptual Design,25UBC24SL01,25UBC638,Sundar.R
INFORMATION TECHNOLOGY,UG,Shift 2,Dr. C. VENISH RAJA,Software Conceptual Design,25UBC24SL01,25UBC639,Edison Raj
INFORMATION TECHNOLOGY,UG,Shift 2,Dr. C. VENISH RAJA,Software Conceptual Design,25UBC24SL01,25UBC640,Mithun Jones J
INFORMATION TECHNOLOGY,UG,Shift 2,Dr. C. VENISH RAJA,Software Conceptual Design,25UBC24SL01,25UBC642,Arish R
INFORMATION TECHNOLOGY,UG,Shift 2,Dr. C. VENISH RAJA,Software Conceptual Design,25UBC24SL01,25UBC643,Vignesh V
INFORMATION TECHNOLOGY,UG,Shift 2,Dr. C. VENISH RAJA,Software Conceptual Design,25UBC24SL01,25UBC645,Suseeharish J
INFORMATION TECHNOLOGY,UG,Shift 2,Dr. C. VENISH RAJA,Software Conceptual Design,25UBC24SL01,25UBC647,Nithin.P
INFORMATION TECHNOLOGY,UG,Shift 2,Dr. C. VENISH RAJA,Software Conceptual Design,25UBC24SL01,25UBC648,Esra John R
INFORMATION TECHNOLOGY,UG,Shift 2,Dr. C. VENISH RAJA,Software Conceptual Design,25UBC24SL01,25UBC649,Vimal. S
INFORMATION TECHNOLOGY,UG,Shift 2,Dr. C. VENISH RAJA,Software Conceptual Design,25UBC24SL01,25UBC650,Milton Joy.S
INFORMATION TECHNOLOGY,UG,Shift 2,Dr. C. VENISH RAJA,Software Conceptual Design,25UBC24SL01,25UBC651,Sakthivel K
INFORMATION TECHNOLOGY,UG,Shift 2,Dr. C. VENISH RAJA,Software Conceptual Design,25UBC24SL01,25UBC652,Darwin Jones A
INFORMATION TECHNOLOGY,UG,Shift 2,Dr. C. VENISH RAJA,Software Conceptual Design,25UBC24SL01,25UBC254,Siva M
INFORMATION TECHNOLOGY,UG,Shift 2,Dr. C. VENISH RAJA,Software Conceptual Design,25UBC24SL01,25UBC655,Stanley A
INFORMATION TECHNOLOGY,UG,Shift 2,Dr. C. VENISH RAJA,Software Conceptual Design,25UBC24SL01,25UBC656,Muthukumar S
INFORMATION TECHNOLOGY,UG,Shift 2,Dr. C. VENISH RAJA,Software Conceptual Design,25UBC24SL01,25UBC657,Kishore Kumar M
INFORMATION TECHNOLOGY,UG,Shift 2,Dr. C. VENISH RAJA,Software Conceptual Design,25UBC24SL01,25UBC659,Reyan.M
INFORMATION TECHNOLOGY,UG,Shift 2,Dr. C. VENISH RAJA,Software Conceptual Design,25UBC24SL01,25UBC660,Lokesh.S
INFORMATION TECHNOLOGY,UG,Shift 2,Dr. C. VENISH RAJA,Software Conceptual Design,25UBC24SL01,25UBC661,Jagadeesh Jt
INFORMATION TECHNOLOGY,UG,Shift 2,Dr. C. VENISH RAJA,Software Conceptual Design,25UBC24SL01,25UBC663,Rajan R
INFORMATION TECHNOLOGY,UG,Shift 2,Dr. C. VENISH RAJA,Software Conceptual Design,25UBC24SL01,25UBC664,Prithviraj B
INFORMATION TECHNOLOGY,UG,Shift 2,Dr. C. VENISH RAJA,Software Conceptual Design,25UBC24SL01,25UBC665,Rajesh.G
INFORMATION TECHNOLOGY,UG,Shift 2,Dr. C. VENISH RAJA,Software Conceptual Design,25UBC24SL01,25UBC666,Harrish Raj J
INFORMATION TECHNOLOGY,UG,Shift 2,Dr. C. VENISH RAJA,Software Conceptual Design,25UBC24SL01,25UBC667,Ganga Sudhan
INFORMATION TECHNOLOGY,PG,Shift 2,Dr. P. Bastin Thiyagaraj,Big Data Computing (II MSC CS A),25PCS2SL02,25PCS801,Keerthana S
INFORMATION TECHNOLOGY,PG,Shift 2,Dr. P. Bastin Thiyagaraj,Big Data Computing (II MSC CS A),25PCS2SL02,25PCS802,Yogitha S
INFORMATION TECHNOLOGY,PG,Shift 2,Dr. P. Bastin Thiyagaraj,Big Data Computing (II MSC CS A),25PCS2SL02,25PCS804,Marshal Antony A
INFORMATION TECHNOLOGY,PG,Shift 2,Dr. P. Bastin Thiyagaraj,Big Data Computing (II MSC CS A),25PCS2SL02,25PCS806,Deepak T
INFORMATION TECHNOLOGY,PG,Shift 2,Dr. P. Bastin Thiyagaraj,Big Data Computing (II MSC CS A),25PCS2SL02,25PCS809,Anburasu M
INFORMATION TECHNOLOGY,PG,Shift 2,Dr. P. Bastin Thiyagaraj,Big Data Computing (II MSC CS A),25PCS2SL02,25PCS810,Vibin A
INFORMATION TECHNOLOGY,PG,Shift 2,Dr. P. Bastin Thiyagaraj,Big Data Computing (II MSC CS A),25PCS2SL02,25PCS811,Theodric M
INFORMATION TECHNOLOGY,PG,Shift 2,Dr. P. Bastin Thiyagaraj,Big Data Computing (II MSC CS A),25PCS2SL02,25PCS813,Praveen J
INFORMATION TECHNOLOGY,PG,Shift 2,Dr. P. Bastin Thiyagaraj,Big Data Computing (II MSC CS A),25PCS2SL02,25PCS814,Andrews Catherine S
INFORMATION TECHNOLOGY,PG,Shift 2,Dr. P. Bastin Thiyagaraj,Big Data Computing (II MSC CS A),25PCS2SL02,25PCS815,Jone Wilfert X
INFORMATION TECHNOLOGY,PG,Shift 2,Dr. P. Bastin Thiyagaraj,Big Data Computing (II MSC CS A),25PCS2SL02,25PCS822,Sharunya S
INFORMATION TECHNOLOGY,PG,Shift 2,Dr. P. Bastin Thiyagaraj,Big Data Computing (II MSC CS A),25PCS2SL02,25PCS824,Dinesh B
INFORMATION TECHNOLOGY,PG,Shift 2,Dr. P. Bastin Thiyagaraj,Big Data Computing (II MSC CS A),25PCS2SL02,25PCS826,Mohana M
INFORMATION TECHNOLOGY,PG,Shift 2,Dr. P. Bastin Thiyagaraj,Big Data Computing (II MSC CS A),25PCS2SL02,25PCS830,Baradhan P
INFORMATION TECHNOLOGY,PG,Shift 2,Dr. P. Bastin Thiyagaraj,Big Data Computing (II MSC CS A),25PCS2SL02,25PCS831,Antony Rodick J
INFORMATION TECHNOLOGY,PG,Shift 2,Dr. P. Bastin Thiyagaraj,Big Data Computing (II MSC CS A),25PCS2SL02,25PCS833,Tharun Melkiadas L
INFORMATION TECHNOLOGY,PG,Shift 2,Dr. P. Bastin Thiyagaraj,Big Data Computing (II MSC CS A),25PCS2SL02,25PCS834,John Allwin R
INFORMATION TECHNOLOGY,PG,Shift 2,Dr. P. Bastin Thiyagaraj,Big Data Computing (II MSC CS A),25PCS2SL02,25PCS834,Arockia Doss A
INFORMATION TECHNOLOGY,PG,Shift 2,Dr. P. Bastin Thiyagaraj,Big Data Computing (II MSC CS A),25PCS2SL02,25PCS835,Thendral K
INFORMATION TECHNOLOGY,PG,Shift 2,Dr. P. Bastin Thiyagaraj,Big Data Computing (II MSC CS A),25PCS2SL02,25PCS840,Joyal antony U
INFORMATION TECHNOLOGY,PG,Shift 2,Dr. P. Bastin Thiyagaraj,Big Data Computing (II MSC CS A),25PCS2SL02,25PCS842,Mathew Rohith R
INFORMATION TECHNOLOGY,PG,Shift 2,Dr. P. Bastin Thiyagaraj,Big Data Computing (II MSC CS A),25PCS2SL02,25PCS843,Madhu Prasanna S
INFORMATION TECHNOLOGY,PG,Shift 2,Dr. P. Bastin Thiyagaraj,Big Data Computing (II MSC CS A),25PCS2SL02,25PCS845,Rajesh Kanna C
INFORMATION TECHNOLOGY,PG,Shift 2,Dr. P. Bastin Thiyagaraj,Big Data Computing (II MSC CS A),25PCS2SL02,25PCS848,Kevin Britto A
INFORMATION TECHNOLOGY,PG,Shift 2,Dr. P. Bastin Thiyagaraj,Software conceptual design (II MSC CS B),25PCS2SL02,25PCS901,Christy S
INFORMATION TECHNOLOGY,PG,Shift 2,Dr. P. Bastin Thiyagaraj,Software conceptual design (II MSC CS B),25PCS2SL02,25PCS905,Jasika J
INFORMATION TECHNOLOGY,PG,Shift 2,Dr. P. Bastin Thiyagaraj,Software conceptual design (II MSC CS B),25PCS2SL02,25PCS909,RACHER G
INFORMATION TECHNOLOGY,PG,Shift 2,Dr. P. Bastin Thiyagaraj,Software conceptual design (II MSC CS B),25PCS2SL02,25PCS910,Praveen Raj S
INFORMATION TECHNOLOGY,PG,Shift 2,Dr. P. Bastin Thiyagaraj,Software conceptual design (II MSC CS B),25PCS2SL02,25PCS913,John Bosco R
INFORMATION TECHNOLOGY,PG,Shift 2,Dr. P. Bastin Thiyagaraj,Software conceptual design (II MSC CS B),25PCS2SL02,25PCS915,Catherine sujatha AG
INFORMATION TECHNOLOGY,PG,Shift 2,Dr. P. Bastin Thiyagaraj,Software conceptual design (II MSC CS B),25PCS2SL02,25PCS916,Mathesh M
INFORMATION TECHNOLOGY,PG,Shift 2,Dr. P. Bastin Thiyagaraj,Software conceptual design (II MSC CS B),25PCS2SL02,25PCS918,Thenmozhi B
INFORMATION TECHNOLOGY,PG,Shift 2,Dr. P. Bastin Thiyagaraj,Software conceptual design (II MSC CS B),25PCS2SL02,25PCS919,Sajitha S
INFORMATION TECHNOLOGY,PG,Shift 2,Dr. P. Bastin Thiyagaraj,Software conceptual design (II MSC CS B),25PCS2SL02,25PCS920,Ayishabanu D
INFORMATION TECHNOLOGY,PG,Shift 2,Dr. P. Bastin Thiyagaraj,Software conceptual design (II MSC CS B),25PCS2SL02,25PCS921,C.Ishwarya
INFORMATION TECHNOLOGY,PG,Shift 2,Dr. P. Bastin Thiyagaraj,Software conceptual design (II MSC CS B),25PCS2SL02,25PCS924,Swethaharini S
INFORMATION TECHNOLOGY,PG,Shift 2,Dr. P. Bastin Thiyagaraj,Software conceptual design (II MSC CS B),25PCS2SL02,25PCS925,Nireshkumar
INFORMATION TECHNOLOGY,PG,Shift 2,Dr. P. Bastin Thiyagaraj,Software conceptual design (II MSC CS B),25PCS2SL02,25PCS928,Subasri S
INFORMATION TECHNOLOGY,PG,Shift 2,Dr. P. Bastin Thiyagaraj,Software conceptual design (II MSC CS B),25PCS2SL02,25PCS929,Deepak jose M
INFORMATION TECHNOLOGY,PG,Shift 2,Dr. P. Bastin Thiyagaraj,Software conceptual design (II MSC CS B),25PCS2SL02,25PCS931,vimalraj .v
INFORMATION TECHNOLOGY,PG,Shift 2,Dr. P. Bastin Thiyagaraj,Software conceptual design (II MSC CS B),25PCS2SL02,25PCS932,Laithambigai V
INFORMATION TECHNOLOGY,PG,Shift 2,Dr. P. Bastin Thiyagaraj,Software conceptual design (II MSC CS B),25PCS2SL02,25PCS935,Nivetha E
INFORMATION TECHNOLOGY,PG,Shift 2,Dr. P. Bastin Thiyagaraj,Software conceptual design (II MSC CS B),25PCS2SL02,25PCS936,S Tamilselvan
INFORMATION TECHNOLOGY,PG,Shift 2,Dr. P. Bastin Thiyagaraj,Software conceptual design (II MSC CS B),25PCS2SL02,25PCS937,G manojkumar
INFORMATION TECHNOLOGY,PG,Shift 2,Dr. P. Bastin Thiyagaraj,Software conceptual design (II MSC CS B),25PCS2SL02,25PCS938,M.V.Sushmita
INFORMATION TECHNOLOGY,PG,Shift 2,Dr. P. Bastin Thiyagaraj,Software conceptual design (II MSC CS B),25PCS2SL02,25PCS939,Hari krishna vel N
INFORMATION TECHNOLOGY,PG,Shift 2,Dr. P. Bastin Thiyagaraj,Software conceptual design (II MSC CS B),25PCS2SL02,25PCS940,Saravanapandi M
INFORMATION TECHNOLOGY,PG,Shift 2,Dr. P. Bastin Thiyagaraj,Software conceptual design (II MSC CS B),25PCS2SL02,25PCS943,Sharmila S
INFORMATION TECHNOLOGY,PG,Shift 2,Dr. P. Bastin Thiyagaraj,Software conceptual design (II MSC CS B),25PCS2SL02,25PCS946,Nelson Franklin D
MATHEMATICS,PG,Shift 1,Geetha Sivaraman,Decision making under uncertainty,25PMA2SL02,25PMA117,Maduram R
MATHEMATICS,PG,Shift 1,Geetha Sivaraman,Decision making under uncertainty,25PMA2SL02,25PMA128,Allwin Jackson S
MATHEMATICS,PG,Shift 1,Geetha Sivaraman,Decision making under uncertainty,25PMA2SL02,25PMA104,ABI JOYCES A
MATHEMATICS,PG,Shift 1,Geetha Sivaraman,Decision making under uncertainty,25PMA2SL02,25PMA125,SARA DEVI E
MATHEMATICS,PG,Shift 1,Geetha Sivaraman,Decision making under uncertainty,25PMA2SL02,25PMA130,ISAC RAYMOND A
MATHEMATICS,PG,Shift 1,Geetha Sivaraman,Decision making under uncertainty,25PMA2SL02,25PMA131,MARIA ROSELINE M
MATHEMATICS,PG,Shift 1,Geetha Sivaraman,Decision making under uncertainty,25PMA2SL02,25PMA132,LOGESH KUMAR R S
MATHEMATICS,UG,Shift 1,Dr. S. ASEERVATHAM,Math Foundation,25UMA24SL01,25UMA201,Ravi D
MATHEMATICS,UG,Shift 1,Dr. S. ASEERVATHAM,Math Foundation,25UMA24SL01,25UMA203,Jakeishabritt J
MATHEMATICS,UG,Shift 1,Dr. S. ASEERVATHAM,Math Foundation,25UMA24SL01,25UMA204,Vetrivel M
MATHEMATICS,UG,Shift 1,Dr. S. ASEERVATHAM,Math Foundation,25UMA24SL01,25UMA205,Lokeshvaran K
MATHEMATICS,UG,Shift 1,Dr. S. ASEERVATHAM,Math Foundation,25UMA24SL01,25UMA208,Jerry Arul Sebastian N
MATHEMATICS,UG,Shift 1,Dr. S. ASEERVATHAM,Math Foundation,25UMA24SL01,25UMA209,Hariharan C
MATHEMATICS,UG,Shift 1,Dr. S. ASEERVATHAM,Math Foundation,25UMA24SL01,25UMA213,Rajkumar A
MATHEMATICS,UG,Shift 1,Dr. S. ASEERVATHAM,Math Foundation,25UMA24SL01,25UMA215,Sabari L
MATHEMATICS,UG,Shift 1,Dr. S. ASEERVATHAM,Math Foundation,25UMA24SL01,25UMA218,Thilagar B
MATHEMATICS,UG,Shift 1,Dr. S. ASEERVATHAM,Math Foundation,25UMA24SL01,25UMA219,Amithratchagan R
MATHEMATICS,UG,Shift 1,Dr. S. ASEERVATHAM,Math Foundation,25UMA24SL01,25UMA220,Deepan P
MATHEMATICS,UG,Shift 1,Dr. S. ASEERVATHAM,Math Foundation,25UMA24SL01,25UMA222,Karthikgison D
MATHEMATICS,UG,Shift 1,Dr. S. ASEERVATHAM,Math Foundation,25UMA24SL01,25UMA223,Ganesan A P
MATHEMATICS,UG,Shift 1,Dr. S. ASEERVATHAM,Math Foundation,25UMA24SL01,25UMA224,Ega Kabilan K
MATHEMATICS,UG,Shift 1,Dr. S. ASEERVATHAM,Math Foundation,25UMA24SL01,25UMA225,Naveen Kumar K
MATHEMATICS,UG,Shift 1,Dr. S. ASEERVATHAM,Math Foundation,25UMA24SL01,25UMA227,Jena S
MATHEMATICS,UG,Shift 1,Dr. S. ASEERVATHAM,Math Foundation,25UMA24SL01,25UMA228,Harish Raj G R
MATHEMATICS,UG,Shift 2,Dr. J. Mercy Arokia Rani,Math Foundation,25UMA24SL01,25UMA505,S.A .Nithya Kumari
MATHEMATICS,UG,Shift 2,Dr. J. Mercy Arokia Rani,Math Foundation,25UMA24SL01,25UMA506,P. Bavya
MATHEMATICS,UG,Shift 2,Dr. J. Mercy Arokia Rani,Math Foundation,25UMA24SL01,25UMA507,S. Kavya
MATHEMATICS,UG,Shift 2,Dr. J. Mercy Arokia Rani,Math Foundation,25UMA24SL01,25UMA510,S.Preethi
MATHEMATICS,UG,Shift 2,Dr. J. Mercy Arokia Rani,Math Foundation,25UMA24SL01,25UMA517,R. Thatchana Moorthy
MATHEMATICS,UG,Shift 2,Dr. J. Mercy Arokia Rani,Math Foundation,25UMA24SL01,25UMA520,P. Menaka
MATHEMATICS,UG,Shift 2,Dr. J. Mercy Arokia Rani,Math Foundation,25UMA24SL01,25UMA521,M. Janani
MATHEMATICS,UG,Shift 2,Dr. J. Mercy Arokia Rani,Math Foundation,25UMA24SL01,25UMA530,R. Dharshini
MATHEMATICS,PG,Shift 2,Dr. A. Arul Xavier,Math Foundation,25PMA2SL02,25PMA801,L. Arthi
MATHEMATICS,PG,Shift 2,Dr. A. Arul Xavier,Math Foundation,25PMA2SL02,25PMA802,B. Rathai
MATHEMATICS,PG,Shift 2,Dr. A. Arul Xavier,Math Foundation,25PMA2SL02,25PMA803,R. Kousick
MATHEMATICS,PG,Shift 2,Dr. A. Arul Xavier,Math Foundation,25PMA2SL02,25PMA805,P. P.Poorvasri
MATHEMATICS,PG,Shift 2,Dr. A. Arul Xavier,Math Foundation,25PMA2SL02,25PMA808,M. Sonali
MATHEMATICS,PG,Shift 2,Dr. A. Arul Xavier,Math Foundation,25PMA2SL02,25PMA809,K. Pravinbabu
MATHEMATICS,UG,Shift 1,Dr. S. ASEERVATHAM,Math Foundation,25UMA24SL01,25UMA102,Daniel Ferrare S
MATHEMATICS,UG,Shift 1,Dr. S. ASEERVATHAM,Math Foundation,25UMA24SL01,25UMA105,Kisan T
MATHEMATICS,UG,Shift 1,Dr. S. ASEERVATHAM,Math Foundation,25UMA24SL01,25UMA106,Gokul K
MATHEMATICS,UG,Shift 1,Dr. S. ASEERVATHAM,Math Foundation,25UMA24SL01,25UMA108,Praveen M
MATHEMATICS,UG,Shift 1,Dr. S. ASEERVATHAM,Math Foundation,25UMA24SL01,25UMA109,Akash R
MATHEMATICS,UG,Shift 1,Dr. S. ASEERVATHAM,Math Foundation,25UMA24SL01,25UMA113,Deepak R
MATHEMATICS,UG,Shift 1,Dr. S. ASEERVATHAM,Math Foundation,25UMA24SL01,25UMA114,Kamalesh K
MATHEMATICS,UG,Shift 1,Dr. S. ASEERVATHAM,Math Foundation,25UMA24SL01,25UMA115,Rajesh S
MATHEMATICS,UG,Shift 1,Dr. S. ASEERVATHAM,Math Foundation,25UMA24SL01,25UMA116,Karthikeyan K
MATHEMATICS,UG,Shift 1,Dr. S. ASEERVATHAM,Math Foundation,25UMA24SL01,25UMA119,Nithish B
MATHEMATICS,UG,Shift 1,Dr. S. ASEERVATHAM,Math Foundation,25UMA24SL01,25UMA120,Prathap M
MATHEMATICS,UG,Shift 1,Dr. S. ASEERVATHAM,Math Foundation,25UMA24SL01,25UMA129,Mohamed Jarjis N
"PHYSICAL EDUCATION, HEALTH EDUCATION & SPORTS",UG,Shift 2,Dr.P.Ramesh ,sports and performance nutrition,25UPE24SL01,25UPE501,GURUSANKAR MJ
"PHYSICAL EDUCATION, HEALTH EDUCATION & SPORTS",UG,Shift 2,Dr.P.Ramesh ,sports and performance nutrition,25UPE24SL01,25UPE502,SARVESHWARAN s
"PHYSICAL EDUCATION, HEALTH EDUCATION & SPORTS",UG,Shift 2,Dr.P.Ramesh ,sports and performance nutrition,25UPE24SL01,25UPE503,RABIN FERNANDO RL
"PHYSICAL EDUCATION, HEALTH EDUCATION & SPORTS",UG,Shift 2,Dr.P.Ramesh ,sports and performance nutrition,25UPE24SL01,25UPE504,EKBAT RAJ E
"PHYSICAL EDUCATION, HEALTH EDUCATION & SPORTS",UG,Shift 2,Dr.P.Ramesh ,sports and performance nutrition,25UPE24SL01,25UPE506,KARAN KOUSHIK M
"PHYSICAL EDUCATION, HEALTH EDUCATION & SPORTS",UG,Shift 2,Dr.P.Ramesh ,sports and performance nutrition,25UPE24SL01,25UPE507,VIMAL U
"PHYSICAL EDUCATION, HEALTH EDUCATION & SPORTS",UG,Shift 2,Dr.P.Ramesh ,sports and performance nutrition,25UPE24SL01,25UPE509,KAVIN B
"PHYSICAL EDUCATION, HEALTH EDUCATION & SPORTS",UG,Shift 2,Dr.P.Ramesh ,sports and performance nutrition,25UPE24SL01,25UPE510,ROHIT VARSHAN s
"PHYSICAL EDUCATION, HEALTH EDUCATION & SPORTS",UG,Shift 2,Dr.P.Ramesh ,sports and performance nutrition,25UPE24SL01,25UPE511,GOWSICK K
"PHYSICAL EDUCATION, HEALTH EDUCATION & SPORTS",UG,Shift 2,Dr.P.Ramesh ,sports and performance nutrition,25UPE24SL01,25UPE512,PADRINATHAN r
"PHYSICAL EDUCATION, HEALTH EDUCATION & SPORTS",UG,Shift 2,Dr.P.Ramesh ,sports and performance nutrition,25UPE24SL01,25UPE513,MARIA AKASH J
"PHYSICAL EDUCATION, HEALTH EDUCATION & SPORTS",UG,Shift 2,Dr.P.Ramesh ,sports and performance nutrition,25UPE24SL01,25UPE514,SIVA S
"PHYSICAL EDUCATION, HEALTH EDUCATION & SPORTS",UG,Shift 2,Dr.P.Ramesh ,sports and performance nutrition,25UPE24SL01,25UPE516,SANTHOSH M M
"PHYSICAL EDUCATION, HEALTH EDUCATION & SPORTS",UG,Shift 2,Dr.P.Ramesh ,sports and performance nutrition,25UPE24SL01,25UPE517,ABISHEK J
"PHYSICAL EDUCATION, HEALTH EDUCATION & SPORTS",UG,Shift 2,Dr.P.Ramesh ,sports and performance nutrition,25UPE24SL01,25UPE518,SANTHOSH C
"PHYSICAL EDUCATION, HEALTH EDUCATION & SPORTS",UG,Shift 2,Dr.P.Ramesh ,sports and performance nutrition,25UPE24SL01,25UPE519,VICKY M
"PHYSICAL EDUCATION, HEALTH EDUCATION & SPORTS",UG,Shift 2,Dr.P.Ramesh ,sports and performance nutrition,25UPE24SL01,25UPE520,DANIEL DEEPANKAR S
"PHYSICAL EDUCATION, HEALTH EDUCATION & SPORTS",UG,Shift 2,Dr.P.Ramesh ,sports and performance nutrition,25UPE24SL01,25UPE523,KAVIN KISHORE S A
"PHYSICAL EDUCATION, HEALTH EDUCATION & SPORTS",UG,Shift 2,Dr.P.Ramesh ,sports and performance nutrition,25UPE24SL01,25UPE527,RANJITH R
"PHYSICAL EDUCATION, HEALTH EDUCATION & SPORTS",UG,Shift 2,Dr.P.Ramesh ,sports and performance nutrition,25UPE24SL01,25UPE530,AROKIA DOMNI F
"PHYSICAL EDUCATION, HEALTH EDUCATION & SPORTS",UG,Shift 2,Dr.P.Ramesh ,sports and performance nutrition,25UPE24SL01,25UPE531,GOWTHAM K
"PHYSICAL EDUCATION, HEALTH EDUCATION & SPORTS",UG,Shift 2,Dr.P.Ramesh ,sports and performance nutrition,25UPE24SL01,25UPE532,SANGAIYA S
"PHYSICAL EDUCATION, HEALTH EDUCATION & SPORTS",UG,Shift 2,Dr.P.Ramesh ,sports and performance nutrition,25UPE24SL01,25UPE533,PRASANNA A
"PHYSICAL EDUCATION, HEALTH EDUCATION & SPORTS",UG,Shift 2,Dr.P.Ramesh ,sports and performance nutrition,25UPE24SL01,25UPE534,RESHAL KARKEY S
"PHYSICAL EDUCATION, HEALTH EDUCATION & SPORTS",UG,Shift 2,Dr.P.Ramesh ,sports and performance nutrition,25UPE24SL01,25UPE535,ARUL FRANKLIN A
"PHYSICAL EDUCATION, HEALTH EDUCATION & SPORTS",UG,Shift 2,Dr.P.Ramesh ,sports and performance nutrition,25UPE24SL01,25UPE540,LAWRANCE a
"PHYSICAL EDUCATION, HEALTH EDUCATION & SPORTS",UG,Shift 2,Dr.P.Ramesh ,sports and performance nutrition,25UPE24SL01,25UPE541,SAJAI
"PHYSICAL EDUCATION, HEALTH EDUCATION & SPORTS",UG,Shift 2,Dr.P.Ramesh ,sports and performance nutrition,25UPE24SL01,25UPE542,YASUVATH
"PHYSICAL EDUCATION, HEALTH EDUCATION & SPORTS",UG,Shift 2,Dr.P.Ramesh ,sports and performance nutrition,25UPE24SL01,25UPE542,NIRAJAN
PHYSICS,PG,Shift 1,A Maggie Dayana,Concepts in Magnetism and Superconductivity,25PPH2SL02,25PPH103,ARAVINDHKUMAR.E
PHYSICS,PG,Shift 1,A Maggie Dayana,Concepts in Magnetism and Superconductivity,25PPH2SL02,25PPH125,VIGNESH.R
PHYSICS,UG,Shift 1,Dr. M.ANTONY AROCKIARAJ,Optical Sensors,25UPH24SL01,25UPH101,KARTHICK SHOBAN S
PHYSICS,UG,Shift 1,Dr. M.ANTONY AROCKIARAJ,Optical Sensors,25UPH24SL01,25UPH102,ANTONY SANJAY S
PHYSICS,UG,Shift 1,Dr. M.ANTONY AROCKIARAJ,Optical Sensors,25UPH24SL01,25UPH103,SAI HARI KRISHNAN S
PHYSICS,UG,Shift 1,Dr. M.ANTONY AROCKIARAJ,Optical Sensors,25UPH24SL01,25UPH104,VISHVA A
PHYSICS,UG,Shift 1,Dr. M.ANTONY AROCKIARAJ,Optical Sensors,25UPH24SL01,25UPH105,AKSEL INFANT M
PHYSICS,UG,Shift 1,Dr. M.ANTONY AROCKIARAJ,Optical Sensors,25UPH24SL01,25UPH106,KEVIN ANTONY S
PHYSICS,UG,Shift 1,Dr. M.ANTONY AROCKIARAJ,Optical Sensors,25UPH24SL01,25UPH108,ARUNKUMAR S
PHYSICS,UG,Shift 1,Dr. M.ANTONY AROCKIARAJ,Optical Sensors,25UPH24SL01,25UPH109,JERONE R
PHYSICS,UG,Shift 1,Dr. M.ANTONY AROCKIARAJ,Optical Sensors,25UPH24SL01,25UPH110,SHRIDHAR J
PHYSICS,UG,Shift 1,Dr. M.ANTONY AROCKIARAJ,Optical Sensors,25UPH24SL01,25UPH116,ELWIN JOSH B
PHYSICS,UG,Shift 1,Dr. M.ANTONY AROCKIARAJ,Optical Sensors,25UPH24SL01,25UPH117,SARAVANAN J
PHYSICS,UG,Shift 1,Dr. M.ANTONY AROCKIARAJ,Optical Sensors,25UPH24SL01,25UPH118,GURUPRASAD N
PHYSICS,UG,Shift 1,Dr. M.ANTONY AROCKIARAJ,Optical Sensors,25UPH24SL01,25UPH119,SUBENDHIRAN S
PHYSICS,UG,Shift 1,Dr. M.ANTONY AROCKIARAJ,Optical Sensors,25UPH24SL01,25UPH122,AROCKIA NAVEEN S
PHYSICS,UG,Shift 1,Dr. M.ANTONY AROCKIARAJ,Optical Sensors,25UPH24SL01,25UPH124,LAKSHMANAN M
PHYSICS,UG,Shift 1,Dr. M.ANTONY AROCKIARAJ,Optical Sensors,25UPH24SL01,25UPH125,IMAN ANTRO A
PHYSICS,UG,Shift 1,Dr. M.ANTONY AROCKIARAJ,Optical Sensors,25UPH24SL01,25UPH126,VASANTH C
PHYSICS,UG,Shift 1,Dr. M.ANTONY AROCKIARAJ,Optical Sensors,25UPH24SL01,25UPH127,JANA ARUN A
PHYSICS,UG,Shift 1,Dr. M.ANTONY AROCKIARAJ,Optical Sensors,25UPH24SL01,25UPH128,NITHIN A
PHYSICS,UG,Shift 1,Dr. M.ANTONY AROCKIARAJ,Optical Sensors,25UPH24SL01,25UPH130,MARIA MICHEAL CAREY
PHYSICS,UG,Shift 1,Dr. M.ANTONY AROCKIARAJ,Optical Sensors,25UPH24SL01,25UPH131,SARAVANAN S
PHYSICS,UG,Shift 1,Dr. M.ANTONY AROCKIARAJ,Optical Sensors,25UPH24SL01,25UPH133,DURAIPANDI G
PHYSICS,UG,Shift 1,Dr. M.ANTONY AROCKIARAJ,Optical Sensors,25UPH24SL01,25UPH136,SIVASAKTHI I
PHYSICS,UG,Shift 1,Dr. M.ANTONY AROCKIARAJ,Optical Sensors,25UPH24SL01,25UPH137,UBAKARA ANTHONY A
PHYSICS,UG,Shift 1,Dr.R.Thomas,Optical Sensors,25UPH24SL01,25UPH201,VIGNESHWARAN .U
PHYSICS,UG,Shift 1,Dr.R.Thomas,Optical Sensors,25UPH24SL01,25UPH202,LAKSHMI NARAYANAN.R
PHYSICS,UG,Shift 1,Dr.R.Thomas,Optical Sensors,25UPH24SL01,25UPH203,PAUL DOMNIC MESHAK.C
PHYSICS,UG,Shift 1,Dr.R.Thomas,Optical Sensors,25UPH24SL01,25UPH205,DEEPAK.T
PHYSICS,UG,Shift 1,Dr.R.Thomas,Optical Sensors,25UPH24SL01,25UPH206,DHANUSH.V
PHYSICS,UG,Shift 1,Dr.R.Thomas,Optical Sensors,25UPH24SL01,25UPH207,SANTHOSH.J
PHYSICS,UG,Shift 1,Dr.R.Thomas,Optical Sensors,25UPH24SL01,25UPH209,RIYAN RICHARD.R
PHYSICS,UG,Shift 1,Dr.R.Thomas,Optical Sensors,25UPH24SL01,25UPH212,JAGATHEESH.N
PHYSICS,UG,Shift 1,Dr.R.Thomas,Optical Sensors,25UPH24SL01,25UPH213,NETHRAN .J.MR
PHYSICS,UG,Shift 1,Dr.R.Thomas,Optical Sensors,25UPH24SL01,25UPH215,DANIEL.C
PHYSICS,UG,Shift 1,Dr.R.Thomas,Optical Sensors,25UPH24SL01,25UPH216,PARIMANADASAN.K
PHYSICS,UG,Shift 1,Dr.R.Thomas,Optical Sensors,25UPH24SL01,25UPH217,ARAVINTHAN.K
PHYSICS,UG,Shift 1,Dr.R.Thomas,Optical Sensors,25UPH24SL01,25UPH218,EDWARD JAYARAJ.D
PHYSICS,UG,Shift 1,Dr.R.Thomas,Optical Sensors,25UPH24SL01,25UPH219,MANOJ KUMAR.M
PHYSICS,UG,Shift 1,Dr.R.Thomas,Optical Sensors,25UPH24SL01,25UPH220,IMMANUEL JOE.J.S
PHYSICS,UG,Shift 1,Dr.R.Thomas,Optical Sensors,25UPH24SL01,25UPH221,GANESAN.P
PHYSICS,UG,Shift 1,Dr.R.Thomas,Optical Sensors,25UPH24SL01,25UPH222,HEMANATHAN.T
PHYSICS,UG,Shift 1,Dr.R.Thomas,Optical Sensors,25UPH24SL01,25UPH223,CHRISTAN RAJ.S
PHYSICS,UG,Shift 1,Dr.R.Thomas,Optical Sensors,25UPH24SL01,25UPH225,AUTIN .T .M
PHYSICS,UG,Shift 1,Dr.R.Thomas,Optical Sensors,25UPH24SL01,25UPH226,SARVANA KUMAR .M
PHYSICS,UG,Shift 1,Dr.R.Thomas,Optical Sensors,25UPH24SL01,25UPH227,ROHIT DARSHAN.M
PHYSICS,UG,Shift 1,Dr.R.Thomas,Optical Sensors,25UPH24SL01,25UPH228,PRADEEPAN.S
PHYSICS,UG,Shift 1,Dr.R.Thomas,Optical Sensors,25UPH24SL01,25UPH231,ROHITH KUMAR.K
PHYSICS,UG,Shift 1,Dr.R.Thomas,Optical Sensors,25UPH24SL01,25UPH232,SABARISH.R
PHYSICS,UG,Shift 1,Dr.R.Thomas,Optical Sensors,25UPH24SL01,25UPH233,SOLOMON SMITH.D
PHYSICS,UG,Shift 1,Dr.R.Thomas,Optical Sensors,25UPH24SL01,25UPH234,ARUL AJAI.V
PHYSICS,UG,Shift 1,Dr.R.Thomas,Optical Sensors,25UPH24SL01,25UPH235,SHOBAN BABU .P
PHYSICS,UG,Shift 1,Dr.R.Thomas,Optical Sensors,25UPH24SL01,25UPH236,SHAKTHI KRISHNA.V
PHYSICS,UG,Shift 2,Dr.Augustin ,Optical Sensors(Swayam),25UPH24SL01,25UPH502,Vincy
PHYSICS,UG,Shift 2,Dr.Augustin ,Optical Sensors(Swayam),25UPH24SL01,25UPH505,Kannan
PHYSICS,UG,Shift 2,Dr.Augustin ,Optical Sensors(Swayam),25UPH24SL01,25UPH509,Giftsy
PHYSICS,UG,Shift 2,Dr.Augustin ,Optical Sensors(Swayam),25UPH24SL01,25UPH517,Santhosh
PHYSICS,UG,Shift 2,Dr.Augustin ,Optical Sensors(Swayam),25UPH24SL01,25UPH518,Rexin
PHYSICS,UG,Shift 2,Dr.Augustin ,Optical Sensors(Swayam),25UPH24SL01,25UPH520,Rajmohamad
PHYSICS,UG,Shift 2,Dr.Augustin ,Optical Sensors(Swayam),25UPH24SL01,25UPH522,Kaviyapriya
PHYSICS,UG,Shift 2,Dr.Augustin ,Optical Sensors(Swayam),25UPH24SL01,25UPH524,Santhiya
PHYSICS,UG,Shift 2,Dr.Augustin ,Optical Sensors(Swayam),25UPH24SL01,25UPH525,ArulMurugan
PHYSICS,UG,Shift 2,Dr.Augustin ,Optical Sensors(Swayam),25UPH24SL01,25UPH528,harikrishnan
PHYSICS,UG,Shift 2,Dr.Augustin ,Optical Sensors(Swayam),25UPH24SL01,25UPH529,Dhanasri
PHYSICS,UG,Shift 2,Dr.Augustin ,Optical Sensors(Swayam),25UPH24SL01,25UPH531,Kowsika
PHYSICS,PG,Shift 2,Dr.A.Sinthiya,Energy Materials and Devices,25PPH2SL02,25PPH802,Shammuga Priyan B
PHYSICS,PG,Shift 2,Dr.A.Sinthiya,Energy Materials and Devices,25PPH2SL02,25PPH811,Ranjit G
STATISTICS,UG,Shift 1,Dr. A. Philip Arokiadoss,Introduction to probability and Statistics,25UST24SL01,25UST103,MADHUMITHA S
STATISTICS,UG,Shift 1,Dr. A. Philip Arokiadoss,Introduction to probability and Statistics,25UST24SL01,25UST105,DHIVYA DHARSHINI. P
STATISTICS,UG,Shift 1,Dr. A. Philip Arokiadoss,Introduction to probability and Statistics,25UST24SL01,25UST110,ANNIEJOSELINE A
STATISTICS,UG,Shift 1,Dr. A. Philip Arokiadoss,Introduction to probability and Statistics,25UST24SL01,25UST112,DURGA V
STATISTICS,UG,Shift 1,Dr. A. Philip Arokiadoss,Introduction to probability and Statistics,25UST24SL01,25UST114,KARUNAIVELMUGILAN N
STATISTICS,UG,Shift 1,Dr. A. Philip Arokiadoss,Introduction to probability and Statistics,25UST24SL01,25UST116,VAIRAVAMOORTHY.M
STATISTICS,UG,Shift 1,Dr. A. Philip Arokiadoss,Introduction to probability and Statistics,25UST24SL01,25UST118,MUBIS AHAMED M
STATISTICS,UG,Shift 1,Dr. A. Philip Arokiadoss,Introduction to probability and Statistics,25UST24SL01,25UST121,JUDY MARO D
STATISTICS,UG,Shift 1,Dr. A. Philip Arokiadoss,Introduction to probability and Statistics,25UST24SL01,25UST122,DHAYAYANITHI.K
STATISTICS,UG,Shift 1,Dr. A. Philip Arokiadoss,Introduction to probability and Statistics,25UST24SL01,25UST123,KABILAN S
STATISTICS,UG,Shift 1,Dr. A. Philip Arokiadoss,Introduction to probability and Statistics,25UST24SL01,25UST126,THIRUPATHI S
STATISTICS,UG,Shift 1,Dr. A. Philip Arokiadoss,Introduction to probability and Statistics,25UST24SL01,25UST127,SHALINI.K
STATISTICS,UG,Shift 1,Dr. A. Philip Arokiadoss,Introduction to probability and Statistics,25UST24SL01,25UST129,S. ANGALA ESWARI
STATISTICS,UG,Shift 1,Dr. A. Philip Arokiadoss,Introduction to probability and Statistics,25UST24SL01,25UST130,NAREENDRANATHAN C
STATISTICS,UG,Shift 1,Dr. A. Philip Arokiadoss,Introduction to probability and Statistics,25UST24SL01,25UST133,MATHESWARAN S
STATISTICS,UG,Shift 1,Dr. A. Philip Arokiadoss,Introduction to probability and Statistics,25UST24SL01,25UST135,JANUSHIYA BACKIA SHREE S
STATISTICS,UG,Shift 1,Dr. A. Philip Arokiadoss,Introduction to probability and Statistics,25UST24SL01,25UST137,MOHAMED AZIM S
STATISTICS,UG,Shift 1,Dr. A. Philip Arokiadoss,Introduction to probability and Statistics,25UST24SL01,25UST138,ASWIN B
STATISTICS,UG,Shift 1,Dr. A. Philip Arokiadoss,Introduction to probability and Statistics,25UST24SL01,25UST139,ROSHAN J
STATISTICS,UG,Shift 1,Dr. A. Philip Arokiadoss,Introduction to probability and Statistics,25UST24SL01,25UST143,SARANYA R
STATISTICS,UG,Shift 1,Dr. A. Philip Arokiadoss,Introduction to probability and Statistics,25UST24SL01,25UST145,SATHISH MARAN M
STATISTICS,UG,Shift 1,Dr. A. Philip Arokiadoss,Introduction to probability and Statistics,25UST24SL01,25UST146,ASHWIN R
STATISTICS,UG,Shift 1,Dr. A. Philip Arokiadoss,Introduction to probability and Statistics,25UST24SL01,25UST148,AJITH KUMAR M
STATISTICS,UG,Shift 1,Dr. A. Philip Arokiadoss,Introduction to probability and Statistics,25UST24SL01,25UST149,SABARISH S
STATISTICS,UG,Shift 1,Dr. A. Philip Arokiadoss,Introduction to probability and Statistics,25UST24SL01,25UST152,DEEPIKA K
STATISTICS,UG,Shift 1,Dr. A. Philip Arokiadoss,Introduction to probability and Statistics,25UST24SL01,25UST156,HARIHARAN N
STATISTICS,UG,Shift 1,Dr. A. Philip Arokiadoss,Introduction to probability and Statistics,25UST24SL01,25UST159,ANNAPOORNI R
STATISTICS,UG,Shift 1,Dr. A. Philip Arokiadoss,Introduction to probability and Statistics,25UST24SL01,25UST160,SANTHOSH G
STATISTICS,UG,Shift 1,Dr. A. Philip Arokiadoss,Introduction to probability and Statistics,25UST24SL01,25UST161,M.ROSHINI
STATISTICS,UG,Shift 1,Dr. A. Philip Arokiadoss,Introduction to probability and Statistics,25UST24SL01,25UST162,RAMAJAYAM J
STATISTICS,UG,Shift 1,Dr. A. Philip Arokiadoss,Introduction to probability and Statistics,25UST24SL01,25UST163,DURGA DEVI.C
STATISTICS,UG,Shift 1,Dr. A. Philip Arokiadoss,Introduction to probability and Statistics,25UST24SL01,25UST164,A.SANKAR
STATISTICS,UG,Shift 1,Dr. A. Philip Arokiadoss,Introduction to probability and Statistics,25UST24SL01,25UST165,MIRUDHULA A
STATISTICS,UG,Shift 1,Dr. A. Philip Arokiadoss,Introduction to probability and Statistics,25UST24SL01,25UST166,GNANA JECY G
STATISTICS,UG,Shift 1,Dr. A. Philip Arokiadoss,Introduction to probability and Statistics,25UST24SL01,25UST168,NIRASRI M
STATISTICS,UG,Shift 1,Dr. A. Philip Arokiadoss,Introduction to probability and Statistics,25UST24SL01,25UST170,BINU SHYLA R
STATISTICS,UG,Shift 1,Dr. A. Philip Arokiadoss,Introduction to probability and Statistics,25UST24SL01,25UST171,VEERAMANIKANNAN T
TAMIL,UG,Shift 1,Dr. K. ANTHONY RAJA,Basic Course in Tamil,25UTA24SL01,25UTA102,R YUVASRI
TAMIL,UG,Shift 1,Dr. K. ANTHONY RAJA,Basic Course in Tamil,25UTA24SL01,25UTA103,D NISHANTH
TAMIL,UG,Shift 1,Dr. K. ANTHONY RAJA,Basic Course in Tamil,25UTA24SL01,25UTA104,E GIRISHWARAN
TAMIL,UG,Shift 1,Dr. K. ANTHONY RAJA,Basic Course in Tamil,25UTA24SL01,25UTA105,S SUVASRI
TAMIL,UG,Shift 1,Dr. K. ANTHONY RAJA,Basic Course in Tamil,25UTA24SL01,25UTA113,K KATHIKAMAN
TAMIL,UG,Shift 1,Dr. K. ANTHONY RAJA,Basic Course in Tamil,25UTA24SL01,25UTA114,S SABARINATHAN
TAMIL,UG,Shift 1,Dr. K. ANTHONY RAJA,Basic Course in Tamil,25UTA24SL01,25UTA120,B SARAVANVEL
TAMIL,UG,Shift 1,Dr. K. ANTHONY RAJA,Basic Course in Tamil,25UTA24SL01,25UTA121,M FELIX VIMALRAJ
TAMIL,UG,Shift 1,Dr. K. ANTHONY RAJA,Basic Course in Tamil,25UTA24SL01,25UTA122,N NITHEES
TAMIL,UG,Shift 1,Dr. K. ANTHONY RAJA,Basic Course in Tamil,25UTA24SL01,25UTA128,L MARIA NELSON
TAMIL,UG,Shift 1,Dr. K. ANTHONY RAJA,Basic Course in Tamil,25UTA24SL01,25UTA129,K PRATHEESH
TAMIL,UG,Shift 1,Dr. K. ANTHONY RAJA,Basic Course in Tamil,25UTA24SL01,25UTA131,J DAVID PAUL RAJ
TAMIL,UG,Shift 1,Dr. K. ANTHONY RAJA,Basic Course in Tamil,25UTA24SL01,25UTA132,C BENEDICJEROMERAJ
TAMIL,UG,Shift 1,Dr. K. ANTHONY RAJA,Basic Course in Tamil,25UTA24SL01,25UTA133,T MAHALAKSHMI
TAMIL,UG,Shift 1,Dr. K. ANTHONY RAJA,Basic Course in Tamil,25UTA24SL01,25UTA134,T KEERTHANA
TAMIL,UG,Shift 1,Dr. K. ANTHONY RAJA,Basic Course in Tamil,25UTA24SL01,25UTA135,M TAMIL SELVAN
TAMIL,UG,Shift 1,Dr. K. ANTHONY RAJA,Basic Course in Tamil,25UTA24SL01,25UTA137,ALAGUDURAI
TAMIL,UG,Shift 1,Dr. K. ANTHONY RAJA,Basic Course in Tamil,25UTA24SL01,25UTA139,S SABAREESAN
TAMIL,UG,Shift 1,Dr. K. ANTHONY RAJA,Basic Course in Tamil,25UTA24SL01,25UTA140,V BHUVANESHWRI
TAMIL,UG,Shift 1,Dr. K. ANTHONY RAJA,Basic Course in Tamil,25UTA24SL01,25UTA141,S PUGALARASAN
TAMIL,UG,Shift 1,Dr. K. ANTHONY RAJA,Basic Course in Tamil,25UTA24SL01,25UTA142,J JONAH NICHOLAS
TAMIL,UG,Shift 1,Dr. K. ANTHONY RAJA,Basic Course in Tamil,25UTA24SL01,25UTA144,S STAINS
TAMIL,UG,Shift 1,Dr. K. ANTHONY RAJA,Basic Course in Tamil,25UTA24SL01,25UTA146,B ARANIDARAN
TAMIL,UG,Shift 1,Dr. K. ANTHONY RAJA,Basic Course in Tamil,25UTA24SL01,25UTA159,A JOSEWINSHARMA
TAMIL,UG,Shift 1,Dr. K. ANTHONY RAJA,Basic Course in Tamil,25UTA24SL01,25UTA166,D ESHWARAN
TAMIL,UG,Shift 1,Dr. K. ANTHONY RAJA,Basic Course in Tamil,25UTA24SL01,25UTA167,D VANITHA
TAMIL,UG,Shift 1,Dr. K. ANTHONY RAJA,Basic Course in Tamil,25UTA24SL01,25UTA169,V VETRI PRAJAN
TAMIL,UG,Shift 1,Dr. K. ANTHONY RAJA,Basic Course in Tamil,25PTA2SL02,25UTA172,K SABARINATHAN
TAMIL,PG,Shift 2,Dr. K. ANTHONY RAJA,Basic Course in Tamil,25PTA2SL02,25PTA801,ΚΑΝΙΜΟΖΗΙ Α
TAMIL,PG,Shift 2,Dr. K. ANTHONY RAJA,Basic Course in Tamil,25PTA2SL02,25PTA802,SAMSON INIGO J
TAMIL,PG,Shift 2,Dr. K. ANTHONY RAJA,Basic Course in Tamil,25PTA2SL02,25PTA803,KEERTHANA R
TAMIL,PG,Shift 2,Dr. K. ANTHONY RAJA,Basic Course in Tamil,25PTA2SL02,25PTA804,HEMA R
TAMIL,PG,Shift 2,Dr. K. ANTHONY RAJA,Basic Course in Tamil,25PTA2SL02,25PTA806,STAPHINA NUNESH D
TAMIL,PG,Shift 2,Dr. K. ANTHONY RAJA,Basic Course in Tamil,25PTA2SL02,25PTA807,MANIMEKALAI M
TAMIL,PG,Shift 2,Dr. K. ANTHONY RAJA,Basic Course in Tamil,25PTA2SL02,25PTA808,FRANCIS ANTONY X
TAMIL,PG,Shift 2,Dr. K. ANTHONY RAJA,Basic Course in Tamil,25PTA2SL02,25PTA809,LOGHIDHA K
TAMIL,PG,Shift 2,Dr. K. ANTHONY RAJA,Basic Course in Tamil,25PTA2SL02,25PTA810,DIVYAKUMARI S V
TAMIL,PG,Shift 2,Dr. K. ANTHONY RAJA,Basic Course in Tamil,25PTA2SL02,25PTA811,ARASI MARLIN S J
TAMIL,PG,Shift 2,Dr. K. ANTHONY RAJA,Basic Course in Tamil,25PTA2SL02,25PTA812,SANTHIYA MARY A
TAMIL,PG,Shift 2,Dr. K. ANTHONY RAJA,Basic Course in Tamil,25PTA2SL02,25PTA813,ARTHI K
TAMIL,PG,Shift 2,Dr. K. ANTHONY RAJA,Basic Course in Tamil,25PTA2SL02,25PTA814,JANANI A
TAMIL,PG,Shift 2,Dr. K. ANTHONY RAJA,Basic Course in Tamil,25PTA2SL02,25PTA815,ALLWIN AMALRAJ A
TAMIL,PG,Shift 2,Dr. K. ANTHONY RAJA,Basic Course in Tamil,25PTA2SL02,25PTA816,JAI ARAVINTH J
TAMIL,PG,Shift 2,Dr. K. ANTHONY RAJA,Basic Course in Tamil,25PTA2SL02,25PTA817,JEEVANESHWARAN A
TAMIL,PG,Shift 2,Dr. K. ANTHONY RAJA,Basic Course in Tamil,25PTA2SL02,25PTA818,VIDHYA V
TAMIL,PG,Shift 2,Dr. K. ANTHONY RAJA,Basic Course in Tamil,25PTA2SL02,25PTA820,NATHIYAN P
VISCOM TECHNOLOGY,UG,Shift 2,Dr. Jeffrin Aldo J,Communication Skills,25UVC24SL01,25UVC501,ANTO FELIX V
VISCOM TECHNOLOGY,UG,Shift 2,Dr. Jeffrin Aldo J,Communication Skills,25UVC24SL01,25UVC502,LOGESAN J P
VISCOM TECHNOLOGY,UG,Shift 2,Dr. Jeffrin Aldo J,Communication Skills,25UVC24SL01,25UVC504,DEEPIKA P
VISCOM TECHNOLOGY,UG,Shift 2,Dr. Jeffrin Aldo J,Communication Skills,25UVC24SL01,25UVC505,SWETHA S
VISCOM TECHNOLOGY,UG,Shift 2,Dr. Jeffrin Aldo J,Communication Skills,25UVC24SL01,25UVC506,SANTHOSH AEILAN P A
VISCOM TECHNOLOGY,UG,Shift 2,Dr. Jeffrin Aldo J,Communication Skills,25UVC24SL01,25UVC507,ATCHAYA S
VISCOM TECHNOLOGY,UG,Shift 2,Dr. Jeffrin Aldo J,Communication Skills,25UVC24SL01,25UVC509,LINGESHWARAN V S
VISCOM TECHNOLOGY,UG,Shift 2,Dr. Jeffrin Aldo J,Communication Skills,25UVC24SL01,25UVC511,AARIYAN A
VISCOM TECHNOLOGY,UG,Shift 2,Dr. Jeffrin Aldo J,Communication Skills,25UVC24SL01,25UVC512,ANANTHA VARUSAN V
VISCOM TECHNOLOGY,UG,Shift 2,Dr. Jeffrin Aldo J,Communication Skills,25UVC24SL01,25UVC513,JERRISH J
VISCOM TECHNOLOGY,UG,Shift 2,Dr. Jeffrin Aldo J,Communication Skills,25UVC24SL01,25UVC514,SABARISH M
VISCOM TECHNOLOGY,UG,Shift 2,Dr. Jeffrin Aldo J,Communication Skills,25UVC24SL01,25UVC515,RAJAVARSHINI R
VISCOM TECHNOLOGY,UG,Shift 2,Dr. Jeffrin Aldo J,Communication Skills,25UVC24SL01,25UVC516,MATHESHKANNA P
VISCOM TECHNOLOGY,UG,Shift 2,Dr. Jeffrin Aldo J,Communication Skills,25UVC24SL01,25UVC517,WILSON JACK A
VISCOM TECHNOLOGY,UG,Shift 2,Dr. Jeffrin Aldo J,Communication Skills,25UVC24SL01,25UVC518,THAVARAJ DAVID G
VISCOM TECHNOLOGY,UG,Shift 2,Dr. Jeffrin Aldo J,Communication Skills,25UVC24SL01,25UVC519,AGIL MATHEW M
VISCOM TECHNOLOGY,UG,Shift 2,Dr. Jeffrin Aldo J,Communication Skills,25UVC24SL01,25UVC520,SANJAI M
VISCOM TECHNOLOGY,UG,Shift 2,Dr. Jeffrin Aldo J,Communication Skills,25UVC24SL01,25UVC521,VIVIAN JABASTIN M
VISCOM TECHNOLOGY,UG,Shift 2,Dr. Jeffrin Aldo J,Communication Skills,25UVC24SL01,25UVC523,SOWBARNIKA M
VISCOM TECHNOLOGY,UG,Shift 2,Dr. Jeffrin Aldo J,Communication Skills,25UVC24SL01,25UVC524,ARUL VIJAY D
VISCOM TECHNOLOGY,UG,Shift 2,Dr. Jeffrin Aldo J,Communication Skills,25UVC24SL01,25UVC525,MUGESHKUMAR G
VISCOM TECHNOLOGY,UG,Shift 2,Dr. Jeffrin Aldo J,Communication Skills,25UVC24SL01,25UVC526,KISHORE S
VISCOM TECHNOLOGY,UG,Shift 2,Dr. Jeffrin Aldo J,Communication Skills,25UVC24SL01,25UVC527,HEPSHIBA M
VISCOM TECHNOLOGY,UG,Shift 2,Dr. Jeffrin Aldo J,Communication Skills,25UVC24SL01,25UVC528,KARTHIKEYAN G
VISCOM TECHNOLOGY,UG,Shift 2,Dr. Jeffrin Aldo J,Communication Skills,25UVC24SL01,25UVC529,SIVASURIYAN A
VISCOM TECHNOLOGY,UG,Shift 2,Dr. Jeffrin Aldo J,Communication Skills,25UVC24SL01,25UVC530,VASANTH ATHARSAN A V
VISCOM TECHNOLOGY,UG,Shift 2,Dr. Jeffrin Aldo J,Communication Skills,25UVC24SL01,25UVC531,AJAY V
VISCOM TECHNOLOGY,UG,Shift 2,Dr. Jeffrin Aldo J,Communication Skills,25UVC24SL01,25UVC534,SINDHUJAN B
VISCOM TECHNOLOGY,UG,Shift 2,Dr. Jeffrin Aldo J,Communication Skills,25UVC24SL01,25UVC535,SRIDHAR B
VISCOM TECHNOLOGY,UG,Shift 2,Dr. Jeffrin Aldo J,Communication Skills,25UVC24SL01,25UVC536,CHANDRU M
VISCOM TECHNOLOGY,UG,Shift 2,Dr. Jeffrin Aldo J,Communication Skills,25UVC24SL01,25UVC537,ALDAN M
VISCOM TECHNOLOGY,UG,Shift 2,Dr. Jeffrin Aldo J,Communication Skills,25UVC24SL01,25UVC538,ANGEL PRIYADARSHINI V
VISCOM TECHNOLOGY,UG,Shift 2,Dr. Jeffrin Aldo J,Communication Skills,25UVC24SL01,25UVC539,BERTLIN DIVAN J
VISCOM TECHNOLOGY,UG,Shift 2,Dr. Jeffrin Aldo J,Communication Skills,25UVC24SL01,25UVC540,VASANTH N
VISCOM TECHNOLOGY,UG,Shift 2,Dr. Jeffrin Aldo J,Communication Skills,25UVC24SL01,25UVC541,AROCKIYA RESHMEN A
VISCOM TECHNOLOGY,UG,Shift 2,Dr. Jeffrin Aldo J,Communication Skills,25UVC24SL01,25UVC542,RUPAN J
VISCOM TECHNOLOGY,UG,Shift 2,Dr. Jeffrin Aldo J,Communication Skills,25UVC24SL01,25UVC544,PRANEETHA
VISCOM TECHNOLOGY,UG,Shift 2,Dr. Jeffrin Aldo J,Communication Skills,25UVC24SL01,25UVC545,SANMATHI
VISCOM TECHNOLOGY,PG,Shift 1,Dr. S. Tamilarasi,Media Laws and Ethics,25PVC2SL02,25PVC803,ANANDHA KRISHNAN G
VISCOM TECHNOLOGY,PG,Shift 1,Dr. S. Tamilarasi,Media Laws and Ethics,25PVC2SL02,25PVC808,PRAGATHEESHWARAN K
VISCOM TECHNOLOGY,PG,Shift 1,Dr. S. Tamilarasi,Media Laws and Ethics,25PVC2SL02,25PVC809,BHARATHI VARMA
VISCOM TECHNOLOGY,PG,Shift 1,Dr. S. Tamilarasi,Media Laws and Ethics,25PVC2SL02,25PVC811,AROKIYA PRAKASAM
VISCOM TECHNOLOGY,PG,Shift 1,Dr. S. Tamilarasi,Media Laws and Ethics,25PVC2SL02,25PVC818,SASVIN RAJ D
