username,firstname,lastname,course1,role1,group1
25pai801,SHRI HARISH V M,.,25PAI2SL02_Shift2_CMOHANRAJA,student,Unscheduled
25pai805,CHRIS MATTHEW,.,25PAI2SL02_Shift2_CMOHANRAJA,student,Unscheduled
25pai811,JAFFIC JESHMA J,.,25PAI2SL02_Shift2_CMOHANRAJA,student,Unscheduled
25pai812,MOHAMED RIYAS M,.,25PAI2SL02_Shift2_CMOHANRAJA,student,Unscheduled
25pai816,VISWAA G,.,25PAI2SL02_Shift2_CMOHANRAJA,student,Unscheduled
25pai823,LINITH MICHAELIN P,.,25PAI2SL02_Shift2_CMOHANRAJA,student,Unscheduled
25uai511,ARIYA KANNAA RA,.,25UAI24SL01_Shift2_DrSLAKSHMA,student,Unscheduled
25uai517,KODEESWAR M,.,25UAI24SL01_Shift2_DrSLAKSHMA,student,Unscheduled
25uai524,DINESH S,.,25UAI24SL01_Shift2_DrSLAKSHMA,student,Unscheduled
25uai526,ALWIN L,.,25UAI24SL01_Shift2_DrSLAKSHMA,student,Unscheduled
25uai527,KRITHIK ROSHAN Y,.,25UAI24SL01_Shift2_DrSLAKSHMA,student,Unscheduled
25uai529,SUBRAJA M,.,25UAI24SL01_Shift2_DrSLAKSHMA,student,Unscheduled
25uai530,DANIEL M,.,25UAI24SL01_Shift2_DrSLAKSHMA,student,Unscheduled
25uai532,RESHMA S,.,25UAI24SL01_Shift2_DrSLAKSHMA,student,Unscheduled
25uai533,SRINATH S,.,25UAI24SL01_Shift2_DrSLAKSHMA,student,Unscheduled
25uai534,ALAN S,.,25UAI24SL01_Shift2_DrSLAKSHMA,student,Unscheduled
25uai535,TEEN AZIZ S,.,25UAI24SL01_Shift2_DrSLAKSHMA,student,Unscheduled
25uai536,KEVIN D,.,25UAI24SL01_Shift2_DrSLAKSHMA,student,Unscheduled
25uai538,SIVASAKTHI S,.,25UAI24SL01_Shift2_DrSLAKSHMA,student,Unscheduled
25uai540,JOSHWA L,.,25UAI24SL01_Shift2_DrSLAKSHMA,student,Unscheduled
25uai541,KALVIN JORISH Y,.,25UAI24SL01_Shift2_DrSLAKSHMA,student,Unscheduled
25uai543,JERLIN CHRISTINA E,.,25UAI24SL01_Shift2_DrSLAKSHMA,student,Unscheduled
25uai544,KANISHKA SRI S,.,25UAI24SL01_Shift2_DrSLAKSHMA,student,Unscheduled
25uai546,JOHNSON NIHIL V,.,25UAI24SL01_Shift2_DrSLAKSHMA,student,Unscheduled
25uai547,P SPOORTHI CHOWDARY,.,25UAI24SL01_Shift2_DrSLAKSHMA,student,Unscheduled
25uai548,ALPHINO PHILIP A,.,25UAI24SL01_Shift2_DrSLAKSHMA,student,Unscheduled
25uai550,M ANOSHKA ARCHANA,.,25UAI24SL01_Shift2_DrSLAKSHMA,student,Unscheduled
25uai551,JEBA SANTOSH. P,.,25UAI24SL01_Shift2_DrSLAKSHMA,student,Unscheduled
25uai552,ANEESHKUMAR E,.,25UAI24SL01_Shift2_DrSLAKSHMA,student,Unscheduled
25uai554,YADESHWARAN K,.,25UAI24SL01_Shift2_DrSLAKSHMA,student,Unscheduled
25uai556,THAMOTHARAN A,.,25UAI24SL01_Shift2_DrSLAKSHMA,student,Unscheduled
25uai557,IGNI JONISE V,.,25UAI24SL01_Shift2_DrSLAKSHMA,student,Unscheduled
25uai561,INIYA SHREE S,.,25UAI24SL01_Shift2_DrSLAKSHMA,student,Unscheduled
25uai562,GOKULMARAN T,.,25UAI24SL01_Shift2_DrSLAKSHMA,student,Unscheduled
25uai563,SRIJAY V,.,25UAI24SL01_Shift2_DrSLAKSHMA,student,Unscheduled
25uai564,AMALA TARVIN DRAVIT J,.,25UAI24SL01_Shift2_DrSLAKSHMA,student,Unscheduled
25uai566,MAHESWARAN K,.,25UAI24SL01_Shift2_DrSLAKSHMA,student,Unscheduled
25uai567,TAMILVENDHAN R,.,25UAI24SL01_Shift2_DrSLAKSHMA,student,Unscheduled
25uai568,BOOMIKA P,.,25UAI24SL01_Shift2_DrSLAKSHMA,student,Unscheduled
25uai571,ANBARASAN S,.,25UAI24SL01_Shift2_DrSLAKSHMA,student,Unscheduled
25ucb503,Hafid Mohideen R S,.,25UCB24SL01_Shift2_Santhosh,student,10:30 am- 11:15 am
25ucb507,Josses P,.,25UCB24SL01_Shift2_Santhosh,student,Unscheduled
25ucb509,Dhivya K,.,25UCB24SL01_Shift2_Santhosh,student,10:30 am- 11:15 am
25ucb511,Niranjan R,.,25UCB24SL01_Shift2_Santhosh,student,Unscheduled
25ucb513,Nandha Sree U,.,25UCB24SL01_Shift2_Santhosh,student,Unscheduled
25ucb514,Sri Santh B,.,25UCB24SL01_Shift2_Santhosh,student,10:30 am- 11:15 am
25ucb517,Itharshana S,.,25UCB24SL01_Shift2_Santhosh,student,Unscheduled
25ucb518,Rafael S,.,25UCB24SL01_Shift2_Santhosh,student,Unscheduled
25ucb519,Diya Shree  S,.,25UCB24SL01_Shift2_Santhosh,student,Unscheduled
25ucb521,Narayanasamy G,.,25UCB24SL01_Shift2_Santhosh,student,Unscheduled
25ucb523,Jerry Godson A,.,25UCB24SL01_Shift2_Santhosh,student,Unscheduled
25ucb526,Pearl Alston D,.,25UCB24SL01_Shift2_Santhosh,student,Unscheduled
25ucb533,Briden Roy T,.,25UCB24SL01_Shift2_Santhosh,student,10:30 am- 11:15 am
25ucb534,Sri Hari P,.,25UCB24SL01_Shift2_Santhosh,student,10:30 am- 11:15 am
25ucb535,Dhanya Shree E,.,25UCB24SL01_Shift2_Santhosh,student,10:30 am- 11:15 am
25ucb537,Manimaran A,.,25UCB24SL01_Shift2_Santhosh,student,Unscheduled
25ucb538,Santhosh G,.,25UCB24SL01_Shift2_Santhosh,student,10:30 am- 11:15 am
25ucb539,Abdul Hameed S,.,25UCB24SL01_Shift2_Santhosh,student,10:30 am- 11:15 am
25ucb542,Lakshaan S,.,25UCB24SL01_Shift2_Santhosh,student,10:30 am- 11:15 am
25ucb545,Mohammed Suhail Sulthan M,.,25UCB24SL01_Shift2_Santhosh,student,10:30 am- 11:15 am
25ucb547,Elwin C,.,25UCB24SL01_Shift2_Santhosh,student,10:30 am- 11:15 am
25ucb548,Bhavadharani B,.,25UCB24SL01_Shift2_Santhosh,student,Unscheduled
25ucb552,Tanus Thyla D,.,25UCB24SL01_Shift2_Santhosh,student,Unscheduled
25ucb553,Vinith L,.,25UCB24SL01_Shift2_Santhosh,student,10:30 am- 11:15 am
25ucb554,Stanly Jordan V,.,25UCB24SL01_Shift2_Santhosh,student,Unscheduled
25ucb555,Abinav Tharsan S,.,25UCB24SL01_Shift2_Santhosh,student,10:30 am- 11:15 am
25ucb557,Ragul M,.,25UCB24SL01_Shift2_Santhosh,student,10:30 am- 11:15 am
25ucb558,Vinoshan T,.,25UCB24SL01_Shift2_Santhosh,student,10:30 am- 11:15 am
25ucb561,Ramana M,.,25UCB24SL01_Shift2_Santhosh,student,10:30 am- 11:15 am
25ucr502,Vidhya.S,.,25UCR24SL01_Shift2_GPrabhakar,student,Unscheduled
25ucr508,Varsha.B,.,25UCR24SL01_Shift2_GPrabhakar,student,Unscheduled
25ucr510,Sakthi Sundaramoorthy N,.,25UCR24SL01_Shift2_GPrabhakar,student,Unscheduled
25ucr512,Gaurika S,.,25UCR24SL01_Shift2_GPrabhakar,student,Unscheduled
25ucr513,Varun Adhiraj J,.,25UCR24SL01_Shift2_GPrabhakar,student,Unscheduled
25ucr515,Vidhya.V,.,25UCR24SL01_Shift2_GPrabhakar,student,Unscheduled
25ucr517,Varsha.V,.,25UCR24SL01_Shift2_GPrabhakar,student,Unscheduled
25ucr520,Vijayapradeesh L,.,25UCR24SL01_Shift2_GPrabhakar,student,Unscheduled
25ucr522,Sahaya Liboshini M,.,25UCR24SL01_Shift2_GPrabhakar,student,Unscheduled
25ucr526,Aravind Sree M,.,25UCR24SL01_Shift2_GPrabhakar,student,Unscheduled
25ucr528,Lalitha Nachiyar D K,.,25UCR24SL01_Shift2_GPrabhakar,student,Unscheduled
25ucr529,Atchaya Sri S,.,25UCR24SL01_Shift2_GPrabhakar,student,Unscheduled
25ucr532,Harshini S,.,25UCR24SL01_Shift2_GPrabhakar,student,Unscheduled
25ucr535,M Thiyagarajan,.,25UCR24SL01_Shift2_GPrabhakar,student,Unscheduled
25ucr536,Krishna Prasath R,.,25UCR24SL01_Shift2_GPrabhakar,student,Unscheduled
25ucr538,Pratishta I,.,25UCR24SL01_Shift2_GPrabhakar,student,Unscheduled
25ucr539,Linkesh J P,.,25UCR24SL01_Shift2_GPrabhakar,student,Unscheduled
25ucr540,Diksha R,.,25UCR24SL01_Shift2_GPrabhakar,student,Unscheduled
25ucr543,Justus Jaffrin A,.,25UCR24SL01_Shift2_GPrabhakar,student,Unscheduled
25ucr547,Shyam J,.,25UCR24SL01_Shift2_GPrabhakar,student,Unscheduled
25ucr548,Lakshmi Priya J,.,25UCR24SL01_Shift2_GPrabhakar,student,Unscheduled
25ucr550,Joano Fark V,.,25UCR24SL01_Shift2_GPrabhakar,student,Unscheduled
25ucr553,Sukkesh R,.,25UCR24SL01_Shift2_GPrabhakar,student,Unscheduled
25ucr554,Kavya M,.,25UCR24SL01_Shift2_GPrabhakar,student,Unscheduled
25ucr557,Alprince A G,.,25UCR24SL01_Shift2_GPrabhakar,student,Unscheduled
25ucr559,Priya Shakthi Varshini I,.,25UCR24SL01_Shift2_GPrabhakar,student,Unscheduled
25ucr560,Sanjay Ram A M,.,25UCR24SL01_Shift2_GPrabhakar,student,Unscheduled
25ucr561,Jassvant N S,.,25UCR24SL01_Shift2_GPrabhakar,student,Unscheduled
25ucr562,Joshua Paul,.,25UCR24SL01_Shift2_GPrabhakar,student,Unscheduled
25ucr564,Jeeva Priyan M,.,25UCR24SL01_Shift2_GPrabhakar,student,Unscheduled
25ucr566,Nolan F Rick Pan,.,25UCR24SL01_Shift2_GPrabhakar,student,Unscheduled
25ucr569,Rajagopal Nagarajan,.,25UCR24SL01_Shift2_GPrabhakar,student,Unscheduled
25ucr570,Srinivasan M,.,25UCR24SL01_Shift2_GPrabhakar,student,Unscheduled
25ucr571,Shahid Ahamed S,.,25UCR24SL01_Shift2_GPrabhakar,student,Unscheduled
25ucf503,Srivanth MK,.,25UCR24SL01_Shift2_DrVSagayaP,student,3:45 pm - 4:30 pm
25ucf504,Keerthikan AR,.,25UCR24SL01_Shift2_DrVSagayaP,student,3:45 pm - 4:30 pm
25ucf505,Brindha Rai S,.,25UCR24SL01_Shift2_DrVSagayaP,student,3:45 pm - 4:30 pm
25ucf507,Aarthi S,.,25UCR24SL01_Shift2_DrVSagayaP,student,3:45 pm - 4:30 pm
25ucf510,Sahana D,.,25UCR24SL01_Shift2_DrVSagayaP,student,3:45 pm - 4:30 pm
25ucf512,Priyadharshini P,.,25UCR24SL01_Shift2_DrVSagayaP,student,Unscheduled
25ucf514,Nandhine GR,.,25UCR24SL01_Shift2_DrVSagayaP,student,3:45 pm - 4:30 pm
25ucf516,Rithika H,.,25UCR24SL01_Shift2_DrVSagayaP,student,Unscheduled
25ucf519,Yogesh,.,25UCR24SL01_Shift2_DrVSagayaP,student,Unscheduled
25ucf521,Lalithambigai MS,.,25UCR24SL01_Shift2_DrVSagayaP,student,Unscheduled
25ucf522,Geethashree G,.,25UCR24SL01_Shift2_DrVSagayaP,student,Unscheduled
25ucf523,Suganthi P,.,25UCR24SL01_Shift2_DrVSagayaP,student,3:45 pm - 4:30 pm
25ucf526,Reshma J,.,25UCR24SL01_Shift2_DrVSagayaP,student,Unscheduled
25ucf531,Devika J,.,25UCR24SL01_Shift2_DrVSagayaP,student,3:45 pm - 4:30 pm
25ucf532,Priyanga N,.,25UCR24SL01_Shift2_DrVSagayaP,student,3:45 pm - 4:30 pm
25ucf533,Poojashree V,.,25UCR24SL01_Shift2_DrVSagayaP,student,3:45 pm - 4:30 pm
25ucf535,Balaji S,.,25UCR24SL01_Shift2_DrVSagayaP,student,3:45 pm - 4:30 pm
25ucf542,Thivika Shankar,.,25UCR24SL01_Shift2_DrVSagayaP,student,3:45 pm - 4:30 pm
25ucf543,Yuvashree K,.,25UCR24SL01_Shift2_DrVSagayaP,student,3:45 pm - 4:30 pm
25ucf544,Neha D,.,25UCR24SL01_Shift2_DrVSagayaP,student,3:45 pm - 4:30 pm
25ucf546,Dhinesh M,.,25UCR24SL01_Shift2_DrVSagayaP,student,3:45 pm - 4:30 pm
25pbi806,HEMALATHA M,.,25PBI2SL02_Shift2_DrPGGEEGI,student,Unscheduled
25pbi807,PRIYADHARSHINI A,.,25PBI2SL02_Shift2_DrPGGEEGI,student,Unscheduled
25pbi810,JAWAHAR ASLAM A,.,25PBI2SL02_Shift2_DrPGGEEGI,student,Unscheduled
25pbi811,ARUNA N,.,25PBI2SL02_Shift2_DrPGGEEGI,student,Unscheduled
25ubt518,S. Jeevitha,.,25UBT24SL01_Shift2_DrAgnesPre,student,Unscheduled
25ubt503,G. Durga,.,25UBT24SL01_Shift2_DrAgnesPre,student,Unscheduled
25ubt517,A. Kevin kanth,.,25UBT24SL01_Shift2_DrAgnesPre,student,Unscheduled
25ubt529,M. Swetha,.,25UBT24SL01_Shift2_DrAgnesPre,student,3:45 pm- 4:30 pm
25ubt524,S. Rithik Priyan,.,25UBT24SL01_Shift2_DrAgnesPre,student,3:45 pm- 4:30 pm
25ubt539,P. VishvaRanjan,.,25UBT24SL01_Shift2_DrAgnesPre,student,3:45 pm- 4:30 pm
25ubt513,S. Sri hariKrishnan,.,25UBT24SL01_Shift2_DrAgnesPre,student,Unscheduled
25ubt541,R. Felix dockshan,.,25UBT24SL01_Shift2_DrAgnesPre,student,Unscheduled
25ubt505,R. Sri Gayathri,.,25UBT24SL01_Shift2_DrAgnesPre,student,3:45 pm- 4:30 pm
25ubt502,V. Gokul Raj,.,25UBT24SL01_Shift2_DrAgnesPre,student,3:45 pm- 4:30 pm
25ubt532,I. Ebinesar,.,25UBT24SL01_Shift2_DrAgnesPre,student,3:45 pm- 4:30 pm
25ubt527,S. Devendiran,.,25UBT24SL01_Shift2_DrAgnesPre,student,3:45 pm- 4:30 pm
25pbt813,BRINDA T,.,25PBT2SL02_Shift2_DrCMuthusa,student,3:45 pm- 4:30 pm
25ubo102,Rithees Antony,.,25UBO24SL01_Shift1_DrJohnyKum,student,Unscheduled
25ubo103,Archana,.,25UBO24SL01_Shift1_DrJohnyKum,student,Unscheduled
25ubo105,Parveen Kumar,.,25UBO24SL01_Shift1_DrJohnyKum,student,Unscheduled
25ubo106,Joshua Analan,.,25UBO24SL01_Shift1_DrJohnyKum,student,Unscheduled
25ubo107,Antony Albert,.,25UBO24SL01_Shift1_DrJohnyKum,student,Unscheduled
25ubo108,Davis Aro,.,25UBO24SL01_Shift1_DrJohnyKum,student,Unscheduled
25ubo113,Varsha,.,25UBO24SL01_Shift1_DrJohnyKum,student,Unscheduled
25ubo114,Thomas,.,25UBO24SL01_Shift1_DrJohnyKum,student,Unscheduled
25ubo115,Ananth,.,25UBO24SL01_Shift1_DrJohnyKum,student,Unscheduled
25ubo119,Kuberthiran,.,25UBO24SL01_Shift1_DrJohnyKum,student,Unscheduled
25ubo120,Hari Joshua,.,25UBO24SL01_Shift1_DrJohnyKum,student,Unscheduled
25ubo121,Nouvdeep,.,25UBO24SL01_Shift1_DrJohnyKum,student,Unscheduled
25ubo123,Kothainayaki,.,25UBO24SL01_Shift1_DrJohnyKum,student,Unscheduled
25ubo125,Kayalvizhi,.,25UBO24SL01_Shift1_DrJohnyKum,student,Unscheduled
25ubo130,Gowshik,.,25UBO24SL01_Shift1_DrJohnyKum,student,Unscheduled
25ubo131,Suvathi,.,25UBO24SL01_Shift1_DrJohnyKum,student,Unscheduled
25ubo133,Krishna Hasan,.,25UBO24SL01_Shift1_DrJohnyKum,student,Unscheduled
25ubo134,Prithviraj,.,25UBO24SL01_Shift1_DrJohnyKum,student,Unscheduled
25ubo135,Harry Kriston,.,25UBO24SL01_Shift1_DrJohnyKum,student,Unscheduled
25ubo141,Daniel Jeba Raja,.,25UBO24SL01_Shift1_DrJohnyKum,student,Unscheduled
25ubo144,Christopher Andreas,.,25UBO24SL01_Shift1_DrJohnyKum,student,Unscheduled
25ubo145,Seyalan,.,25UBO24SL01_Shift1_DrJohnyKum,student,Unscheduled
25ubo147,Harish,.,25UBO24SL01_Shift1_DrJohnyKum,student,Unscheduled
25ubo151,Madhavan,.,25UBO24SL01_Shift1_DrJohnyKum,student,Unscheduled
25ubo153,Nithya Prasanth,.,25UBO24SL01_Shift1_DrJohnyKum,student,Unscheduled
25ubo154,Karpaganathan,.,25UBO24SL01_Shift1_DrJohnyKum,student,Unscheduled
25ubu501,ATALS S A,.,25UBU24SL01_Shift2_ANANDARAJB,student,09am- 9:453m
25ubu502,KOGUL V,.,25UBU24SL01_Shift2_ANANDARAJB,student,09am- 9:453m
25ubu503,HARI RAGAVA C,.,25UBU24SL01_Shift2_ANANDARAJB,student,09am- 9:453m
25ubu504,MUGESH A,.,25UBU24SL01_Shift2_ANANDARAJB,student,09am- 9:453m
25ubu506,RAGU B,.,25UBU24SL01_Shift2_ANANDARAJB,student,Unscheduled
25ubu508,BHARTHI RAJA R,.,25UBU24SL01_Shift2_ANANDARAJB,student,09am- 9:453m
25ubu509,JOHNSON B,.,25UBU24SL01_Shift2_ANANDARAJB,student,Unscheduled
25ubu510,JERON J,.,25UBU24SL01_Shift2_ANANDARAJB,student,09am- 9:453m
25ubu511,DHARSHAN P,.,25UBU24SL01_Shift2_ANANDARAJB,student,09am- 9:453m
25ubu512,YASOTHER P,.,25UBU24SL01_Shift2_ANANDARAJB,student,09am- 9:453m
25ubu513,ISMAIL A,.,25UBU24SL01_Shift2_ANANDARAJB,student,09am- 9:453m
25ubu514,DAVID J,.,25UBU24SL01_Shift2_ANANDARAJB,student,09am- 9:453m
25ubu515,UDHAYANITHI T,.,25UBU24SL01_Shift2_ANANDARAJB,student,09am- 9:453m
25ubu516,HARIHARASUDHAN V P,.,25UBU24SL01_Shift2_ANANDARAJB,student,Unscheduled
25ubu517,SNOWSON M,.,25UBU24SL01_Shift2_ANANDARAJB,student,09am- 9:453m
25ubu518,SANTHOSH PALANI S,.,25UBU24SL01_Shift2_ANANDARAJB,student,09am- 9:453m
25ubu519,DINESHKUMAR M,.,25UBU24SL01_Shift2_ANANDARAJB,student,09am- 9:453m
25ubu520,PRAVEEN RAJA A,.,25UBU24SL01_Shift2_ANANDARAJB,student,09am- 9:453m
25ubu521,JOICE RAJ A,.,25UBU24SL01_Shift2_ANANDARAJB,student,09am- 9:453m
25ubu523,SARAN M,.,25UBU24SL01_Shift2_ANANDARAJB,student,09am- 9:453m
25ubu524,SANJAY P,.,25UBU24SL01_Shift2_ANANDARAJB,student,09am- 9:453m
25ubu525,GOPI A,.,25UBU24SL01_Shift2_ANANDARAJB,student,Unscheduled
25ubu526,DOFIN GRAHAM SMITH,.,25UBU24SL01_Shift2_ANANDARAJB,student,Unscheduled
25ubu527,ARAVIND S,.,25UBU24SL01_Shift2_ANANDARAJB,student,Unscheduled
25ubu528,SARAN S,.,25UBU24SL01_Shift2_ANANDARAJB,student,Unscheduled
25ubu529,SANTHOSH S,.,25UBU24SL01_Shift2_ANANDARAJB,student,Unscheduled
25ubu532,VIGNESHWARAN V J,.,25UBU24SL01_Shift2_ANANDARAJB,student,Unscheduled
25ubu533,REEGAN J,.,25UBU24SL01_Shift2_ANANDARAJB,student,09am- 9:453m
25ubu534,KAMILESH A,.,25UBU24SL01_Shift2_ANANDARAJB,student,09am- 9:453m
25ubu535,SHANMUGARAJAN R,.,25UBU24SL01_Shift2_ANANDARAJB,student,09am- 9:453m
25ubu536,RAFELL HADDIN C,.,25UBU24SL01_Shift2_ANANDARAJB,student,09am- 9:453m
25ubu537,PRABHU M,.,25UBU24SL01_Shift2_ANANDARAJB,student,09am- 9:453m
25ubu538,RYAN  L A,.,25UBU24SL01_Shift2_ANANDARAJB,student,09am- 9:453m
25ubu539,AAKRO R,.,25UBU24SL01_Shift2_ANANDARAJB,student,Unscheduled
25ubu540,HARIKARAN G,.,25UBU24SL01_Shift2_ANANDARAJB,student,Unscheduled
25ubu541,MUNISH PANDI M,.,25UBU24SL01_Shift2_ANANDARAJB,student,09am- 9:453m
25ubu542,LAL SANJAI R,.,25UBU24SL01_Shift2_ANANDARAJB,student,Unscheduled
25ubu543,SURYA PRAKASH M,.,25UBU24SL01_Shift2_ANANDARAJB,student,Unscheduled
25ubu544,JAGATHARATCHAGAN,.,25UBU24SL01_Shift2_ANANDARAJB,student,09am- 9:453m
25ubu545,HUBERT,.,25UBU24SL01_Shift2_ANANDARAJB,student,Unscheduled
25ubu546,MAHASAKTHIVEL,.,25UBU24SL01_Shift2_ANANDARAJB,student,09am- 9:453m
25ubu547,BARLIN,.,25UBU24SL01_Shift2_ANANDARAJB,student,Unscheduled
25ubu549,GEORGE BUSH,.,25UBU24SL01_Shift2_ANANDARAJB,student,09am- 9:453m
25ubu550,NAVIN FRANK,.,25UBU24SL01_Shift2_ANANDARAJB,student,09am- 9:453m
25ubu552,MARK ANTONY,.,25UBU24SL01_Shift2_ANANDARAJB,student,09am- 9:453m
25ubu553,ROHITH,.,25UBU24SL01_Shift2_ANANDARAJB,student,Unscheduled
25ubu554,VINSTEN JANA,.,25UBU24SL01_Shift2_ANANDARAJB,student,09am- 9:453m
25ubu555,OS SABARI,.,25UBU24SL01_Shift2_ANANDARAJB,student,09am- 9:453m
25ubu557,KILINDAN JOHN,.,25UBU24SL01_Shift2_ANANDARAJB,student,09am- 9:453m
25ubu559,BEVADIT,.,25UBU24SL01_Shift2_ANANDARAJB,student,Unscheduled
25ubu561,KEVIN ROGER,.,25UBU24SL01_Shift2_ANANDARAJB,student,09.45am- 10:30 am
25ubu562,YASHWANTH,.,25UBU24SL01_Shift2_ANANDARAJB,student,09.45am- 10:30 am
25ubu563,SWADHESH,.,25UBU24SL01_Shift2_ANANDARAJB,student,09.45am- 10:30 am
25ubu564,REJO,.,25UBU24SL01_Shift2_ANANDARAJB,student,09.45am- 10:30 am
25ubu567,NISHANTH,.,25UBU24SL01_Shift2_ANANDARAJB,student,Unscheduled
25ubu568,PEATHAP SAI,.,25UBU24SL01_Shift2_ANANDARAJB,student,09.45am- 10:30 am
25ubu572,SUDEEP K,.,25UBU24SL01_Shift2_ANANDARAJB,student,Unscheduled
25ubu603,DARIUS ANGELO FITZGERAD,.,25UBU24SL01_Shift2_SINDHUJAP,student,09.45am- 10:30 am
25ubu604,ANANDH S,.,25UBU24SL01_Shift2_SINDHUJAP,student,09.45am- 10:30 am
25ubu605,MOHANMED RAFEEK S,.,25UBU24SL01_Shift2_SINDHUJAP,student,09.45am- 10:30 am
25ubu606,KISHORE KUMAR S,.,25UBU24SL01_Shift2_SINDHUJAP,student,09.45am- 10:30 am
25ubu607,VELMURUGAN D,.,25UBU24SL01_Shift2_SINDHUJAP,student,09.45am- 10:30 am
25ubu609,BALAMANIKANDAN P,.,25UBU24SL01_Shift2_SINDHUJAP,student,09.45am- 10:30 am
25ubu610,VARUNKUMAR J,.,25UBU24SL01_Shift2_SINDHUJAP,student,Unscheduled
25ubu611,HEMAS MR,.,25UBU24SL01_Shift2_SINDHUJAP,student,09.45am- 10:30 am
25ubu612,FRANMCIS HERWIN R,.,25UBU24SL01_Shift2_SINDHUJAP,student,09.45am- 10:30 am
25ubu616,JEFRIN A,.,25UBU24SL01_Shift2_SINDHUJAP,student,Unscheduled
25ubu617,KISHORE A,.,25UBU24SL01_Shift2_SINDHUJAP,student,09.45am- 10:30 am
25ubu618,PRAVIN J,.,25UBU24SL01_Shift2_SINDHUJAP,student,09.45am- 10:30 am
25ubu619,PRAVEENKUMAR B,.,25UBU24SL01_Shift2_SINDHUJAP,student,09.45am- 10:30 am
25ubu620,MOHAMAD SUHAIL M,.,25UBU24SL01_Shift2_SINDHUJAP,student,09.45am- 10:30 am
25ubu621,SAFIN JUSTIN,.,25UBU24SL01_Shift2_SINDHUJAP,student,Unscheduled
25ubu622,MOWLISVARAN AJAY K,.,25UBU24SL01_Shift2_SINDHUJAP,student,Unscheduled
25ubu623,JEFRIN BENAYA B,.,25UBU24SL01_Shift2_SINDHUJAP,student,Unscheduled
25ubu624,DEENA M,.,25UBU24SL01_Shift2_SINDHUJAP,student,Unscheduled
25ubu625,HARISH PANDI K,.,25UBU24SL01_Shift2_SINDHUJAP,student,Unscheduled
25ubu626,VIGNESH B,.,25UBU24SL01_Shift2_SINDHUJAP,student,09.45am- 10:30 am
25ubu627,DHISHANTH KV,.,25UBU24SL01_Shift2_SINDHUJAP,student,09.45am- 10:30 am
25ubu628,VIGNESH M,.,25UBU24SL01_Shift2_SINDHUJAP,student,09.45am- 10:30 am
25ubu630,ROOBAN R,.,25UBU24SL01_Shift2_SINDHUJAP,student,Unscheduled
25ubu632,SUBASH RS,.,25UBU24SL01_Shift2_SINDHUJAP,student,09.45am- 10:30 am
25ubu633,SURENTHAR M,.,25UBU24SL01_Shift2_SINDHUJAP,student,09.45am- 10:30 am
25ubu634,KARTHIKEYA N,.,25UBU24SL01_Shift2_SINDHUJAP,student,09.45am- 10:30 am
25ubu635,VENKADEESHWARAN MM,.,25UBU24SL01_Shift2_SINDHUJAP,student,Unscheduled
25ubu636,MOHAMED THOUFIO S,.,25UBU24SL01_Shift2_SINDHUJAP,student,Unscheduled
25ubu637,GOPINATH M,.,25UBU24SL01_Shift2_SINDHUJAP,student,09.45am- 10:30 am
25ubu638,SRIRAM R,.,25UBU24SL01_Shift2_SINDHUJAP,student,Unscheduled
25ubu639,HARIPRASATH J,.,25UBU24SL01_Shift2_SINDHUJAP,student,Unscheduled
25ubu640,TAMILARASAN M,.,25UBU24SL01_Shift2_SINDHUJAP,student,Unscheduled
25ubu642,VENGADA PRASANA S,.,25UBU24SL01_Shift2_SINDHUJAP,student,Unscheduled
25ubu643,ANTROBAGIYALUIE K,.,25UBU24SL01_Shift2_SINDHUJAP,student,09.45am- 10:30 am
25ubu644,YUVARAJ V,.,25UBU24SL01_Shift2_SINDHUJAP,student,Unscheduled
25ubu645,KISHORE M,.,25UBU24SL01_Shift2_SINDHUJAP,student,09.45am- 10:30 am
25ubu646,SIMON RAJ A,.,25UBU24SL01_Shift2_SINDHUJAP,student,09.45am- 10:30 am
25ubu647,AROSIMON M,.,25UBU24SL01_Shift2_SINDHUJAP,student,09.45am- 10:30 am
25ubu648,JEEVAJAYAM J,.,25UBU24SL01_Shift2_SINDHUJAP,student,Unscheduled
25ubu649,NAVEEN K,.,25UBU24SL01_Shift2_SINDHUJAP,student,09.45am- 10:30 am
25ubu650,PRAVEENKUMAR E,.,25UBU24SL01_Shift2_SINDHUJAP,student,09.45am- 10:30 am
25ubu651,KISHORE K,.,25UBU24SL01_Shift2_SINDHUJAP,student,09.45am- 10:30 am
25ubu652,KALAISELVAN K,.,25UBU24SL01_Shift2_SINDHUJAP,student,Unscheduled
25ubu653,KAMALESH I,.,25UBU24SL01_Shift2_SINDHUJAP,student,10:30am- 11:15 am
25ubu654,GURU PRASATH V,.,25UBU24SL01_Shift2_SINDHUJAP,student,10:30am- 11:15 am
25ubu655,HEMAGANESH R,.,25UBU24SL01_Shift2_SINDHUJAP,student,10:30am- 11:15 am
25ubu656,ROBIN S,.,25UBU24SL01_Shift2_SINDHUJAP,student,10:30am- 11:15 am
25ubu657,FRANKLIN ANTO T,.,25UBU24SL01_Shift2_SINDHUJAP,student,Unscheduled
25ubu658,TONY DEVOTTA J,.,25UBU24SL01_Shift2_SINDHUJAP,student,10:30am- 11:15 am
25ubu660,KARMUKILAN R,.,25UBU24SL01_Shift2_SINDHUJAP,student,Unscheduled
25ubu661,GURUMOORTHI S,.,25UBU24SL01_Shift2_SINDHUJAP,student,10:30am- 11:15 am
25ubu662,SATHIYA RUBAN S,.,25UBU24SL01_Shift2_SINDHUJAP,student,10:30am- 11:15 am
25ubu665,SREE VARMA M,.,25UBU24SL01_Shift2_SINDHUJAP,student,10:30am- 11:15 am
25ubu667,VISHAL J,.,25UBU24SL01_Shift2_SINDHUJAP,student,10:30am- 11:15 am
25ubu668,ARUL METWIN SANTHIAGU,.,25UBU24SL01_Shift2_SINDHUJAP,student,10:30am- 11:15 am
25ubu669,DHARANIDHARAN N,.,25UBU24SL01_Shift2_SINDHUJAP,student,10:30am- 11:15 am
25uch101,JOSHUA W,.,25UCH24SL01_Shift1_IIUGDrArun,student,Unscheduled
25uch102,MATHEW ANTONY S,.,25UCH24SL01_Shift1_IIUGDrArun,student,Unscheduled
25uch104,ANDREWS S,.,25UCH24SL01_Shift1_IIUGDrArun,student,Unscheduled
25uch105,RABIN L,.,25UCH24SL01_Shift1_IIUGDrArun,student,Unscheduled
25uch106,SANJAI K,.,25UCH24SL01_Shift1_IIUGDrArun,student,1:30 pm- ’2:15 pm
25uch107,RAMANAKUMARAN S S,.,25UCH24SL01_Shift1_IIUGDrArun,student,Unscheduled
25uch108,ARUN A,.,25UCH24SL01_Shift1_IIUGDrArun,student,Unscheduled
25uch110,NARAYANA VISHAL D,.,25UCH24SL01_Shift1_IIUGDrArun,student,1:30 pm- ’2:15 pm
25uch111,BALAJI J,.,25UCH24SL01_Shift1_IIUGDrArun,student,Unscheduled
25uch113,VIKASH R,.,25UCH24SL01_Shift1_IIUGDrArun,student,Unscheduled
25uch114,YUVARAJ M,.,25UCH24SL01_Shift1_IIUGDrArun,student,Unscheduled
25uch115,YOHESWARAN V,.,25UCH24SL01_Shift1_IIUGDrArun,student,Unscheduled
25uch118,YOGESH M,.,25UCH24SL01_Shift1_IIUGDrArun,student,Unscheduled
25uch119,SELVAM M,.,25UCH24SL01_Shift1_IIUGDrArun,student,Unscheduled
25uch121,RENGASAMY R,.,25UCH24SL01_Shift1_IIUGDrArun,student,1:30 pm- ’2:15 pm
25uch122,VISHNUVARTHAN S,.,25UCH24SL01_Shift1_IIUGDrArun,student,1:30 pm- ’2:15 pm
25uch123,NAVEEN RAJ R,.,25UCH24SL01_Shift1_IIUGDrArun,student,1:30 pm- ’2:15 pm
25uch124,SURESH PANDI C,.,25UCH24SL01_Shift1_IIUGDrArun,student,1:30 pm- ’2:15 pm
25uch125,RONALD J,.,25UCH24SL01_Shift1_IIUGDrArun,student,1:30 pm- ’2:15 pm
25uch126,LEO S,.,25UCH24SL01_Shift1_IIUGDrArun,student,1:30 pm- ’2:15 pm
25uch127,SIYO BRIT S,.,25UCH24SL01_Shift1_IIUGDrArun,student,1:30 pm- ’2:15 pm
25uch128,SANJAY E,.,25UCH24SL01_Shift1_IIUGDrArun,student,1:30 pm- ’2:15 pm
25uch129,MOSSES JAGARAJ M,.,25UCH24SL01_Shift1_IIUGDrArun,student,1:30 pm- ’2:15 pm
25uch130,AATHAES K,.,25UCH24SL01_Shift1_IIUGDrArun,student,1:30 pm- ’2:15 pm
25uch204,NISHANTH S,.,25UCH24SL01_Shift1_IIUGDrArun,student,2:15 pm- 3:00pm
25uch206,ABINESH S,.,25UCH24SL01_Shift1_IIUGDrArun,student,Unscheduled
25uch213,BALASUNDAR M,.,25UCH24SL01_Shift1_IIUGDrArun,student,2:15 pm- 3:00pm
25uch219,MANIKANDAN C,.,25UCH24SL01_Shift1_IIUGDrArun,student,2:15 pm- 3:00pm
25uch221,AKSHAYA KUMAR S,.,25UCH24SL01_Shift1_IIUGDrArun,student,Unscheduled
25pch129,VIMALRAJ B,.,25PCH2SL02_Shift1_DrCerilJeo,student,2:15 pm- 3:00pm
25pch130,HARISH KUMAR R,.,25PCH2SL02_Shift1_DrCerilJeo,student,Unscheduled
25pch131,SIBIL D,.,25PCH2SL02_Shift1_DrCerilJeo,student,Unscheduled
25pch802,Yuvanshankar K,.,25PCH2SL02_Shift2_DrPArockia,student,12:00 pm - 12:45 pm
25pch803,Dhayasri R,.,25PCH2SL02_Shift2_DrPArockia,student,12:00 pm - 12:45 pm
25pch804,Nandhagopal S,.,25PCH2SL02_Shift2_DrPArockia,student,12:00 pm - 12:45 pm
25pch805,Janarthanan S,.,25PCH2SL02_Shift2_DrPArockia,student,12:00 pm - 12:45 pm
25pch809,Josephne Miriyam A,.,25PCH2SL02_Shift2_DrPArockia,student,12:00 pm - 12:45 pm
25pch810,Pio Jeny M,.,25PCH2SL02_Shift2_DrPArockia,student,12:00 pm - 12:45 pm
25pch811,Charulatha G,.,25PCH2SL02_Shift2_DrPArockia,student,12:00 pm - 12:45 pm
25pch813,Gopish P,.,25PCH2SL02_Shift2_DrPArockia,student,12:00 pm - 12:45 pm
25pch814,Andrew Sebastine K,.,25PCH2SL02_Shift2_DrPArockia,student,12:00 pm - 12:45 pm
25pch817,Jenith X,.,25PCH2SL02_Shift2_DrPArockia,student,12:00 pm - 12:45 pm
25pch822,Leena Albinus L,.,25PCH2SL02_Shift2_DrPArockia,student,Unscheduled
25pch823,Harini V U,.,25PCH2SL02_Shift2_DrPArockia,student,12:00 pm - 12:45 pm
25pch824,Virtuous Glorya N,.,25PCH2SL02_Shift2_DrPArockia,student,12:00 pm - 12:45 pm
25pch828,Kiruthika S,.,25PCH2SL02_Shift2_DrPArockia,student,12:00 pm - 12:45 pm
25uco105,CASPAR RUBHAN R,.,25UCO24SL01_Shift1_DrMANTONYJ,student,2:15 pm- 3:00pm
25uco112,PREJEWAL KEVIN S,.,25UCO24SL01_Shift1_DrMANTONYJ,student,Unscheduled
25uco119,AMAL DAITARS A,.,25UCO24SL01_Shift1_DrMANTONYJ,student,2:15 pm- 3:00pm
25uco137,JEEVAN BHARATH J,.,25UCO24SL01_Shift1_DrMANTONYJ,student,2:15 pm- 3:00pm
25uco147,SUDHARSAN S,.,25UCO24SL01_Shift1_DrMANTONYJ,student,Unscheduled
25uco148,CALEB XAVIER J A,.,25UCO24SL01_Shift1_DrMANTONYJ,student,Unscheduled
25uco152,BENNY JADEN J,.,25UCO24SL01_Shift1_DrMANTONYJ,student,2:15 pm- 3:00pm
25uco158,SOORYA PRAKASH M G,.,25UCO24SL01_Shift1_DrMANTONYJ,student,Unscheduled
25uco164,INBATHAMILAN A,.,25UCO24SL01_Shift1_DrMANTONYJ,student,Unscheduled
25uco165,SHAN LANSTAN,.,25UCO24SL01_Shift1_DrMANTONYJ,student,Unscheduled
25uco170,SAI GANESH M,.,25UCO24SL01_Shift1_DrMANTONYJ,student,2:15 pm- 3:00pm
25uco205,YOKESH RAJ J,.,25UCO24SL01_Shift1_DrMANTONYJ,student,Unscheduled
25uco213,KHABILESHWAR G,.,25UCO24SL01_Shift1_DrMANTONYJ,student,Unscheduled
25uco220,MEGANLEE SEBHA T J,.,25UCO24SL01_Shift1_DrMANTONYJ,student,Unscheduled
25uco221,JOHITH N,.,25UCO24SL01_Shift1_DrMANTONYJ,student,Unscheduled
25uco224,PASTIN KISHORE V,.,25UCO24SL01_Shift1_DrMANTONYJ,student,Unscheduled
25uco226,PRASANNA M,.,25UCO24SL01_Shift1_DrMANTONYJ,student,2:15 pm- 3:00pm
25uco228,JOY MICHAEL G,.,25UCO24SL01_Shift1_DrMANTONYJ,student,2:15 pm- 3:00pm
25uco245,DHIBISH K,.,25UCO24SL01_Shift1_DrMANTONYJ,student,Unscheduled
25uco249,INFENT J,.,25UCO24SL01_Shift1_DrMANTONYJ,student,Unscheduled
25uco255,KIRUTHICK S,.,25UCO24SL01_Shift1_DrMANTONYJ,student,Unscheduled
25pco127,DEEPAK KARTHIKEYAN A,.,25PCO2SL02_Shift1_DrMANTONYJ,student,2:15 pm- 3:00pm
25pco136,KOUSHIK S,.,25PCO2SL02_Shift1_DrMANTONYJ,student,2:15 pm- 3:00pm
25uco501,ALBERT A,.,25UCO24SL01_Shift2_DrBerkmans,student,09 am - 9:45am
25uco507,SRINIVASAN N,.,25UCO24SL01_Shift2_DrBerkmans,student,09 am - 9:45am
25uco508,SATHIYA MUTHU M,.,25UCO24SL01_Shift2_DrBerkmans,student,09 am - 9:45am
25uco510,RAHUL SRINIVASAN S,.,25UCO24SL01_Shift2_DrBerkmans,student,09 am - 9:45am
25uco512,VINCENT RAJ B,.,25UCO24SL01_Shift2_DrBerkmans,student,09 am - 9:45am
25uco513,VIBINBHARATHI K,.,25UCO24SL01_Shift2_DrBerkmans,student,09 am - 9:45am
25uco514,NAVEEN V N,.,25UCO24SL01_Shift2_DrBerkmans,student,Unscheduled
25uco516,DARUNKUMAR R,.,25UCO24SL01_Shift2_DrBerkmans,student,Unscheduled
25uco519,MOHAMED ASIF RAHMAN A,.,25UCO24SL01_Shift2_DrBerkmans,student,09 am - 9:45am
25uco522,DHARMAN B,.,25UCO24SL01_Shift2_DrBerkmans,student,Unscheduled
25uco524,AUGUSTIN INFANT J,.,25UCO24SL01_Shift2_DrBerkmans,student,Unscheduled
25uco526,ADHI KRISHNAN J,.,25UCO24SL01_Shift2_DrBerkmans,student,Unscheduled
25uco527,DHARSHAN P,.,25UCO24SL01_Shift2_DrBerkmans,student,Unscheduled
25uco528,GOKULAMANI KV,.,25UCO24SL01_Shift2_DrBerkmans,student,09 am - 9:45am
25uco530,JAGANNATHAN M,.,25UCO24SL01_Shift2_DrBerkmans,student,09 am - 9:45am
25uco532,SANJAY S,.,25UCO24SL01_Shift2_DrBerkmans,student,09 am - 9:45am
25uco535,SENTHILKUMAR V,.,25UCO24SL01_Shift2_DrBerkmans,student,09 am - 9:45am
25uco536,REMI ANTONY P,.,25UCO24SL01_Shift2_DrBerkmans,student,Unscheduled
25uco537,A.DAVID ANITH RAJ,.,25UCO24SL01_Shift2_DrBerkmans,student,09 am - 9:45am
25uco538,MUGESH M,.,25UCO24SL01_Shift2_DrBerkmans,student,09 am - 9:45am
25uco540,KARTHI KEYAN N,.,25UCO24SL01_Shift2_DrBerkmans,student,09 am - 9:45am
25uco541,HAREESH V,.,25UCO24SL01_Shift2_DrBerkmans,student,Unscheduled
25uco543,THOMAS ALVA EDISON W,.,25UCO24SL01_Shift2_DrBerkmans,student,Unscheduled
25uco544,SAI PRASANNA J,.,25UCO24SL01_Shift2_DrBerkmans,student,Unscheduled
25uco545,ATHIPATHI TK,.,25UCO24SL01_Shift2_DrBerkmans,student,Unscheduled
25uco546,SAI GANESH M,.,25UCO24SL01_Shift2_DrBerkmans,student,Unscheduled
25uco548,MUKESH K,.,25UCO24SL01_Shift2_DrBerkmans,student,09 am - 9:45am
25uco551,YESHWANTH R,.,25UCO24SL01_Shift2_DrBerkmans,student,Unscheduled
25uco552,KIRUBA SABARY S,.,25UCO24SL01_Shift2_DrBerkmans,student,09 am - 9:45am
25uco554,NITIN ADHIK .SR,.,25UCO24SL01_Shift2_DrBerkmans,student,09 am - 9:45am
25uco555,PUNEET B,.,25UCO24SL01_Shift2_DrBerkmans,student,Unscheduled
25uco556,RATHISH M,.,25UCO24SL01_Shift2_DrBerkmans,student,09 am - 9:45am
25uco557,EDISON S,.,25UCO24SL01_Shift2_DrBerkmans,student,09 am - 9:45am
25uco559,THARAN R,.,25UCO24SL01_Shift2_DrBerkmans,student,09 am - 9:45am
25uco560,ANTO JERIL A,.,25UCO24SL01_Shift2_DrBerkmans,student,09 am - 9:45am
25uco561,RAMANATHAN.L,.,25UCO24SL01_Shift2_DrBerkmans,student,09 am - 9:45am
25uco562,VIGNESH B,.,25UCO24SL01_Shift2_DrBerkmans,student,Unscheduled
25uco565,THARUN P,.,25UCO24SL01_Shift2_DrBerkmans,student,Unscheduled
25uco566,DEEPAN R,.,25UCO24SL01_Shift2_DrBerkmans,student,Unscheduled
25uco568,ANTO JOSHUA J,.,25UCO24SL01_Shift2_DrBerkmans,student,Unscheduled
25uco569,THANNARASU G,.,25UCO24SL01_Shift2_DrBerkmans,student,Unscheduled
25uco570,DEENADHAYALAN S,.,25UCO24SL01_Shift2_DrBerkmans,student,Unscheduled
25uco571,DIVIYABALAN S,.,25UCO24SL01_Shift2_DrBerkmans,student,09 am - 9:45am
25uco572,MOHAMED AJMAL K,.,25UCO24SL01_Shift2_DrBerkmans,student,09 am - 9:45am
25uco602,VISHNU DARSHAN G,.,25UCO24SL01_Shift2_DrBerkmans,student,09 am - 9:45am
25uco604,RAJA SEKAR R,.,25UCO24SL01_Shift2_DrBerkmans,student,09 am - 9:45am
25uco606,ABISHEK P,.,25UCO24SL01_Shift2_DrBerkmans,student,09 am - 9:45am
25uco607,ARUN PRASATH G,.,25UCO24SL01_Shift2_DrBerkmans,student,Unscheduled
25uco608,KAVIN JOSHUA RP,.,25UCO24SL01_Shift2_DrBerkmans,student,09 am - 9:45am
25uco611,DINESH KUMAR B,.,25UCO24SL01_Shift2_DrBerkmans,student,09 am - 9:45am
25uco613,MEYYADURAI A,.,25UCO24SL01_Shift2_DrBerkmans,student,09.45 am- 10:30 am
25uco615,THARUN S,.,25UCO24SL01_Shift2_DrBerkmans,student,09.45 am- 10:30 am
25uco616,AATHIRAJA G,.,25UCO24SL01_Shift2_DrBerkmans,student,09.45 am- 10:30 am
25uco617,SAKTHIVEL S,.,25UCO24SL01_Shift2_DrBerkmans,student,09.45 am- 10:30 am
25uco618,THILAGAR M,.,25UCO24SL01_Shift2_DrBerkmans,student,Unscheduled
25uco619,SARAVANAN R,.,25UCO24SL01_Shift2_DrBerkmans,student,Unscheduled
25uco622,JOE PASTIN J,.,25UCO24SL01_Shift2_DrBerkmans,student,Unscheduled
25uco624,MATHAN KUMAR M,.,25UCO24SL01_Shift2_DrBerkmans,student,09.45 am- 10:30 am
25uco625,RAJA RAM S,.,25UCO24SL01_Shift2_DrBerkmans,student,09.45 am- 10:30 am
25uco627,RABIN RASAN S,.,25UCO24SL01_Shift2_DrBerkmans,student,Unscheduled
25uco628,SAKTHIVEL R,.,25UCO24SL01_Shift2_DrBerkmans,student,09.45 am- 10:30 am
25uco629,ABDUL AZEEZ R,.,25UCO24SL01_Shift2_DrBerkmans,student,09.45 am- 10:30 am
25uco630,SURESH LAWRANS RAJA M,.,25UCO24SL01_Shift2_DrBerkmans,student,09.45 am- 10:30 am
25uco631,SRIRAM S,.,25UCO24SL01_Shift2_DrBerkmans,student,Unscheduled
25uco632,FAZIL AHAMED S,.,25UCO24SL01_Shift2_DrBerkmans,student,Unscheduled
25uco633,HARJITH S,.,25UCO24SL01_Shift2_DrBerkmans,student,09.45 am- 10:30 am
25uco635,JUSTICE PATRIC A,.,25UCO24SL01_Shift2_DrBerkmans,student,09.45 am- 10:30 am
25uco638,NAVEENKUMAR N,.,25UCO24SL01_Shift2_DrBerkmans,student,09.45 am- 10:30 am
25uco642,TAMILSELVAN V,.,25UCO24SL01_Shift2_DrBerkmans,student,09.45 am- 10:30 am
25uco644,PADMANABAN M,.,25UCO24SL01_Shift2_DrBerkmans,student,09.45 am- 10:30 am
25uco645,LEVIN ANTO I,.,25UCO24SL01_Shift2_DrBerkmans,student,Unscheduled
25uco646,SANTHOSH R,.,25UCO24SL01_Shift2_DrBerkmans,student,09.45 am- 10:30 am
25uco648,PRAKASH ALLVIN W,.,25UCO24SL01_Shift2_DrBerkmans,student,09.45 am- 10:30 am
25uco651,LAKSHARAN M,.,25UCO24SL01_Shift2_DrBerkmans,student,09.45 am- 10:30 am
25uco653,ALOSIOUS J,.,25UCO24SL01_Shift2_DrBerkmans,student,09.45 am- 10:30 am
25uco654,MUTHU VISWA K,.,25UCO24SL01_Shift2_DrBerkmans,student,09.45 am- 10:30 am
25uco655,MOHAMED FAISAL J,.,25UCO24SL01_Shift2_DrBerkmans,student,09.45 am- 10:30 am
25uco656,VIGNESHKUMAR S,.,25UCO24SL01_Shift2_DrBerkmans,student,09.45 am- 10:30 am
25uco657,SAM ANTONY RAI D,.,25UCO24SL01_Shift2_DrBerkmans,student,Unscheduled
25uco658,VIJAYAKUMAR G,.,25UCO24SL01_Shift2_DrBerkmans,student,09.45 am- 10:30 am
25uco662,VISHVA S,.,25UCO24SL01_Shift2_DrBerkmans,student,09.45 am- 10:30 am
25uco663,THANGA DINESH PANDIAN TM,.,25UCO24SL01_Shift2_DrBerkmans,student,09.45 am- 10:30 am
25uco665,MANO MILTON SH,.,25UCO24SL01_Shift2_DrBerkmans,student,Unscheduled
25uco666,VASANTHAGOPI S,.,25UCO24SL01_Shift2_DrBerkmans,student,Unscheduled
25uco667,JASIN R,.,25UCO24SL01_Shift2_DrBerkmans,student,09.45 am- 10:30 am
25uco701,SREE HARI PRAKASH C,.,25UCO24SL01_Shift2_DrBerkmans,student,09.45 am- 10:30 am
25uco702,SARATHY PK,.,25UCO24SL01_Shift2_DrBerkmans,student,09.45 am- 10:30 am
25uco703,GIRIJESH VP,.,25UCO24SL01_Shift2_DrBerkmans,student,09.45 am- 10:30 am
25uco705,PRASANNA M,.,25UCO24SL01_Shift2_DrBerkmans,student,09.45 am- 10:30 am
25uco709,UDHAYAN BUSH THARCIS S,.,25UCO24SL01_Shift2_DrBerkmans,student,Unscheduled
25uco710,SANJAY D,.,25UCO24SL01_Shift2_DrBerkmans,student,09.45 am- 10:30 am
25uco711,HARISH M,.,25UCO24SL01_Shift2_DrBerkmans,student,09.45 am- 10:30 am
25uco713,KISHORE P,.,25UCO24SL01_Shift2_DrBerkmans,student,09.45 am- 10:30 am
25uco714,KEERTHI VASAN V,.,25UCO24SL01_Shift2_DrBerkmans,student,09.45 am- 10:30 am
25uco715,GOGULAN R,.,25UCO24SL01_Shift2_DrBerkmans,student,Unscheduled
25uco716,MOHAMED NISAR N,.,25UCO24SL01_Shift2_DrBerkmans,student,09.45 am- 10:30 am
25uco717,HARISH V,.,25UCO24SL01_Shift2_DrBerkmans,student,09.45 am- 10:30 am
25uco718,PRABANJAN N,.,25UCO24SL01_Shift2_DrBerkmans,student,09.45 am- 10:30 am
25uco720,ALEN ANTO A,.,25UCO24SL01_Shift2_DrBerkmans,student,09.45 am- 10:30 am
25uco721,JAYANTH G,.,25UCO24SL01_Shift2_DrBerkmans,student,Unscheduled
25uco724,PONRAMAKRISHNAN G,.,25UCO24SL01_Shift2_DrBerkmans,student,10:30 am- 11:15 am
25uco725,DHARUN N,.,25UCO24SL01_Shift2_DrBerkmans,student,10:30 am- 11:15 am
25uco726,DHANUSH M,.,25UCO24SL01_Shift2_DrBerkmans,student,10:30 am- 11:15 am
25uco728,BASIL ROY A,.,25UCO24SL01_Shift2_DrBerkmans,student,10:30 am- 11:15 am
25uco729,JOYAL NISHANTH D,.,25UCO24SL01_Shift2_DrBerkmans,student,10:30 am- 11:15 am
25uco730,JOSTIN J,.,25UCO24SL01_Shift2_DrBerkmans,student,10:30 am- 11:15 am
25uco731,SRIVIGNESHRAJ R,.,25UCO24SL01_Shift2_DrBerkmans,student,10:30 am- 11:15 am
25uco733,BARANI K,.,25UCO24SL01_Shift2_DrBerkmans,student,Unscheduled
25uco735,SUBRAMANIYASWAMY M,.,25UCO24SL01_Shift2_DrBerkmans,student,10:30 am- 11:15 am
25uco736,SABAREESWARAN S,.,25UCO24SL01_Shift2_DrBerkmans,student,Unscheduled
25uco737,NAVEENKISHORE S,.,25UCO24SL01_Shift2_DrBerkmans,student,Unscheduled
25uco738,TAMILARASAN S,.,25UCO24SL01_Shift2_DrBerkmans,student,Unscheduled
25uco739,BARANIKUMAR S,.,25UCO24SL01_Shift2_DrBerkmans,student,10:30 am- 11:15 am
25uco740,JAGANATH S,.,25UCO24SL01_Shift2_DrBerkmans,student,Unscheduled
25uco744,SUJITH C,.,25UCO24SL01_Shift2_DrBerkmans,student,10:30 am- 11:15 am
25uco745,DHEEMATH S,.,25UCO24SL01_Shift2_DrBerkmans,student,10:30 am- 11:15 am
25uco746,NAVEEN R,.,25UCO24SL01_Shift2_DrBerkmans,student,10:30 am- 11:15 am
25uco750,ROSARIYO S,.,25UCO24SL01_Shift2_DrBerkmans,student,10:30 am- 11:15 am
25uco754,NOVA LENIS C,.,25UCO24SL01_Shift2_DrBerkmans,student,10:30 am- 11:15 am
25uco755,BALAVIGNESH M,.,25UCO24SL01_Shift2_DrBerkmans,student,10:30 am- 11:15 am
25uco758,KATHAN S,.,25UCO24SL01_Shift2_DrBerkmans,student,10:30 am- 11:15 am
25uco759,ROBERT BENADICT M,.,25UCO24SL01_Shift2_DrBerkmans,student,10:30 am- 11:15 am
25uco760,JOY RITHICK J,.,25UCO24SL01_Shift2_DrBerkmans,student,10:30 am- 11:15 am
25uco761,LOGESHWARAN D,.,25UCO24SL01_Shift2_DrBerkmans,student,10:30 am- 11:15 am
25uco762,VIGNESH D,.,25UCO24SL01_Shift2_DrBerkmans,student,10:30 am- 11:15 am
25uco763,SURYA C,.,25UCO24SL01_Shift2_DrBerkmans,student,10:30 am- 11:15 am
25uco764,HARISH JAYARAJ S,.,25UCO24SL01_Shift2_DrBerkmans,student,10:30 am- 11:15 am
25uco766,YUVAN SUTHANESH T M,.,25UCO24SL01_Shift2_DrBerkmans,student,10:30 am- 11:15 am
25uco770,STEPHEN RAJ V,.,25UCO24SL01_Shift2_DrBerkmans,student,10:30 am- 11:15 am
25ucc501,Jaiganesh,.,25UCC24SL01_Shift2_DrArumugam,student,Unscheduled
25ucc502,Deenadhayalan,.,25UCC24SL01_Shift2_DrArumugam,student,Unscheduled
25ucc503,Allen joshua,.,25UCC24SL01_Shift2_DrArumugam,student,Unscheduled
25ucc505,Bhupeshbalaji,.,25UCC24SL01_Shift2_DrArumugam,student,Unscheduled
25ucc507,Angelo,.,25UCC24SL01_Shift2_DrArumugam,student,Unscheduled
25ucc506,NANDHAKUMAR,.,25UCC24SL01_Shift2_DrArumugam,student,Unscheduled
25ucc508,SUSINTHAR.K,.,25UCC24SL01_Shift2_DrArumugam,student,Unscheduled
25ucc509,Tharun pandian,.,25UCC24SL01_Shift2_DrArumugam,student,Unscheduled
25ucc511,Asvinth,.,25UCC24SL01_Shift2_DrArumugam,student,Unscheduled
25ucc512,Benjamin,.,25UCC24SL01_Shift2_DrArumugam,student,Unscheduled
25ucc510,JOHN SAVIO C.B,.,25UCC24SL01_Shift2_DrArumugam,student,Unscheduled
25ucc516,A.SUBASH JOHNSON,.,25UCC24SL01_Shift2_DrArumugam,student,Unscheduled
25ucc523,S SIVARAMAN,.,25UCC24SL01_Shift2_DrArumugam,student,Unscheduled
25ucc517,Timon jose,.,25UCC24SL01_Shift2_DrArumugam,student,Unscheduled
25ucc520,Kavin raja,.,25UCC24SL01_Shift2_DrArumugam,student,Unscheduled
25ucc522,Santhosh kumar,.,25UCC24SL01_Shift2_DrArumugam,student,Unscheduled
25ucc523,Sivaraman,.,25UCC24SL01_Shift2_DrArumugam,student,Unscheduled
25ucc524,Delphin joel,.,25UCC24SL01_Shift2_DrArumugam,student,Unscheduled
25ucc525,Cyril,.,25UCC24SL01_Shift2_DrArumugam,student,Unscheduled
25ucc527,Midhun dev,.,25UCC24SL01_Shift2_DrArumugam,student,Unscheduled
25ucc528,Jayamithran,.,25UCC24SL01_Shift2_DrArumugam,student,Unscheduled
25ucc532,Ahamadulla,.,25UCC24SL01_Shift2_DrArumugam,student,Unscheduled
25ucc534,Sabarish,.,25UCC24SL01_Shift2_DrArumugam,student,Unscheduled
25ucc535,jennis,.,25UCC24SL01_Shift2_DrArumugam,student,Unscheduled
25ucc536,jerson,.,25UCC24SL01_Shift2_DrArumugam,student,Unscheduled
25ucc538,ponnishwaran,.,25UCC24SL01_Shift2_DrArumugam,student,Unscheduled
25ucc539,MATHEW JENO PAUL,.,25UCC24SL01_Shift2_DrArumugam,student,Unscheduled
25ucc540,Rijo jeferson,.,25UCC24SL01_Shift2_DrArumugam,student,Unscheduled
25ucc518,HARISH,.,25UCC24SL01_Shift2_DrArumugam,student,Unscheduled
25ucc529,BALAJI S,.,25UCC24SL01_Shift2_DrArumugam,student,Unscheduled
25ucc530,HARIHARAN T,.,25UCC24SL01_Shift2_DrArumugam,student,Unscheduled
25ucc531,Yuvaraj,.,25UCC24SL01_Shift2_DrArumugam,student,Unscheduled
25ucc533,ANTONY BOSE,.,25UCC24SL01_Shift2_DrArumugam,student,Unscheduled
25ucc537,LINGESHWARA.R,.,25UCC24SL01_Shift2_DrArumugam,student,Unscheduled
25ucc541,Abishek raj,.,25UCC24SL01_Shift2_DrArumugam,student,Unscheduled
25ucc539,MATHEW JENO PAUL,.,25UCC24SL01_Shift2_DrArumugam,student,Unscheduled
25ucc542,KAJITHRAJ,.,25UCC24SL01_Shift2_DrArumugam,student,Unscheduled
25ucc543,Vijaya ragavan,.,25UCC24SL01_Shift2_DrArumugam,student,Unscheduled
25ucc544,Harkishan,.,25UCC24SL01_Shift2_DrArumugam,student,Unscheduled
25ucc545,Santhosh,.,25UCC24SL01_Shift2_DrArumugam,student,Unscheduled
25ucc546,Nathon diva,.,25UCC24SL01_Shift2_DrArumugam,student,Unscheduled
25ucc548,Giftson,.,25UCC24SL01_Shift2_DrArumugam,student,Unscheduled
25ucc547,S .Dinesh,.,25UCC24SL01_Shift2_DrArumugam,student,Unscheduled
25ucc551,ROSHAN A,.,25UCC24SL01_Shift2_DrArumugam,student,Unscheduled
25ucc552,VINOTH V,.,25UCC24SL01_Shift2_DrArumugam,student,Unscheduled
25ucc553,RAMADURAI G,.,25UCC24SL01_Shift2_DrArumugam,student,Unscheduled
25ucc556,SUMITHRAN,.,25UCC24SL01_Shift2_DrArumugam,student,Unscheduled
25ucc557,JEGAN J,.,25UCC24SL01_Shift2_DrArumugam,student,Unscheduled
25ucc601,ADHITHIYAS,.,25UCC24SL01_Shift2_DrArumugam,student,Unscheduled
25ucc602,MICHAELSELVAMR,.,25UCC24SL01_Shift2_DrArumugam,student,Unscheduled
25ucc603,CHOWMIYANA,.,25UCC24SL01_Shift2_DrArumugam,student,Unscheduled
25ucc604,JOSHWAP,.,25UCC24SL01_Shift2_DrArumugam,student,Unscheduled
25ucc605,KARTHIKE,.,25UCC24SL01_Shift2_DrArumugam,student,Unscheduled
25ucc606,AJAYJONESA,.,25UCC24SL01_Shift2_DrArumugam,student,Unscheduled
25ucc607,ROBERTRONALDOM,.,25UCC24SL01_Shift2_DrArumugam,student,Unscheduled
25ucc608,RUBINM,.,25UCC24SL01_Shift2_DrArumugam,student,Unscheduled
25ucc609,YOGESHS,.,25UCC24SL01_Shift2_DrArumugam,student,Unscheduled
25ucc610,PRIYADARSHANB,.,25UCC24SL01_Shift2_DrArumugam,student,Unscheduled
25ucc611,LOGESHWARANB,.,25UCC24SL01_Shift2_DrArumugam,student,Unscheduled
25ucc612,SUDHARSHANANK,.,25UCC24SL01_Shift2_DrArumugam,student,Unscheduled
25ucc613,SETHUPATHIA,.,25UCC24SL01_Shift2_DrArumugam,student,Unscheduled
25ucc614,SARVENDIRAP,.,25UCC24SL01_Shift2_DrArumugam,student,Unscheduled
25ucc615,MUKILANA,.,25UCC24SL01_Shift2_DrArumugam,student,Unscheduled
25ucc616,SEBASTINJEBINI,.,25UCC24SL01_Shift2_DrArumugam,student,Unscheduled
25ucc617,YOGESHWARANM,.,25UCC24SL01_Shift2_DrArumugam,student,Unscheduled
25ucc618,MOHAMEDHASSANABBASSM,.,25UCC24SL01_Shift2_DrArumugam,student,Unscheduled
25ucc619,SAMAROCKIAJEBINJ,.,25UCC24SL01_Shift2_DrArumugam,student,Unscheduled
25ucc620,DHUSHYANTHS,.,25UCC24SL01_Shift2_DrArumugam,student,Unscheduled
25ucc621,PRABHUS,.,25UCC24SL01_Shift2_DrArumugam,student,Unscheduled
25ucc622,HARIPRASATHS,.,25UCC24SL01_Shift2_DrArumugam,student,Unscheduled
25ucc623,JOEAKILS,.,25UCC24SL01_Shift2_DrArumugam,student,Unscheduled
25ucc624,KAMALESHG,.,25UCC24SL01_Shift2_DrArumugam,student,Unscheduled
25ucc625,PARTHIPANMP,.,25UCC24SL01_Shift2_DrArumugam,student,Unscheduled
25ucc628,ANTONYROHANU,.,25UCC24SL01_Shift2_DrArumugam,student,Unscheduled
25ucc629,PRAVINKANTHTR,.,25UCC24SL01_Shift2_DrArumugam,student,Unscheduled
25ucc630,MUKILNILAVANP,.,25UCC24SL01_Shift2_DrArumugam,student,Unscheduled
25ucc631,ARONJ,.,25UCC24SL01_Shift2_DrArumugam,student,Unscheduled
25ucc632,YOVANA,.,25UCC24SL01_Shift2_DrArumugam,student,Unscheduled
25ucc633,PRASANTHR,.,25UCC24SL01_Shift2_DrArumugam,student,Unscheduled
25ucc634,NITHINBIYOL,.,25UCC24SL01_Shift2_DrArumugam,student,Unscheduled
25ucc635,ANTROSEA,.,25UCC24SL01_Shift2_DrArumugam,student,Unscheduled
25ucc636,SUDHAKARK,.,25UCC24SL01_Shift2_DrArumugam,student,Unscheduled
25ucc637,JEBINARONA,.,25UCC24SL01_Shift2_DrArumugam,student,Unscheduled
25ucc638,MADHANRAJUR,.,25UCC24SL01_Shift2_DrArumugam,student,Unscheduled
25ucc639,ASHIFNEHOA,.,25UCC24SL01_Shift2_DrArumugam,student,Unscheduled
25ucc640,ALLWINROSHANM,.,25UCC24SL01_Shift2_DrArumugam,student,Unscheduled
25ucc641,LARSENJERUSELRAJJ,.,25UCC24SL01_Shift2_DrArumugam,student,Unscheduled
25ucc642,MAANASEEGANR,.,25UCC24SL01_Shift2_DrArumugam,student,Unscheduled
25ucc643,DHARNESHM,.,25UCC24SL01_Shift2_DrArumugam,student,Unscheduled
25ucc644,THEORISHEAVENRAJP,.,25UCC24SL01_Shift2_DrArumugam,student,Unscheduled
25ucc645,JABINABISHV,.,25UCC24SL01_Shift2_DrArumugam,student,Unscheduled
25ucc646,JEYAJOHNPAULJ,.,25UCC24SL01_Shift2_DrArumugam,student,Unscheduled
25ucc647,KAMALKP,.,25UCC24SL01_Shift2_DrArumugam,student,Unscheduled
25ucc648,VARUNKUMART,.,25UCC24SL01_Shift2_DrArumugam,student,Unscheduled
25ucc649,CHARLESA,.,25UCC24SL01_Shift2_DrArumugam,student,Unscheduled
25ucc650,ABISHEKSIMIYONV,.,25UCC24SL01_Shift2_DrArumugam,student,Unscheduled
25ucc651,KARUNAM,.,25UCC24SL01_Shift2_DrArumugam,student,Unscheduled
25ucc652,DASHVANTHR,.,25UCC24SL01_Shift2_DrArumugam,student,Unscheduled
25ucc653,DHARANISHT,.,25UCC24SL01_Shift2_DrArumugam,student,Unscheduled
25ucc654,AKASHR,.,25UCC24SL01_Shift2_DrArumugam,student,Unscheduled
25ucc655,EDWINANTOV,.,25UCC24SL01_Shift2_DrArumugam,student,Unscheduled
25ucc656,VIMALRAJV,.,25UCC24SL01_Shift2_DrArumugam,student,Unscheduled
25ucc657,BHARATHKUMARK,.,25UCC24SL01_Shift2_DrArumugam,student,Unscheduled
25ucc658,AROCKIARICHARDA,.,25UCC24SL01_Shift2_DrArumugam,student,Unscheduled
25ucc659,HARIPRASATHS,.,25UCC24SL01_Shift2_DrArumugam,student,Unscheduled
25ucc660,SEFREINJ,.,25UCC24SL01_Shift2_DrArumugam,student,Unscheduled
25ucc662,SACHINK,.,25UCC24SL01_Shift2_DrArumugam,student,Unscheduled
25ucc701,SHARONX,.,25UCC24SL01_Shift2_DrArumugam,student,Unscheduled
25ucc702,NIRMALANTOP,.,25UCC24SL01_Shift2_DrArumugam,student,Unscheduled
25ucc703,YOHAESUWARANS,.,25UCC24SL01_Shift2_DrArumugam,student,Unscheduled
25ucc706,BARANIDHARANM,.,25UCC24SL01_Shift2_DrArumugam,student,Unscheduled
25ucc708,MAGESHWARANR,.,25UCC24SL01_Shift2_DrArumugam,student,Unscheduled
25ucc709,DHARNISHCK,.,25UCC24SL01_Shift2_DrArumugam,student,Unscheduled
25ucc710,MOHAMEDSHAHITHA,.,25UCC24SL01_Shift2_DrArumugam,student,Unscheduled
25ucc711,MOHAMEDARSHATHS,.,25UCC24SL01_Shift2_DrArumugam,student,Unscheduled
25ucc713,AMARNATHV,.,25UCC24SL01_Shift2_DrArumugam,student,Unscheduled
25ucc714,ANTOJOHNSONJ,.,25UCC24SL01_Shift2_DrArumugam,student,Unscheduled
25ucc715,YOGESHB,.,25UCC24SL01_Shift2_DrArumugam,student,Unscheduled
25ucc716,JOHNMICHAELK,.,25UCC24SL01_Shift2_DrArumugam,student,Unscheduled
25ucc717,AESUVAJEROC,.,25UCC24SL01_Shift2_DrArumugam,student,Unscheduled
25ucc718,ABISHEKNATHG,.,25UCC24SL01_Shift2_DrArumugam,student,Unscheduled
25ucc719,DHANUSHKUMARP,.,25UCC24SL01_Shift2_DrArumugam,student,Unscheduled
25ucc720,RICHARDA,.,25UCC24SL01_Shift2_DrArumugam,student,Unscheduled
25ucc721,ARPUTHAFANISHA,.,25UCC24SL01_Shift2_DrArumugam,student,Unscheduled
25ucc722,PRASANNAP,.,25UCC24SL01_Shift2_DrArumugam,student,Unscheduled
25ucc723,KISHORS,.,25UCC24SL01_Shift2_DrArumugam,student,Unscheduled
25ucc724,VASUVIKRAMV,.,25UCC24SL01_Shift2_DrArumugam,student,Unscheduled
25ucc725,LOGESHWARANS,.,25UCC24SL01_Shift2_DrArumugam,student,Unscheduled
25ucc726,ANDREWSSUBISTENP,.,25UCC24SL01_Shift2_DrArumugam,student,Unscheduled
25ucc727,ABISHEKLEAVEL,.,25UCC24SL01_Shift2_DrArumugam,student,Unscheduled
25ucc728,RITHICKC,.,25UCC24SL01_Shift2_DrArumugam,student,Unscheduled
25ucc729,SANTHOSHA,.,25UCC24SL01_Shift2_DrArumugam,student,Unscheduled
25ucc730,ALFRICVINISHRAJV,.,25UCC24SL01_Shift2_DrArumugam,student,Unscheduled
25ucc731,UMAMAHESWARANV,.,25UCC24SL01_Shift2_DrArumugam,student,Unscheduled
25ucc733,JANARTHANANV,.,25UCC24SL01_Shift2_DrArumugam,student,Unscheduled
25ucc734,ARNESHF,.,25UCC24SL01_Shift2_DrArumugam,student,Unscheduled
25ucc735,NISHANTHA,.,25UCC24SL01_Shift2_DrArumugam,student,Unscheduled
25ucc736,RAMASWAMYT,.,25UCC24SL01_Shift2_DrArumugam,student,Unscheduled
25ucc737,ANTONYROHITHT,.,25UCC24SL01_Shift2_DrArumugam,student,Unscheduled
25ucc738,DHARNISHWARANC,.,25UCC24SL01_Shift2_DrArumugam,student,Unscheduled
25ucc739,ARUNKUMARS,.,25UCC24SL01_Shift2_DrArumugam,student,Unscheduled
25ucc740,IGNACIESASHLEYP,.,25UCC24SL01_Shift2_DrArumugam,student,Unscheduled
25ucc741,ALOCIOUSA,.,25UCC24SL01_Shift2_DrArumugam,student,Unscheduled
25ucc742,LOURDHURONALDP,.,25UCC24SL01_Shift2_DrArumugam,student,Unscheduled
25ucc743,BRITTOXAVIERJ,.,25UCC24SL01_Shift2_DrArumugam,student,Unscheduled
25ucc744,KANISHKRS,.,25UCC24SL01_Shift2_DrArumugam,student,Unscheduled
25ucc745,SIVASANKARANM,.,25UCC24SL01_Shift2_DrArumugam,student,Unscheduled
25ucc746,VIJAYMANIMARANS,.,25UCC24SL01_Shift2_DrArumugam,student,Unscheduled
25ucc747,CHRISKEWINA,.,25UCC24SL01_Shift2_DrArumugam,student,Unscheduled
25ucc748,HARSHANN,.,25UCC24SL01_Shift2_DrArumugam,student,Unscheduled
25ucc749,JAMESVILFRATI,.,25UCC24SL01_Shift2_DrArumugam,student,Unscheduled
25ucc750,SHREYASS,.,25UCC24SL01_Shift2_DrArumugam,student,Unscheduled
25ucc753,ARULAPPANJ,.,25UCC24SL01_Shift2_DrArumugam,student,Unscheduled
25ucc754,HARISHV,.,25UCC24SL01_Shift2_DrArumugam,student,Unscheduled
25ucc755,DAAVIDLEONC,.,25UCC24SL01_Shift2_DrArumugam,student,Unscheduled
25ucc756,HARIHARANR,.,25UCC24SL01_Shift2_DrArumugam,student,Unscheduled
25ucc757,VISHWANANDV,.,25UCC24SL01_Shift2_DrArumugam,student,Unscheduled
25ucc758,LEOSESVINPAULT,.,25UCC24SL01_Shift2_DrArumugam,student,Unscheduled
25ucc759,GILBERTABISEKX,.,25UCC24SL01_Shift2_DrArumugam,student,Unscheduled
25ucc760,KILIMACJOHNK,.,25UCC24SL01_Shift2_DrArumugam,student,Unscheduled
25ucc761,SUJINMARSHALA,.,25UCC24SL01_Shift2_DrArumugam,student,Unscheduled
25ucc762,RAGUPATHIU,.,25UCC24SL01_Shift2_DrArumugam,student,Unscheduled
25ucc763,DONALDJ,.,25UCC24SL01_Shift2_DrArumugam,student,Unscheduled
25ucc764,BALABESKINA,.,25UCC24SL01_Shift2_DrArumugam,student,Unscheduled
25ucc765,BRATLINLOURDUP,.,25UCC24SL01_Shift2_DrArumugam,student,Unscheduled
25ucc766,SIVASARAVANAN,.,25UCC24SL01_Shift2_DrArumugam,student,Unscheduled
25ucc767,AKASHANANDS,.,25UCC24SL01_Shift2_DrArumugam,student,Unscheduled
25ucc768,VIGNESHWARANM,.,25UCC24SL01_Shift2_DrArumugam,student,Unscheduled
25ucc769,TARAMOMOKOT,.,25UCC24SL01_Shift2_DrArumugam,student,Unscheduled
25pcc801,JESMI INFANTA A,.,25PCC2SL02_Shift2_DrArul,student,Unscheduled
25pcc815,VASANTHI V,.,25PCC2SL02_Shift2_DrArul,student,Unscheduled
25pcc816,JEROFIYA A,.,25PCC2SL02_Shift2_DrArul,student,Unscheduled
25pcc817,MONISHA C,.,25PCC2SL02_Shift2_DrArul,student,Unscheduled
25pcc819,PRIYADHARSHINI S,.,25PCC2SL02_Shift2_DrArul,student,Unscheduled
25pcc820,JENIFER ASHA J,.,25PCC2SL02_Shift2_DrArul,student,Unscheduled
25pcc824,AAKASH K,.,25PCC2SL02_Shift2_DrArul,student,Unscheduled
25pcc825,SANTHANA GOPALA KRISHNAN G,.,25PCC2SL02_Shift2_DrArul,student,Unscheduled
25pcc836,SENTHIL RAGAVENDRAN R,.,25PCC2SL02_Shift2_DrArul,student,Unscheduled
25pcc841,YASHINI N,.,25PCC2SL02_Shift2_DrArul,student,Unscheduled
25ucs101,MATHEW SANTINO J,.,25UCS24SL01_Shift1_RevDrSanti,student,pm - pm
25ucs102,TONY JIDEN J,.,25UCS24SL01_Shift1_RevDrSanti,student,pm - pm
25ucs104,AMALAN B,.,25UCS24SL01_Shift1_RevDrSanti,student,pm - pm
25ucs105,BRITTO JACK R,.,25UCS24SL01_Shift1_RevDrSanti,student,pm - pm
25ucs106,JOYAL KUMAR A,.,25UCS24SL01_Shift1_RevDrSanti,student,pm - pm
25ucs107,DANIEL MONFORT M,.,25UCS24SL01_Shift1_RevDrSanti,student,pm - pm
25ucs109,ANTO AMALAN FREUD A,.,25UCS24SL01_Shift1_RevDrSanti,student,pm - pm
25ucs110,PROPOSON A,.,25UCS24SL01_Shift1_RevDrSanti,student,pm - pm
25ucs111,YOSUVA G,.,25UCS24SL01_Shift1_RevDrSanti,student,pm - pm
25ucs113,MARIA JOSHUVA S,.,25UCS24SL01_Shift1_RevDrSanti,student,pm - pm
25ucs114,CHRISTY SAHAYA RAJA A,.,25UCS24SL01_Shift1_RevDrSanti,student,pm - pm
25ucs116,BALA BOOPATHI S,.,25UCS24SL01_Shift1_RevDrSanti,student,pm - pm
25ucs118,MAXIMUS M,.,25UCS24SL01_Shift1_RevDrSanti,student,pm - pm
25ucs119,THAMODHARAN T,.,25UCS24SL01_Shift1_RevDrSanti,student,pm - pm
25ucs120,SARATHI R,.,25UCS24SL01_Shift1_RevDrSanti,student,pm - pm
25ucs121,PRITHIVIRAJ B,.,25UCS24SL01_Shift1_RevDrSanti,student,pm - pm
25ucs123,VIVEKANANDHAN C,.,25UCS24SL01_Shift1_RevDrSanti,student,pm - pm
25ucs125,SESHAN CHANDHURU A,.,25UCS24SL01_Shift1_RevDrSanti,student,pm - pm
25ucs126,VISHAL M,.,25UCS24SL01_Shift1_RevDrSanti,student,pm - pm
25ucs127,DOMINIC ANTONY J,.,25UCS24SL01_Shift1_RevDrSanti,student,pm - pm
25ucs129,ROSHAN MATHEW V,.,25UCS24SL01_Shift1_RevDrSanti,student,pm - pm
25ucs131,SHARON FRANCILIN F,.,25UCS24SL01_Shift1_RevDrSanti,student,pm - pm
25ucs133,LEO P,.,25UCS24SL01_Shift1_RevDrSanti,student,pm - pm
25ucs134,JOSE ROBIN S,.,25UCS24SL01_Shift1_RevDrSanti,student,pm - pm
25ucs135,AGNEL JOHN L,.,25UCS24SL01_Shift1_RevDrSanti,student,pm - pm
25ucs138,ARISTO S,.,25UCS24SL01_Shift1_RevDrSanti,student,pm - pm
25ucs139,PRAVIN KUMAR D,.,25UCS24SL01_Shift1_RevDrSanti,student,pm - pm
25ucs140,SELVA M,.,25UCS24SL01_Shift1_RevDrSanti,student,pm - pm
25ucs141,ROHITH SELVA I,.,25UCS24SL01_Shift1_RevDrSanti,student,pm - pm
25ucs142,XAVIER JOEL Y,.,25UCS24SL01_Shift1_RevDrSanti,student,pm - pm
25ucs145,ARUL MECHANCY K,.,25UCS24SL01_Shift1_RevDrSanti,student,pm - pm
25ucs147,SHARO NIGMON R,.,25UCS24SL01_Shift1_RevDrSanti,student,pm - pm
25ucs148,KEVIN ROHAN R,.,25UCS24SL01_Shift1_RevDrSanti,student,pm - pm
25ucs149,SRI JOSHVAN A,.,25UCS24SL01_Shift1_RevDrSanti,student,pm - pm
25ucs151,HENTRY JIBIN R,.,25UCS24SL01_Shift1_RevDrSanti,student,pm - pm
25ucs152,JOE AKASH F,.,25UCS24SL01_Shift1_RevDrSanti,student,pm - pm
25ucs153,REX STALIN A,.,25UCS24SL01_Shift1_RevDrSanti,student,pm - pm
25ucs155,JERVIN LORDSON S,.,25UCS24SL01_Shift1_RevDrSanti,student,pm - pm
25ucs156,JUSTUS LOUVIN P,.,25UCS24SL01_Shift1_RevDrSanti,student,pm - pm
25ucs157,JOE SHERIL C,.,25UCS24SL01_Shift1_RevDrSanti,student,pm - pm
25ucs158,ASWIN SANTHOSHKUMAR,.,25UCS24SL01_Shift1_RevDrSanti,student,pm - pm
25ucs159,AKASH A,.,25UCS24SL01_Shift1_RevDrSanti,student,pm - pm
25ucs160,ABISHEK R,.,25UCS24SL01_Shift1_RevDrSanti,student,pm - pm
25ucs161,BESKIN L,.,25UCS24SL01_Shift1_RevDrSanti,student,pm - pm
25ucs162,KILSON JOHN S,.,25UCS24SL01_Shift1_RevDrSanti,student,pm - pm
25ucs163,SAHAYA SARJU S,.,25UCS24SL01_Shift1_RevDrSanti,student,pm - pm
25ucs164,TIVAKAR D K,.,25UCS24SL01_Shift1_RevDrSanti,student,pm - pm
25ucs166,VISHAL R,.,25UCS24SL01_Shift1_RevDrSanti,student,pm - pm
25ucs167,ASWANTH B,.,25UCS24SL01_Shift1_RevDrSanti,student,Unscheduled
25ucs168,YUMKHAIBAM RAJIYA UL,.,25UCS24SL01_Shift1_RevDrSanti,student,Unscheduled
25ucs169,GILBERT AROCK P,.,25UCS24SL01_Shift1_RevDrSanti,student,2:lS pm - 3:00 pm
25ucs170,DESINGRAJ Y,.,25UCS24SL01_Shift1_RevDrSanti,student,2:lS pm - 3:00 pm
25ucs172,RAGUL S,.,25UCS24SL01_Shift1_RevDrSanti,student,2:lS pm - 3:00 pm
25ucs173,PRADEEP S,.,25UCS24SL01_Shift1_RevDrSanti,student,2:lS pm - 3:00 pm
25ucs174,PERIYASAMY S,.,25UCS24SL01_Shift1_RevDrSanti,student,2:lS pm - 3:00 pm
25pca123,MELGISHA INFANTA A,.,25PCA2SL02_Shift1_DrAVIMALJE,student,Unscheduled
25pca130,SNOBAN S,.,25PCA2SL02_Shift1_DrAVIMALJE,student,Unscheduled
25pca132,JERRIN SHURTHI M ,.,25PCA2SL02_Shift1_DrAVIMALJE,student,Unscheduled
25pca153,SANGAMITHIRA D ,.,25PCA2SL02_Shift1_DrAVIMALJE,student,Unscheduled
25pca156,THARUN PRASATH ,.,25PCA2SL02_Shift1_DrAVIMALJE,student,Unscheduled
25ucs501,PRIYADHARSHAN S,.,25UCS24SL01_Shift2_DrSSathyap,student,Unscheduled
25ucs504,J SUJITH RAJ,.,25UCS24SL01_Shift2_DrSSathyap,student,10:30am- 11:15 am
25ucs505,LEO SANTHAN T A,.,25UCS24SL01_Shift2_DrSSathyap,student,Unscheduled
25ucs509,KOUSHAL JASAN J,.,25UCS24SL01_Shift2_DrSSathyap,student,10:30am- 11:15 am
25ucs513,DONI JERALDU C,.,25UCS24SL01_Shift2_DrSSathyap,student,10:30am- 11:15 am
25ucs514,JOSHUA A,.,25UCS24SL01_Shift2_DrSSathyap,student,10:30am- 11:15 am
25ucs515,SURIYA J,.,25UCS24SL01_Shift2_DrSSathyap,student,Unscheduled
25ucs516,LEONARD V,.,25UCS24SL01_Shift2_DrSSathyap,student,10:30am- 11:15 am
25ucs517,ABINESH MK,.,25UCS24SL01_Shift2_DrSSathyap,student,Unscheduled
25ucs518,GIDEON RAJAN S,.,25UCS24SL01_Shift2_DrSSathyap,student,Unscheduled
25ucs519,YUVARAJ P,.,25UCS24SL01_Shift2_DrSSathyap,student,Unscheduled
25ucs520,JOY RABINSON I,.,25UCS24SL01_Shift2_DrSSathyap,student,Unscheduled
25ucs523,SANJAYKUMAR S,.,25UCS24SL01_Shift2_DrSSathyap,student,Unscheduled
25ucs525,YOGADHARSHAN V,.,25UCS24SL01_Shift2_DrSSathyap,student,Unscheduled
25ucs526,SAVARIRAJ J,.,25UCS24SL01_Shift2_DrSSathyap,student,Unscheduled
25ucs528,MANISHANKAR R,.,25UCS24SL01_Shift2_DrSSathyap,student,10:30am- 11:15 am
25ucs531,PRAJAY A,.,25UCS24SL01_Shift2_DrSSathyap,student,Unscheduled
25ucs532,PAUL RAJ S,.,25UCS24SL01_Shift2_DrSSathyap,student,10:30am- 11:15 am
25ucs534,MUKESH T,.,25UCS24SL01_Shift2_DrSSathyap,student,10:30am- 11:15 am
25ucs537,SRI HARISH B,.,25UCS24SL01_Shift2_DrSSathyap,student,10:30am- 11:15 am
25ucs539,SANTHOSH KUMAR L,.,25UCS24SL01_Shift2_DrSSathyap,student,Unscheduled
25ucs542,TAMILSELVAN S,.,25UCS24SL01_Shift2_DrSSathyap,student,Unscheduled
25ucs543,VISHWA S,.,25UCS24SL01_Shift2_DrSSathyap,student,10:30am- 11:15 am
25ucs544,MUKILAN V,.,25UCS24SL01_Shift2_DrSSathyap,student,Unscheduled
25ucs545,AARON A,.,25UCS24SL01_Shift2_DrSSathyap,student,Unscheduled
25ucs546,HARISH M,.,25UCS24SL01_Shift2_DrSSathyap,student,Unscheduled
25ucs547,HARIHARAN S,.,25UCS24SL01_Shift2_DrSSathyap,student,10:30am- 11:15 am
25ucs548,DIWAKAR M,.,25UCS24SL01_Shift2_DrSSathyap,student,10:30am- 11:15 am
25ucs550,VISHWA M,.,25UCS24SL01_Shift2_DrSSathyap,student,10:30am- 11:15 am
25ucs552,PRAVEEN KISHORE T,.,25UCS24SL01_Shift2_DrSSathyap,student,10:30am- 11:15 am
25ucs554,RUBERT D,.,25UCS24SL01_Shift2_DrSSathyap,student,10:30am- 11:15 am
25ucs555,WILSON VIJAYRAJ V,.,25UCS24SL01_Shift2_DrSSathyap,student,Unscheduled
25ucs556,ARO SEBASTIN A,.,25UCS24SL01_Shift2_DrSSathyap,student,Unscheduled
25ucs557,ALAN RAJ A,.,25UCS24SL01_Shift2_DrSSathyap,student,10:30am- 11:15 am
25ucs562,SANTOSH K,.,25UCS24SL01_Shift2_DrSSathyap,student,10:30am- 11:15 am
25ucs565,VIGNESHWARAN R,.,25UCS24SL01_Shift2_DrSSathyap,student,10:30am- 11:15 am
25ucs601,SELLWIN . D,.,25UCS24SL01_Shift2_MsSherined,student,11:15 am- 12:00pm
25ucs606,ARUL S,.,25UCS24SL01_Shift2_MsSherined,student,11:15 am- 12:00pm
25ucs609,HALTAN KENNY L,.,25UCS24SL01_Shift2_MsSherined,student,11:15 am- 12:00pm
25ucs612,NIRMAL R,.,25UCS24SL01_Shift2_MsSherined,student,11:15 am- 12:00pm
25ucs613,SARVESH R,.,25UCS24SL01_Shift2_MsSherined,student,Unscheduled
25ucs616,NIKESH ANANDH J,.,25UCS24SL01_Shift2_MsSherined,student,11:15 am- 12:00pm
25ucs618,KESAVARAJ M,.,25UCS24SL01_Shift2_MsSherined,student,Unscheduled
25ucs619,SARAVANA KUMAR R,.,25UCS24SL01_Shift2_MsSherined,student,11:15 am- 12:00pm
25ucs621,SANJAY PANDI M,.,25UCS24SL01_Shift2_MsSherined,student,11:15 am- 12:00pm
25ucs625,ABISHEK KRISHNA R,.,25UCS24SL01_Shift2_MsSherined,student,11:15 am- 12:00pm
25ucs629,ATHERSH J,.,25UCS24SL01_Shift2_MsSherined,student,Unscheduled
25ucs631,RONISH JEFRIN J,.,25UCS24SL01_Shift2_MsSherined,student,11:15 am- 12:00pm
25ucs632,SELVA KUMAR.K,.,25UCS24SL01_Shift2_MsSherined,student,11:15 am- 12:00pm
25ucs634,SRI BALAMURUGAN B C,.,25UCS24SL01_Shift2_MsSherined,student,Unscheduled
25ucs636,BAHUL B,.,25UCS24SL01_Shift2_MsSherined,student,11:15 am- 12:00pm
25ucs637,SIYAMRAJ W,.,25UCS24SL01_Shift2_MsSherined,student,Unscheduled
25ucs640,HARIHARAN M,.,25UCS24SL01_Shift2_MsSherined,student,11:15 am- 12:00pm
25ucs642,AJAY S,.,25UCS24SL01_Shift2_MsSherined,student,11:15 am- 12:00pm
25ucs644,SHANMUGAVEL B P,.,25UCS24SL01_Shift2_MsSherined,student,11:15 am- 12:00pm
25ucs646,EASWAR R,.,25UCS24SL01_Shift2_MsSherined,student,Unscheduled
25ucs649,SUDHARSAN S,.,25UCS24SL01_Shift2_MsSherined,student,11:15 am- 12:00pm
25ucs650,RISHI KUMAR K,.,25UCS24SL01_Shift2_MsSherined,student,Unscheduled
25ucs652,AMOSH A,.,25UCS24SL01_Shift2_MsSherined,student,Unscheduled
25ucs653,MELVIN NOBEL J,.,25UCS24SL01_Shift2_MsSherined,student,Unscheduled
25ucs654,DOMINIC NICHOLAS S,.,25UCS24SL01_Shift2_MsSherined,student,Unscheduled
25ucs656,SARAVANA KUMAR A,.,25UCS24SL01_Shift2_MsSherined,student,Unscheduled
25ucs657,KATHEROLI S,.,25UCS24SL01_Shift2_MsSherined,student,11:15 am- 12:00pm
25ucs658,MOTHILALPRASATH I,.,25UCS24SL01_Shift2_MsSherined,student,Unscheduled
25ucs659,AMEER KHAN N,.,25UCS24SL01_Shift2_MsSherined,student,Unscheduled
25ucs660,GOKULAKRISHNAN B,.,25UCS24SL01_Shift2_MsSherined,student,Unscheduled
25ucs661,VENGATESAN M,.,25UCS24SL01_Shift2_MsSherined,student,11:15 am- 12:00pm
25ucs662,DEEPAK V,.,25UCS24SL01_Shift2_MsSherined,student,11:15 am- 12:00pm
25ucs801,JOSE ALAN MICHAEL A,.,25UCS24SL01_Shift2_MsIReshmaM,student,11:15 am- 12:00pm
25ucs802,ALAN DEV K,.,25UCS24SL01_Shift2_MsIReshmaM,student,Unscheduled
25ucs805,MALMURUGAN K,.,25UCS24SL01_Shift2_MsIReshmaM,student,Unscheduled
25ucs806,EBIRAJ I,.,25UCS24SL01_Shift2_MsIReshmaM,student,Unscheduled
25ucs807,DHANUSH MANICKAM A,.,25UCS24SL01_Shift2_MsIReshmaM,student,Unscheduled
25ucs808,JATHUSON P,.,25UCS24SL01_Shift2_MsIReshmaM,student,Unscheduled
25ucs810,THARKESH R,.,25UCS24SL01_Shift2_MsIReshmaM,student,Unscheduled
25ucs812,HARI MADHAVAN S,.,25UCS24SL01_Shift2_MsIReshmaM,student,11:15 am- 12:00pm
25ucs813,ANGJERUSHLIN J,.,25UCS24SL01_Shift2_MsIReshmaM,student,11:15 am- 12:00pm
25ucs820,DHARANIDHARAN.S,.,25UCS24SL01_Shift2_MsIReshmaM,student,11:15 am- 12:00pm
25ucs821,SRIVANTH MJ,.,25UCS24SL01_Shift2_MsIReshmaM,student,11:15 am- 12:00pm
25ucs823,GOPINATH R,.,25UCS24SL01_Shift2_MsIReshmaM,student,11:15 am- 12:00pm
25ucs829,HARISH A,.,25UCS24SL01_Shift2_MsIReshmaM,student,11:15 am- 12:00pm
25ucs830,ROHITH S,.,25UCS24SL01_Shift2_MsIReshmaM,student,Unscheduled
25ucs833,JOHN BRITTO B,.,25UCS24SL01_Shift2_MsIReshmaM,student,11:15 am- 12:00pm
25ucs835,SANTHOSH KUMAR S,.,25UCS24SL01_Shift2_MsIReshmaM,student,11:15 am- 12:00pm
25ucs836,SRI S,.,25UCS24SL01_Shift2_MsIReshmaM,student,11:15 am- 12:00pm
25ucs837,SAMUEL M,.,25UCS24SL01_Shift2_MsIReshmaM,student,Unscheduled
25ucs838,ROSHAN LOURDHU RAJ G,.,25UCS24SL01_Shift2_MsIReshmaM,student,12:00 pm- 12:45 pm
25ucs839,GURU PRASATH S,.,25UCS24SL01_Shift2_MsIReshmaM,student,Unscheduled
25ucs840,KENNADICT IDHAYARASAN S,.,25UCS24SL01_Shift2_MsIReshmaM,student,Unscheduled
25ucs841,PRASANNA M,.,25UCS24SL01_Shift2_MsIReshmaM,student,Unscheduled
25ucs844,PRAVEEN M,.,25UCS24SL01_Shift2_MsIReshmaM,student,Unscheduled
25ucs846,KARTHIKEYAN R,.,25UCS24SL01_Shift2_MsIReshmaM,student,12:00 pm- 12:45 pm
25ucs848,HARIDASS S,.,25UCS24SL01_Shift2_MsIReshmaM,student,Unscheduled
25ucs849,RAJA S,.,25UCS24SL01_Shift2_MsIReshmaM,student,Unscheduled
25ucs850,CLEMENT JOSE J,.,25UCS24SL01_Shift2_MsIReshmaM,student,12:00 pm- 12:45 pm
25ucs854,RITHIKKISHORE A MR,.,25UCS24SL01_Shift2_MsIReshmaM,student,Unscheduled
25ucs856,BALAJI K,.,25UCS24SL01_Shift2_MsIReshmaM,student,12:00 pm- 12:45 pm
25ucs857,DIVINE RICHARD V,.,25UCS24SL01_Shift2_MsIReshmaM,student,12:00 pm- 12:45 pm
25ucs858,RUBANRAJ P,.,25UCS24SL01_Shift2_MsIReshmaM,student,12:00 pm- 12:45 pm
25ucs859,SAIRAM S,.,25UCS24SL01_Shift2_MsIReshmaM,student,Unscheduled
25ucs860,VASANTH KUMAR S,.,25UCS24SL01_Shift2_MsIReshmaM,student,12:00 pm- 12:45 pm
25ucs861,LEWIS JOEL J,.,25UCS24SL01_Shift2_MsIReshmaM,student,Unscheduled
25ucs863,PRASANNA T,.,25UCS24SL01_Shift2_MsIReshmaM,student,Unscheduled
25ucs865,LEEKANTH M,.,25UCS24SL01_Shift2_MsIReshmaM,student,12:00 pm- 12:45 pm
25ucs701,D. Godwin,.,25UCS24SL01_Shift2_DrRSakthir,student,12:00 pm- 12:45 pm
25ucs704,F.Ezekiah David,.,25UCS24SL01_Shift2_DrRSakthir,student,Unscheduled
25ucs705,A. mohamed navas,.,25UCS24SL01_Shift2_DrRSakthir,student,Unscheduled
25ucs707,C.Chandrakash,.,25UCS24SL01_Shift2_DrRSakthir,student,12:00 pm- 12:45 pm
25ucs708,A. Leo edwin,.,25UCS24SL01_Shift2_DrRSakthir,student,Unscheduled
25ucs710,T. Akilesh,.,25UCS24SL01_Shift2_DrRSakthir,student,Unscheduled
25ucs714,S. Antony Deepak,.,25UCS24SL01_Shift2_DrRSakthir,student,Unscheduled
25ucs716,M.V. Boopathi,.,25UCS24SL01_Shift2_DrRSakthir,student,Unscheduled
25ucs717,I.P. Thangaveeramani,.,25UCS24SL01_Shift2_DrRSakthir,student,12:00 pm- 12:45 pm
25ucs718,T. Kamalesh,.,25UCS24SL01_Shift2_DrRSakthir,student,Unscheduled
25ucs719,S.S. Sebastinvenan,.,25UCS24SL01_Shift2_DrRSakthir,student,Unscheduled
25ucs720,M. Mahendran,.,25UCS24SL01_Shift2_DrRSakthir,student,Unscheduled
25ucs722,K.Thiyaneshwar,.,25UCS24SL01_Shift2_DrRSakthir,student,12:00 pm- 12:45 pm
25ucs726,T. Jeisingh,.,25UCS24SL01_Shift2_DrRSakthir,student,Unscheduled
25ucs728,S. Deepak,.,25UCS24SL01_Shift2_DrRSakthir,student,12:00 pm- 12:45 pm
25ucs729,R. Jerin Jebastin,.,25UCS24SL01_Shift2_DrRSakthir,student,Unscheduled
25ucs733,R.Thanesha Roshan,.,25UCS24SL01_Shift2_DrRSakthir,student,Unscheduled
25ucs734,C. Parthiban,.,25UCS24SL01_Shift2_DrRSakthir,student,Unscheduled
25ucs736,M.yogaswaran,.,25UCS24SL01_Shift2_DrRSakthir,student,Unscheduled
25ucs738,S.Navaskhan,.,25UCS24SL01_Shift2_DrRSakthir,student,Unscheduled
25ucs740,A.Santo Dejo,.,25UCS24SL01_Shift2_DrRSakthir,student,Unscheduled
25ucs742,A.Sakthivel,.,25UCS24SL01_Shift2_DrRSakthir,student,12:00 pm- 12:45 pm
25ucs743,R.R.Nithish raj,.,25UCS24SL01_Shift2_DrRSakthir,student,12:00 pm- 12:45 pm
25ucs746,M.Milton,.,25UCS24SL01_Shift2_DrRSakthir,student,12:00 pm- 12:45 pm
25ucs747,M. Vijayarajan,.,25UCS24SL01_Shift2_DrRSakthir,student,12:00 pm- 12:45 pm
25ucs752,R.Cyril Britto,.,25UCS24SL01_Shift2_DrRSakthir,student,12:00 pm- 12:45 pm
25ucs755,V.P.Elavarasan,.,25UCS24SL01_Shift2_DrRSakthir,student,12:00 pm- 12:45 pm
25ucs758,S Arockia Jerone,.,25UCS24SL01_Shift2_DrRSakthir,student,Unscheduled
25ucs760,I.Sameerkhan,.,25UCS24SL01_Shift2_DrRSakthir,student,12:00 pm- 12:45 pm
25ucs761,K.Rithish,.,25UCS24SL01_Shift2_DrRSakthir,student,12:00 pm- 12:45 pm
25ucs766,S.Pugazhenthi,.,25UCS24SL01_Shift2_DrRSakthir,student,12:00 pm- 12:45 pm
25pcp814,NITHYA SRI R,.,25PCP2SL02_Shift2_MsFMChrist,student,12:00 pm - 12:45 pm
25pcp816,ARTHI A,.,25PCP2SL02_Shift2_MsFMChrist,student,12:00 pm - 12:45 pm
25pcp824,TAQIYYA A,.,25PCP2SL02_Shift2_MsFMChrist,student,12:00 pm - 12:45 pm
25pcp826,DINESH ARULANANDHAM,.,25PCP2SL02_Shift2_MsFMChrist,student,12:00 pm - 12:45 pm
25pcp827,SHYAM KUMAR S,.,25PCP2SL02_Shift2_MsFMChrist,student,12:00 pm - 12:45 pm
25pcp828,PRANAV,.,25PCP2SL02_Shift2_MsFMChrist,student,12:00 pm - 12:45 pm
25uec102,Supriya B ,.,25UEC24SL01_Shift1_DrKAMichae,student,Unscheduled
25uec103,Ragul C ,.,25UEC24SL01_Shift1_DrKAMichae,student,Unscheduled
25uec104,Subasri S ,.,25UEC24SL01_Shift1_DrKAMichae,student,Unscheduled
25uec105,Ayuthiswar S ,.,25UEC24SL01_Shift1_DrKAMichae,student,Unscheduled
25uec106,Durga Bala K ,.,25UEC24SL01_Shift1_DrKAMichae,student,Unscheduled
25uec107,Vinothani V ,.,25UEC24SL01_Shift1_DrKAMichae,student,Unscheduled
25uec109,Jerlin I ,.,25UEC24SL01_Shift1_DrKAMichae,student,Unscheduled
25uec110,Srivarshan R ,.,25UEC24SL01_Shift1_DrKAMichae,student,Unscheduled
25uec111,Kesavan M ,.,25UEC24SL01_Shift1_DrKAMichae,student,Unscheduled
25uec113,Vigneshwaram D ,.,25UEC24SL01_Shift1_DrKAMichae,student,Unscheduled
25uec114,Kavinraj C ,.,25UEC24SL01_Shift1_DrKAMichae,student,Unscheduled
25uec115,Dinesh M ,.,25UEC24SL01_Shift1_DrKAMichae,student,Unscheduled
25uec116,Victor J ,.,25UEC24SL01_Shift1_DrKAMichae,student,Unscheduled
25uec120,Logesh A ,.,25UEC24SL01_Shift1_DrKAMichae,student,Unscheduled
25uec122,Kishan M ,.,25UEC24SL01_Shift1_DrKAMichae,student,Unscheduled
25uec123,Swetha K ,.,25UEC24SL01_Shift1_DrKAMichae,student,Unscheduled
25uec125,Bala M ,.,25UEC24SL01_Shift1_DrKAMichae,student,Unscheduled
25uec126,Benit Infant A ,.,25UEC24SL01_Shift1_DrKAMichae,student,Unscheduled
25uec128,Rebiya Dharani A ,.,25UEC24SL01_Shift1_DrKAMichae,student,Unscheduled
25uec129,Mariya Robert M ,.,25UEC24SL01_Shift1_DrKAMichae,student,Unscheduled
25uec130,Vasanthakumar M ,.,25UEC24SL01_Shift1_DrKAMichae,student,Unscheduled
25uec132,Gowsikaran G ,.,25UEC24SL01_Shift1_DrKAMichae,student,Unscheduled
25uec133,Pakkiyalakahmi R ,.,25UEC24SL01_Shift1_DrKAMichae,student,Unscheduled
25uec135,Rithick Roshan P ,.,25UEC24SL01_Shift1_DrKAMichae,student,Unscheduled
25uec137,Meega Ivanjalin Y ,.,25UEC24SL01_Shift1_DrKAMichae,student,Unscheduled
25uec138,Livingston W ,.,25UEC24SL01_Shift1_DrKAMichae,student,Unscheduled
25uec139,Deva Senathipathy R ,.,25UEC24SL01_Shift1_DrKAMichae,student,Unscheduled
25uec142,Thiru Arul G P ,.,25UEC24SL01_Shift1_DrKAMichae,student,Unscheduled
25uec144,Sridurgha B ,.,25UEC24SL01_Shift1_DrKAMichae,student,Unscheduled
25uec145,Arul Milton L ,.,25UEC24SL01_Shift1_DrKAMichae,student,Unscheduled
25uec146,Pugazhenthi V ,.,25UEC24SL01_Shift1_DrKAMichae,student,Unscheduled
25uec147,Srinithi M ,.,25UEC24SL01_Shift1_DrKAMichae,student,Unscheduled
25uec148,Kumaran S ,.,25UEC24SL01_Shift1_DrKAMichae,student,Unscheduled
25uec149,Gawtham Jose D ,.,25UEC24SL01_Shift1_DrKAMichae,student,Unscheduled
25uec150,Yuvaraj S ,.,25UEC24SL01_Shift1_DrKAMichae,student,Unscheduled
25uec152,N Vaishnavi ,.,25UEC24SL01_Shift1_DrKAMichae,student,Unscheduled
25uec155,Mark Vishal V ,.,25UEC24SL01_Shift1_DrKAMichae,student,Unscheduled
25uec156,Naveen M ,.,25UEC24SL01_Shift1_DrKAMichae,student,Unscheduled
25uec157,Abinesh A ,.,25UEC24SL01_Shift1_DrKAMichae,student,Unscheduled
25uec158,R Kavitha ,.,25UEC24SL01_Shift1_DrKAMichae,student,Unscheduled
25uec163,Bharath P ,.,25UEC24SL01_Shift1_DrKAMichae,student,Unscheduled
25uec164,Pavulraj A ,.,25UEC24SL01_Shift1_DrKAMichae,student,Unscheduled
25uec165,Letchumipadi J ,.,25UEC24SL01_Shift1_DrKAMichae,student,Unscheduled
25uec167,Rabin Clement Raj P ,.,25UEC24SL01_Shift1_DrKAMichae,student,Unscheduled
25uec168,Nagothu Yaswanthraju ,.,25UEC24SL01_Shift1_DrKAMichae,student,Unscheduled
25uec169,Sachin Boliarsingh ,.,25UEC24SL01_Shift1_DrKAMichae,student,Unscheduled
25uec170,Srinandhini P ,.,25UEC24SL01_Shift1_DrKAMichae,student,Unscheduled
25uec171,Hariharan D ,.,25UEC24SL01_Shift1_DrKAMichae,student,Unscheduled
25pec101,RENALDY GRACIA R,.,25PEC2SL02_Shift1_DrSPRobert,student,Unscheduled
25pec103,LAKSHANA S,.,25PEC2SL02_Shift1_DrSPRobert,student,Unscheduled
25pec106,VAISHNAVI M,.,25PEC2SL02_Shift1_DrSPRobert,student,Unscheduled
25uel501,RAJESH KANNA S,.,25UEL24SL01_Shift2_MrVVictorr,student,12:00 pm - 12:45 pm
25uel503,RAGURAM D,.,25UEL24SL01_Shift2_MrVVictorr,student,12:00 pm - 12:45 pm
25uel504,MOHAMED SHAJJATH M,.,25UEL24SL01_Shift2_MrVVictorr,student,12:00 pm - 12:45 pm
25uel505,ABISHEK L,.,25UEL24SL01_Shift2_MrVVictorr,student,12:00 pm - 12:45 pm
25uel506,VINOTH V,.,25UEL24SL01_Shift2_MrVVictorr,student,12:00 pm - 12:45 pm
25uel507,VIGNESH D,.,25UEL24SL01_Shift2_MrVVictorr,student,12:00 pm - 12:45 pm
25uel508,DALIN SELVA F,.,25UEL24SL01_Shift2_MrVVictorr,student,Unscheduled
25uel511,JAGAPRIYAN S,.,25UEL24SL01_Shift2_MrVVictorr,student,12:00 pm - 12:45 pm
25uel512,KABILAN C,.,25UEL24SL01_Shift2_MrVVictorr,student,Unscheduled
25uel513,MOHAMED HUKKKIM DOCTOR R,.,25UEL24SL01_Shift2_MrVVictorr,student,12:00 pm - 12:45 pm
25uel514,BALACHANDRAN M,.,25UEL24SL01_Shift2_MrVVictorr,student,12:00 pm - 12:45 pm
25uel515,GUHAN S K,.,25UEL24SL01_Shift2_MrVVictorr,student,12:00 pm - 12:45 pm
25uel516,JEEVAN JOSHUA A S,.,25UEL24SL01_Shift2_MrVVictorr,student,12:00 pm - 12:45 pm
25uel517,DARSHAN A,.,25UEL24SL01_Shift2_MrVVictorr,student,12:00 pm - 12:45 pm
25uel519,ABINESHWARAN R,.,25UEL24SL01_Shift2_MrVVictorr,student,12:00 pm - 12:45 pm
25uel520,VIJAYAKRISHNA G,.,25UEL24SL01_Shift2_MrVVictorr,student,12:00 pm - 12:45 pm
25uel526,KANNAN P,.,25UEL24SL01_Shift2_MrVVictorr,student,Unscheduled
25uel527,ALWIN JULIAN A,.,25UEL24SL01_Shift2_MrVVictorr,student,12:00 pm - 12:45 pm
25uel529,NITHIN VARSHAN S,.,25UEL24SL01_Shift2_MrVVictorr,student,Unscheduled
25uel530,SUHAS A,.,25UEL24SL01_Shift2_MrVVictorr,student,12:00 pm - 12:45 pm
25uel533,RUBAN M,.,25UEL24SL01_Shift2_MrVVictorr,student,12:00 pm - 12:45 pm
25uel534,JISOL,.,25UEL24SL01_Shift2_MrVVictorr,student,12:00 pm - 12:45 pm
25uel535,HATUNGIMANA ARNAUD,.,25UEL24SL01_Shift2_MrVVictorr,student,Unscheduled
25uen501,YOGESHWARI J,.,25UEN24SL01_Shift2_MrIChristh,student,Unscheduled
25uen502,VARUN M M,.,25UEN24SL01_Shift2_MrIChristh,student,Unscheduled
25uen503,GOERGE WILSON A,.,25UEN24SL01_Shift2_MrIChristh,student,Unscheduled
25uen510,UTHAYA VALLAVAN R,.,25UEN24SL01_Shift2_MrIChristh,student,Unscheduled
25uen512,DEEPTHI G R,.,25UEN24SL01_Shift2_MrIChristh,student,Unscheduled
25uen514,DHARSHAN A,.,25UEN24SL01_Shift2_MrIChristh,student,Unscheduled
25uen516,VINOTH S,.,25UEN24SL01_Shift2_MrIChristh,student,Unscheduled
25uen524,DHANALAKSHMI MONISRI K,.,25UEN24SL01_Shift2_MrIChristh,student,Unscheduled
25uen531,BAVISHMATHI K,.,25UEN24SL01_Shift2_MrIChristh,student,Unscheduled
25uen533,TAN SHANDY P,.,25UEN24SL01_Shift2_MrIChristh,student,Unscheduled
25uen535,DEEPAK N,.,25UEN24SL01_Shift2_MrIChristh,student,Unscheduled
25uen536,PRIYANKA M,.,25UEN24SL01_Shift2_MrIChristh,student,Unscheduled
25uen537,JACKSON ABRAHAM G,.,25UEN24SL01_Shift2_MrIChristh,student,Unscheduled
25uen540,DAVID JASVA J,.,25UEN24SL01_Shift2_MrIChristh,student,Unscheduled
25uen542,PRAVEEN KUMAR B,.,25UEN24SL01_Shift2_MrIChristh,student,Unscheduled
25uen543,MATHIKARAN PANDIAN M,.,25UEN24SL01_Shift2_MrIChristh,student,Unscheduled
25uen550,ANTO REX ARO S,.,25UEN24SL01_Shift2_MrIChristh,student,Unscheduled
25uen102,Justin Leo P,.,25UEN24SL01_Shift1_DrJAmalave,student,Unscheduled
25uen107,HariHara Sudhan. S,.,25UEN24SL01_Shift1_DrJAmalave,student,Unscheduled
25uen110,Aloysius M,.,25UEN24SL01_Shift1_DrJAmalave,student,Unscheduled
25uen111,Herman Joseph. A,.,25UEN24SL01_Shift1_DrJAmalave,student,Unscheduled
25uen112,Yovan. G,.,25UEN24SL01_Shift1_DrJAmalave,student,Unscheduled
25uen113,Akash S,.,25UEN24SL01_Shift1_DrJAmalave,student,Unscheduled
25uen118,Sampriyan K,.,25UEN24SL01_Shift1_DrJAmalave,student,Unscheduled
25uen123,Santhosh Rajapriyan J,.,25UEN24SL01_Shift1_DrJAmalave,student,Unscheduled
25uen124,Rahamathulla . S,.,25UEN24SL01_Shift1_DrJAmalave,student,Unscheduled
25uen127,Praful Toppo,.,25UEN24SL01_Shift1_DrJAmalave,student,Unscheduled
25uen128,Madhan N,.,25UEN24SL01_Shift1_DrJAmalave,student,Unscheduled
25uen130,Sivamani Bharathi. V,.,25UEN24SL01_Shift1_DrJAmalave,student,Unscheduled
25uen131,Glittas. S,.,25UEN24SL01_Shift1_DrJAmalave,student,Unscheduled
25uen133,Sam Mervyn A,.,25UEN24SL01_Shift1_DrJAmalave,student,Unscheduled
25uen134,Mariya Bhilavendra Raja Y,.,25UEN24SL01_Shift1_DrJAmalave,student,Unscheduled
25uen135,Uthama Arasan S,.,25UEN24SL01_Shift1_DrJAmalave,student,Unscheduled
25uen136,Anto Patrick J,.,25UEN24SL01_Shift1_DrJAmalave,student,Unscheduled
25uen140,Keerthivasan S,.,25UEN24SL01_Shift1_DrJAmalave,student,Unscheduled
25uen142,Arockia Ringesh R,.,25UEN24SL01_Shift1_DrJAmalave,student,Unscheduled
25uen143,Sasiyugesh. S,.,25UEN24SL01_Shift1_DrJAmalave,student,Unscheduled
25uen147,Mohammed Ashick N,.,25UEN24SL01_Shift1_DrJAmalave,student,Unscheduled
25uen148,Vishnu. S,.,25UEN24SL01_Shift1_DrJAmalave,student,Unscheduled
25uen153,Rithik. A,.,25UEN24SL01_Shift1_DrJAmalave,student,Unscheduled
25uen154,Mohana Kannan G,.,25UEN24SL01_Shift1_DrJAmalave,student,Unscheduled
25uen158,Lokeshwaran K,.,25UEN24SL01_Shift1_DrJAmalave,student,Unscheduled
25uen159,Girinath G,.,25UEN24SL01_Shift1_DrJAmalave,student,Unscheduled
25uen160,Pradeep. J,.,25UEN24SL01_Shift1_DrJAmalave,student,Unscheduled
25uen164,Shailesh Khan. S,.,25UEN24SL01_Shift1_DrJAmalave,student,Unscheduled
25uen165,Kakarla Anthony Rohan,.,25UEN24SL01_Shift1_DrJAmalave,student,Unscheduled
25uen166,Yashwanth. CH,.,25UEN24SL01_Shift1_DrJAmalave,student,Unscheduled
25pen102,KLENCY J,.,25PEN2SL02_Shift1_DrJAMALAVE,student,Unscheduled
25pen103,ANDREW SAM GROGRE,.,25PEN2SL02_Shift1_DrJAMALAVE,student,Unscheduled
25pen109,KANAGARAJ,.,25PEN2SL02_Shift1_DrJAMALAVE,student,Unscheduled
25pen116,HARDY HERMES,.,25PEN2SL02_Shift1_DrJAMALAVE,student,Unscheduled
25pen130,SUNDARESWARAN,.,25PEN2SL02_Shift1_DrJAMALAVE,student,Unscheduled
25pen131,YESUDOSS A,.,25PEN2SL02_Shift1_DrJAMALAVE,student,Unscheduled
25pen139,JAYAN CHRISTOPER RAJ,.,25PEN2SL02_Shift1_DrJAMALAVE,student,Unscheduled
25pen140,THEEBANRAJA,.,25PEN2SL02_Shift1_DrJAMALAVE,student,Unscheduled
25uhs101,DEEPA SRI. S,.,25UHS24SL01_Shift1_MrAMARNATH,student,Unscheduled
25uhs103,SHERINA PARVEEN. S,.,25UHS24SL01_Shift1_MrAMARNATH,student,Unscheduled
25uhs106,SUGASH SERWIN. P,.,25UHS24SL01_Shift1_MrAMARNATH,student,Unscheduled
25uhs109,ABDUL REHMAN. F,.,25UHS24SL01_Shift1_MrAMARNATH,student,Unscheduled
25uhs113,RAGAVAN. M,.,25UHS24SL01_Shift1_MrAMARNATH,student,Unscheduled
25uhs115,THIYA GAYATHRI. P,.,25UHS24SL01_Shift1_MrAMARNATH,student,Unscheduled
25uhs118,YAKKOB. A,.,25UHS24SL01_Shift1_MrAMARNATH,student,2:15 pm- 3:00pm
25uhs121,AMUDHAVAN. C,.,25UHS24SL01_Shift1_MrAMARNATH,student,2:15 pm- 3:00pm
25uhs123,BALASUBRAMANI. M,.,25UHS24SL01_Shift1_MrAMARNATH,student,2:15 pm- 3:00pm
25uhs125,NESAMANI. M,.,25UHS24SL01_Shift1_MrAMARNATH,student,2:15 pm- 3:00pm
25uhs128,MANIKANDAN. S,.,25UHS24SL01_Shift1_MrAMARNATH,student,2:15 pm- 3:00pm
25uhs134,STEPHEN AROCKIYAM. A,.,25UHS24SL01_Shift1_MrAMARNATH,student,2:15 pm- 3:00pm
25uhs140,SANGEETHA DEVI,.,25UHS24SL01_Shift1_MrAMARNATH,student,2:15 pm- 3:00pm
25uhs141,KALAIVANI. S,.,25UHS24SL01_Shift1_MrAMARNATH,student,Unscheduled
25uhs142,PARTHA SARATHI. V,.,25UHS24SL01_Shift1_MrAMARNATH,student,3pm- 3:45 pm
25uhs143,KAVIN. G,.,25UHS24SL01_Shift1_MrAMARNATH,student,Unscheduled
25uhs145,RAGUNATHAN. D,.,25UHS24SL01_Shift1_MrAMARNATH,student,3pm- 3:45 pm
25uhs146,JEEVANATH. S,.,25UHS24SL01_Shift1_MrAMARNATH,student,3pm- 3:45 pm
25uhs150,GUNA SEKARAN. M,.,25UHS24SL01_Shift1_MrAMARNATH,student,Unscheduled
25uhs152,SHARMI. D,.,25UHS24SL01_Shift1_MrAMARNATH,student,3pm- 3:45 pm
25uhs158,AJAY RAJAN. PH,.,25UHS24SL01_Shift1_MrAMARNATH,student,Unscheduled
25uhs161,SEBASTIN HEBSIPA. A,.,25UHS24SL01_Shift1_MrAMARNATH,student,Unscheduled
25uhs162,DEVADHARSHINI. R,.,25UHS24SL01_Shift1_MrAMARNATH,student,3pm- 3:45 pm
25phr138,T GOKUL KUMAR,.,25PHR2SL02_Shift1_MsCAnnieJa,student,Unscheduled
25phr122,A PRAVEEN RAJ,.,25PHR2SL02_Shift1_MsCAnnieJa,student,Unscheduled
25phr109,P SUSHIL KUMAR,.,25PHR2SL02_Shift1_MsCAnnieJa,student,Unscheduled
25phr108,S RUBAN RAJ,.,25PHR2SL02_Shift1_MsCAnnieJa,student,Unscheduled
25phr120,L PREM KUMAR,.,25PHR2SL02_Shift1_MsCAnnieJa,student,Unscheduled
25phr119,A KARUNAYA,.,25PHR2SL02_Shift1_MsCAnnieJa,student,Unscheduled
25phr801,ABISHA D,.,25PHR2SL02_Shift2_MsCAnnieJa,student,Unscheduled
25phr805,SHARUNAYA S,.,25PHR2SL02_Shift2_MsCAnnieJa,student,Unscheduled
25phr812,KARUPPAIYA V,.,25PHR2SL02_Shift2_MsCAnnieJa,student,Unscheduled
25phr815,ARISNY R,.,25PHR2SL02_Shift2_MsCAnnieJa,student,Unscheduled
25phr819,NANDHITHA M,.,25PHR2SL02_Shift2_MsCAnnieJa,student,Unscheduled
25phr820,GOWTHAM K,.,25PHR2SL02_Shift2_MsCAnnieJa,student,Unscheduled
25phr821,PRATHEEPA K,.,25PHR2SL02_Shift2_MsCAnnieJa,student,Unscheduled
25phr824,JOYAL M,.,25PHR2SL02_Shift2_MsCAnnieJa,student,Unscheduled
25phr830,MICHAEL L,.,25PHR2SL02_Shift2_MsCAnnieJa,student,Unscheduled
25phr831,GUGAN P,.,25PHR2SL02_Shift2_MsCAnnieJa,student,Unscheduled
25ubc501,JOE STEPHEN THAMBU L,.,25UBC24SL01_Shift2_DrCVENISHR,student,10:30 am- 11:15 am
25ubc502,STANLY SANTHOSH J,.,25UBC24SL01_Shift2_DrCVENISHR,student,10:30 am- 11:15 am
25ubc503,SYED FARIS N,.,25UBC24SL01_Shift2_DrCVENISHR,student,10:30 am- 11:15 am
25ubc504,AJAY A,.,25UBC24SL01_Shift2_DrCVENISHR,student,10:30 am- 11:15 am
25ubc505,SETHUPATHI K,.,25UBC24SL01_Shift2_DrCVENISHR,student,10:30 am- 11:15 am
25ubc506,DANISH CHRISTOWIN R,.,25UBC24SL01_Shift2_DrCVENISHR,student,10:30 am- 11:15 am
25ubc507,LINGESHWARAN M,.,25UBC24SL01_Shift2_DrCVENISHR,student,Unscheduled
25ubc508,AKASH R,.,25UBC24SL01_Shift2_DrCVENISHR,student,Unscheduled
25ubc509,MARIA SATHISH M,.,25UBC24SL01_Shift2_DrCVENISHR,student,Unscheduled
25ubc511,JERMIORISON J,.,25UBC24SL01_Shift2_DrCVENISHR,student,10:30 am- 11:15 am
25ubc513,AMUL RAJ A,.,25UBC24SL01_Shift2_DrCVENISHR,student,Unscheduled
25ubc514,DENNIS V,.,25UBC24SL01_Shift2_DrCVENISHR,student,10:30 am- 11:15 am
25ubc515,PRAVIN RAJ K,.,25UBC24SL01_Shift2_DrCVENISHR,student,10:30 am- 11:15 am
25ubc516,JAYASURYA R,.,25UBC24SL01_Shift2_DrCVENISHR,student,10:30 am- 11:15 am
25ubc517,GURUPRASATH R,.,25UBC24SL01_Shift2_DrCVENISHR,student,10:30 am- 11:15 am
25ubc518,NIVIN RAJ E,.,25UBC24SL01_Shift2_DrCVENISHR,student,10:30 am- 11:15 am
25ubc519,ASWIN D,.,25UBC24SL01_Shift2_DrCVENISHR,student,10:30 am- 11:15 am
25ubc520,DEVARAJ E,.,25UBC24SL01_Shift2_DrCVENISHR,student,10:30 am- 11:15 am
25ubc521,SAGAYAJOHNSAN A,.,25UBC24SL01_Shift2_DrCVENISHR,student,10:30 am- 11:15 am
25ubc522,ANTONY ARISTO S,.,25UBC24SL01_Shift2_DrCVENISHR,student,Unscheduled
25ubc523,SHANMUGAVEL P,.,25UBC24SL01_Shift2_DrCVENISHR,student,Unscheduled
25ubc524,ARIHARAN P,.,25UBC24SL01_Shift2_DrCVENISHR,student,Unscheduled
25ubc525,DHIYANESHWARAN S,.,25UBC24SL01_Shift2_DrCVENISHR,student,Unscheduled
25ubc526,DARVIN CHARLES S,.,25UBC24SL01_Shift2_DrCVENISHR,student,11:15 am- 12:00 pm
25ubc527,AYYAR M,.,25UBC24SL01_Shift2_DrCVENISHR,student,11:15 am- 12:00 pm
25ubc528,GOKUL N,.,25UBC24SL01_Shift2_DrCVENISHR,student,Unscheduled
25ubc529,HARIPRAKASH K S,.,25UBC24SL01_Shift2_DrCVENISHR,student,Unscheduled
25ubc530,ANDRO A,.,25UBC24SL01_Shift2_DrCVENISHR,student,Unscheduled
25ubc531,ABIYUTH S,.,25UBC24SL01_Shift2_DrCVENISHR,student,Unscheduled
25ubc532,SAM ANTONI C,.,25UBC24SL01_Shift2_DrCVENISHR,student,Unscheduled
25ubc533,NITHISHWAR VP,.,25UBC24SL01_Shift2_DrCVENISHR,student,Unscheduled
25ubc534,HARI PRASATH S,.,25UBC24SL01_Shift2_DrCVENISHR,student,Unscheduled
25ubc535,SUJAN G,.,25UBC24SL01_Shift2_DrCVENISHR,student,Unscheduled
25ubc536,JAISON SANTHOSH A,.,25UBC24SL01_Shift2_DrCVENISHR,student,Unscheduled
25ubc537,ROHAN XAVIER A,.,25UBC24SL01_Shift2_DrCVENISHR,student,Unscheduled
25ubc538,R ABISHEK R,.,25UBC24SL01_Shift2_DrCVENISHR,student,Unscheduled
25ubc539,GURUDHEV H,.,25UBC24SL01_Shift2_DrCVENISHR,student,11:15 am- 12:00 pm
25ubc540,RABINSAN A,.,25UBC24SL01_Shift2_DrCVENISHR,student,Unscheduled
25ubc541,CYRIL AKASH X,.,25UBC24SL01_Shift2_DrCVENISHR,student,Unscheduled
25ubc542,ARISH P,.,25UBC24SL01_Shift2_DrCVENISHR,student,Unscheduled
25ubc544,KISHORE M,.,25UBC24SL01_Shift2_DrCVENISHR,student,Unscheduled
25ubc545,NIJONE GABRIEL L,.,25UBC24SL01_Shift2_DrCVENISHR,student,Unscheduled
25ubc548,YUVAN SANKAR S,.,25UBC24SL01_Shift2_DrCVENISHR,student,11:15 am- 12:00 pm
25ubc549,PRAGATHEESWARAN S,.,25UBC24SL01_Shift2_DrCVENISHR,student,11:15 am- 12:00 pm
25ubc550,PROMOTH V,.,25UBC24SL01_Shift2_DrCVENISHR,student,Unscheduled
25ubc551,DOMINIC WILFER T,.,25UBC24SL01_Shift2_DrCVENISHR,student,Unscheduled
25ubc554,JAFRIN MICHEAL RAJ S,.,25UBC24SL01_Shift2_DrCVENISHR,student,Unscheduled
25ubc555,DAN ARNALD K,.,25UBC24SL01_Shift2_DrCVENISHR,student,11:15 am- 12:00 pm
25ubc556,ALEX EDWIN J,.,25UBC24SL01_Shift2_DrCVENISHR,student,Unscheduled
25ubc557,ABISHEK A,.,25UBC24SL01_Shift2_DrCVENISHR,student,Unscheduled
25ubc558,MATTHEW RICHARD A,.,25UBC24SL01_Shift2_DrCVENISHR,student,Unscheduled
25ubc559,AJAY PAUL A,.,25UBC24SL01_Shift2_DrCVENISHR,student,Unscheduled
25ubc560,SHANKESSH SR,.,25UBC24SL01_Shift2_DrCVENISHR,student,Unscheduled
25ubc561,KISHORE P,.,25UBC24SL01_Shift2_DrCVENISHR,student,Unscheduled
25ubc563,DHARSHAN V,.,25UBC24SL01_Shift2_DrCVENISHR,student,Unscheduled
25ubc601,Andrewdaniel.J,.,25UBC24SL01_Shift2_DrCVENISHR,student,11:15 am- 12:00 pm
25ubc602,Sidharthan V,.,25UBC24SL01_Shift2_DrCVENISHR,student,Unscheduled
25ubc603,Marudhanaayagam M.B,.,25UBC24SL01_Shift2_DrCVENISHR,student,11:15 am- 12:00 pm
25ubc604,Prabakaran A,.,25UBC24SL01_Shift2_DrCVENISHR,student,11:15 am- 12:00 pm
25ubc605,Yuvaraj S,.,25UBC24SL01_Shift2_DrCVENISHR,student,11:15 am- 12:00 pm
25ubc606,Aro Runish R S,.,25UBC24SL01_Shift2_DrCVENISHR,student,11:15 am- 12:00 pm
25ubc607,Sheik Mohamed Shajid J,.,25UBC24SL01_Shift2_DrCVENISHR,student,11:15 am- 12:00 pm
25ubc608,Bupathi S,.,25UBC24SL01_Shift2_DrCVENISHR,student,Unscheduled
25ubc609,Rajesh C,.,25UBC24SL01_Shift2_DrCVENISHR,student,Unscheduled
25ubc610,Edwin Jesmen Raj C,.,25UBC24SL01_Shift2_DrCVENISHR,student,Unscheduled
25ubc611,Yuvaraj M,.,25UBC24SL01_Shift2_DrCVENISHR,student,Unscheduled
25ubc612,Sahaya Vibinesh M,.,25UBC24SL01_Shift2_DrCVENISHR,student,Unscheduled
25ubc613,Rishi N,.,25UBC24SL01_Shift2_DrCVENISHR,student,11:15 am- 12:00 pm
25ubc614,Kelvin Kishore.A,.,25UBC24SL01_Shift2_DrCVENISHR,student,Unscheduled
25ubc615,Navin B,.,25UBC24SL01_Shift2_DrCVENISHR,student,11:15 am- 12:00 pm
25ubc616,Sebasti Praveen A,.,25UBC24SL01_Shift2_DrCVENISHR,student,Unscheduled
25ubc617,Harihara Suthan,.,25UBC24SL01_Shift2_DrCVENISHR,student,12:00 pm - 12:45 pm
25ubc618,Sinekan.D,.,25UBC24SL01_Shift2_DrCVENISHR,student,12:00 pm - 12:45 pm
25ubc620,Jeeva A,.,25UBC24SL01_Shift2_DrCVENISHR,student,12:00 pm - 12:45 pm
25ubc621,Sri Ayyappan R,.,25UBC24SL01_Shift2_DrCVENISHR,student,12:00 pm - 12:45 pm
25ubc622,Jose Rusewelt J,.,25UBC24SL01_Shift2_DrCVENISHR,student,12:00 pm - 12:45 pm
25ubc623,Danivel S,.,25UBC24SL01_Shift2_DrCVENISHR,student,12:00 pm - 12:45 pm
25ubc625,Sabari Vasan V,.,25UBC24SL01_Shift2_DrCVENISHR,student,12:00 pm - 12:45 pm
25ubc626,Ruban Raj .S,.,25UBC24SL01_Shift2_DrCVENISHR,student,12:00 pm - 12:45 pm
25ubc627,Saravanan.S,.,25UBC24SL01_Shift2_DrCVENISHR,student,12:00 pm - 12:45 pm
25ubc628,Santhosh,.,25UBC24SL01_Shift2_DrCVENISHR,student,12:00 pm - 12:45 pm
25ubc629,Prem Kumar P,.,25UBC24SL01_Shift2_DrCVENISHR,student,12:00 pm - 12:45 pm
25ubc631,Nivaz M,.,25UBC24SL01_Shift2_DrCVENISHR,student,12:00 pm - 12:45 pm
25ubc632,Sakthivel B,.,25UBC24SL01_Shift2_DrCVENISHR,student,12:00 pm - 12:45 pm
25ubc633,Seraphin Caris A,.,25UBC24SL01_Shift2_DrCVENISHR,student,12:00 pm - 12:45 pm
25ubc635,Richard J,.,25UBC24SL01_Shift2_DrCVENISHR,student,12:00 pm - 12:45 pm
25ubc636,Harish Pilamin M,.,25UBC24SL01_Shift2_DrCVENISHR,student,12:00 pm - 12:45 pm
25ubc637,Ananth A,.,25UBC24SL01_Shift2_DrCVENISHR,student,12:00 pm - 12:45 pm
25ubc638,Sundar.R,.,25UBC24SL01_Shift2_DrCVENISHR,student,12:00 pm - 12:45 pm
25ubc639,Edison Raj,.,25UBC24SL01_Shift2_DrCVENISHR,student,12:00 pm - 12:45 pm
25ubc640,Mithun Jones J,.,25UBC24SL01_Shift2_DrCVENISHR,student,12:00 pm - 12:45 pm
25ubc642,Arish R,.,25UBC24SL01_Shift2_DrCVENISHR,student,12:00 pm - 12:45 pm
25ubc643,Vignesh V,.,25UBC24SL01_Shift2_DrCVENISHR,student,12:00 pm - 12:45 pm
25ubc645,Suseeharish J,.,25UBC24SL01_Shift2_DrCVENISHR,student,12:00 pm - 12:45 pm
25ubc647,Nithin.P,.,25UBC24SL01_Shift2_DrCVENISHR,student,12:00 pm - 12:45 pm
25ubc648,Esra John R,.,25UBC24SL01_Shift2_DrCVENISHR,student,12:00 pm - 12:45 pm
25ubc649,Vimal. S,.,25UBC24SL01_Shift2_DrCVENISHR,student,12:00 pm - 12:45 pm
25ubc650,Milton Joy.S,.,25UBC24SL01_Shift2_DrCVENISHR,student,12:00 pm - 12:45 pm
25ubc651,Sakthivel K,.,25UBC24SL01_Shift2_DrCVENISHR,student,12:00 pm - 12:45 pm
25ubc652,Darwin Jones A,.,25UBC24SL01_Shift2_DrCVENISHR,student,12:00 pm - 12:45 pm
25ubc254,Siva M,.,25UBC24SL01_Shift2_DrCVENISHR,student,Unscheduled
25ubc655,Stanley A,.,25UBC24SL01_Shift2_DrCVENISHR,student,12:00 pm - 12:45 pm
25ubc656,Muthukumar S,.,25UBC24SL01_Shift2_DrCVENISHR,student,12:00 pm - 12:45 pm
25ubc657,Kishore Kumar M,.,25UBC24SL01_Shift2_DrCVENISHR,student,12:00 pm - 12:45 pm
25ubc659,Reyan.M,.,25UBC24SL01_Shift2_DrCVENISHR,student,12:00 pm - 12:45 pm
25ubc660,Lokesh.S,.,25UBC24SL01_Shift2_DrCVENISHR,student,12:00 pm - 12:45 pm
25ubc661,Jagadeesh Jt,.,25UBC24SL01_Shift2_DrCVENISHR,student,12:00 pm - 12:45 pm
25ubc663,Rajan R,.,25UBC24SL01_Shift2_DrCVENISHR,student,12:00 pm - 12:45 pm
25ubc664,Prithviraj B,.,25UBC24SL01_Shift2_DrCVENISHR,student,12:00 pm - 12:45 pm
25ubc665,Rajesh.G,.,25UBC24SL01_Shift2_DrCVENISHR,student,12:00 pm - 12:45 pm
25ubc666,Harrish Raj J,.,25UBC24SL01_Shift2_DrCVENISHR,student,12:00 pm - 12:45 pm
25ubc667,Ganga Sudhan,.,25UBC24SL01_Shift2_DrCVENISHR,student,12:00 pm - 12:45 pm
25pcs801,Keerthana S,.,25PCS2SL02_Shift2_DrPBastinT,student,10:30 am- 11:15 am
25pcs802,Yogitha S,.,25PCS2SL02_Shift2_DrPBastinT,student,10:30 am- 11:15 am
25pcs804,Marshal Antony A,.,25PCS2SL02_Shift2_DrPBastinT,student,10:30 am- 11:15 am
25pcs806,Deepak T,.,25PCS2SL02_Shift2_DrPBastinT,student,10:30 am- 11:15 am
25pcs809,Anburasu M,.,25PCS2SL02_Shift2_DrPBastinT,student,10:30 am- 11:15 am
25pcs810,Vibin A,.,25PCS2SL02_Shift2_DrPBastinT,student,10:30 am- 11:15 am
25pcs811,Theodric M,.,25PCS2SL02_Shift2_DrPBastinT,student,10:30 am- 11:15 am
25pcs813,Praveen J,.,25PCS2SL02_Shift2_DrPBastinT,student,10:30 am- 11:15 am
25pcs814,Andrews Catherine S,.,25PCS2SL02_Shift2_DrPBastinT,student,10:30 am- 11:15 am
25pcs815,Jone Wilfert X,.,25PCS2SL02_Shift2_DrPBastinT,student,10:30 am- 11:15 am
25pcs822,Sharunya S,.,25PCS2SL02_Shift2_DrPBastinT,student,Unscheduled
25pcs824,Dinesh B,.,25PCS2SL02_Shift2_DrPBastinT,student,10:30 am- 11:15 am
25pcs826,Mohana M,.,25PCS2SL02_Shift2_DrPBastinT,student,10:30 am- 11:15 am
25pcs830,Baradhan P,.,25PCS2SL02_Shift2_DrPBastinT,student,10:30 am- 11:15 am
25pcs831,Antony Rodick J,.,25PCS2SL02_Shift2_DrPBastinT,student,Unscheduled
25pcs833,Tharun Melkiadas L,.,25PCS2SL02_Shift2_DrPBastinT,student,10:30 am- 11:15 am
25pcs834,John Allwin R,.,25PCS2SL02_Shift2_DrPBastinT,student,Unscheduled
25pcs834,Arockia Doss A,.,25PCS2SL02_Shift2_DrPBastinT,student,Unscheduled
25pcs835,Thendral K,.,25PCS2SL02_Shift2_DrPBastinT,student,Unscheduled
25pcs840,Joyal antony U,.,25PCS2SL02_Shift2_DrPBastinT,student,10:30 am- 11:15 am
25pcs842,Mathew Rohith R,.,25PCS2SL02_Shift2_DrPBastinT,student,10:30 am- 11:15 am
25pcs843,Madhu Prasanna S,.,25PCS2SL02_Shift2_DrPBastinT,student,11:15 am- 12:00 pm
25pcs845,Rajesh Kanna C,.,25PCS2SL02_Shift2_DrPBastinT,student,11:15 am- 12:00 pm
25pcs848,Kevin Britto A,.,25PCS2SL02_Shift2_DrPBastinT,student,11:15 am- 12:00 pm
25pcs901,Christy S,.,25PCS2SL02_Shift2_DrPBastinT,student,11:15 am- 12:00 pm
25pcs905,Jasika J,.,25PCS2SL02_Shift2_DrPBastinT,student,11:15 am- 12:00 pm
25pcs909,RACHER G,.,25PCS2SL02_Shift2_DrPBastinT,student,11:15 am- 12:00 pm
25pcs910,Praveen Raj S,.,25PCS2SL02_Shift2_DrPBastinT,student,11:15 am- 12:00 pm
25pcs913,John Bosco R,.,25PCS2SL02_Shift2_DrPBastinT,student,Unscheduled
25pcs915,Catherine sujatha AG,.,25PCS2SL02_Shift2_DrPBastinT,student,11:15 am- 12:00 pm
25pcs916,Mathesh M,.,25PCS2SL02_Shift2_DrPBastinT,student,11:15 am- 12:00 pm
25pcs918,Thenmozhi B,.,25PCS2SL02_Shift2_DrPBastinT,student,11:15 am- 12:00 pm
25pcs919,Sajitha S,.,25PCS2SL02_Shift2_DrPBastinT,student,11:15 am- 12:00 pm
25pcs920,Ayishabanu D,.,25PCS2SL02_Shift2_DrPBastinT,student,11:15 am- 12:00 pm
25pcs921,C.Ishwarya,.,25PCS2SL02_Shift2_DrPBastinT,student,11:15 am- 12:00 pm
25pcs924,Swethaharini S,.,25PCS2SL02_Shift2_DrPBastinT,student,11:15 am- 12:00 pm
25pcs925,Nireshkumar,.,25PCS2SL02_Shift2_DrPBastinT,student,11:15 am- 12:00 pm
25pcs928,Subasri S,.,25PCS2SL02_Shift2_DrPBastinT,student,11:15 am- 12:00 pm
25pcs929,Deepak jose M,.,25PCS2SL02_Shift2_DrPBastinT,student,11:15 am- 12:00 pm
25pcs931,vimalraj .v,.,25PCS2SL02_Shift2_DrPBastinT,student,Unscheduled
25pcs932,Laithambigai V,.,25PCS2SL02_Shift2_DrPBastinT,student,Unscheduled
25pcs935,Nivetha E,.,25PCS2SL02_Shift2_DrPBastinT,student,11:15 am- 12:00 pm
25pcs936,S Tamilselvan,.,25PCS2SL02_Shift2_DrPBastinT,student,Unscheduled
25pcs937,G manojkumar,.,25PCS2SL02_Shift2_DrPBastinT,student,Unscheduled
25pcs938,M.V.Sushmita,.,25PCS2SL02_Shift2_DrPBastinT,student,11:15 am- 12:00 pm
25pcs939,Hari krishna vel N,.,25PCS2SL02_Shift2_DrPBastinT,student,11:15 am- 12:00 pm
25pcs940,Saravanapandi M,.,25PCS2SL02_Shift2_DrPBastinT,student,11:15 am- 12:00 pm
25pcs943,Sharmila S,.,25PCS2SL02_Shift2_DrPBastinT,student,11:15 am- 12:00 pm
25pcs946,Nelson Franklin D,.,25PCS2SL02_Shift2_DrPBastinT,student,11:15 am- 12:00 pm
25pma117,Maduram R,.,25PMA2SL02_Shift1_GeethaSiva,student,2:lS pm - 3:00 pm
25pma128,Allwin Jackson S,.,25PMA2SL02_Shift1_GeethaSiva,student,2:lS pm - 3:00 pm
25pma104,ABI JOYCES A,.,25PMA2SL02_Shift1_GeethaSiva,student,2:lS pm - 3:00 pm
25pma125,SARA DEVI E,.,25PMA2SL02_Shift1_GeethaSiva,student,2:lS pm - 3:00 pm
25pma130,ISAC RAYMOND A,.,25PMA2SL02_Shift1_GeethaSiva,student,2:lS pm - 3:00 pm
25pma131,MARIA ROSELINE M,.,25PMA2SL02_Shift1_GeethaSiva,student,2:lS pm - 3:00 pm
25pma132,LOGESH KUMAR R S,.,25PMA2SL02_Shift1_GeethaSiva,student,2:lS pm - 3:00 pm
25uma201,Ravi D,.,25UMA24SL01_Shift1_DrSASEERVA,student,2:lS pm - 3:00 pm
25uma203,Jakeishabritt J,.,25UMA24SL01_Shift1_DrSASEERVA,student,2:lS pm - 3:00 pm
25uma204,Vetrivel M,.,25UMA24SL01_Shift1_DrSASEERVA,student,2:lS pm - 3:00 pm
25uma205,Lokeshvaran K,.,25UMA24SL01_Shift1_DrSASEERVA,student,2:lS pm - 3:00 pm
25uma208,Jerry Arul Sebastian N,.,25UMA24SL01_Shift1_DrSASEERVA,student,2:lS pm - 3:00 pm
25uma209,Hariharan C,.,25UMA24SL01_Shift1_DrSASEERVA,student,2:lS pm - 3:00 pm
25uma213,Rajkumar A,.,25UMA24SL01_Shift1_DrSASEERVA,student,2:lS pm - 3:00 pm
25uma215,Sabari L,.,25UMA24SL01_Shift1_DrSASEERVA,student,2:lS pm - 3:00 pm
25uma218,Thilagar B,.,25UMA24SL01_Shift1_DrSASEERVA,student,2:lS pm - 3:00 pm
25uma219,Amithratchagan R,.,25UMA24SL01_Shift1_DrSASEERVA,student,2:lS pm - 3:00 pm
25uma220,Deepan P,.,25UMA24SL01_Shift1_DrSASEERVA,student,2:lS pm - 3:00 pm
25uma222,Karthikgison D,.,25UMA24SL01_Shift1_DrSASEERVA,student,2:lS pm - 3:00 pm
25uma223,Ganesan A P,.,25UMA24SL01_Shift1_DrSASEERVA,student,2:lS pm - 3:00 pm
25uma224,Ega Kabilan K,.,25UMA24SL01_Shift1_DrSASEERVA,student,2:lS pm - 3:00 pm
25uma225,Naveen Kumar K,.,25UMA24SL01_Shift1_DrSASEERVA,student,2:lS pm - 3:00 pm
25uma227,Jena S,.,25UMA24SL01_Shift1_DrSASEERVA,student,2:lS pm - 3:00 pm
25uma228,Harish Raj G R,.,25UMA24SL01_Shift1_DrSASEERVA,student,2:lS pm - 3:00 pm
25uma505,S.A .Nithya Kumari,.,25UMA24SL01_Shift2_DrJMercyAr,student,2:lS pm - 3:00 pm
25uma506,P. Bavya,.,25UMA24SL01_Shift2_DrJMercyAr,student,2:lS pm - 3:00 pm
25uma507,S. Kavya,.,25UMA24SL01_Shift2_DrJMercyAr,student,2:lS pm - 3:00 pm
25uma510,S.Preethi,.,25UMA24SL01_Shift2_DrJMercyAr,student,2:lS pm - 3:00 pm
25uma517,R. Thatchana Moorthy,.,25UMA24SL01_Shift2_DrJMercyAr,student,2:lS pm - 3:00 pm
25uma520,P. Menaka,.,25UMA24SL01_Shift2_DrJMercyAr,student,2:lS pm - 3:00 pm
25uma521,M. Janani,.,25UMA24SL01_Shift2_DrJMercyAr,student,Unscheduled
25uma530,R. Dharshini,.,25UMA24SL01_Shift2_DrJMercyAr,student,2:lS pm - 3:00 pm
25pma801,L. Arthi,.,25PMA2SL02_Shift2_DrAArulXav,student,Unscheduled
25pma802,B. Rathai,.,25PMA2SL02_Shift2_DrAArulXav,student,Unscheduled
25pma803,R. Kousick,.,25PMA2SL02_Shift2_DrAArulXav,student,Unscheduled
25pma805,P. P.Poorvasri,.,25PMA2SL02_Shift2_DrAArulXav,student,Unscheduled
25pma808,M. Sonali,.,25PMA2SL02_Shift2_DrAArulXav,student,Unscheduled
25pma809,K. Pravinbabu,.,25PMA2SL02_Shift2_DrAArulXav,student,11:15 am- 12:00 pm
25uma102,Daniel Ferrare S,.,25UMA24SL01_Shift1_DrSASEERVA,student,2:lS pm - 3:00 pm
25uma105,Kisan T,.,25UMA24SL01_Shift1_DrSASEERVA,student,2:lS pm - 3:00 pm
25uma106,Gokul K,.,25UMA24SL01_Shift1_DrSASEERVA,student,2:lS pm - 3:00 pm
25uma108,Praveen M,.,25UMA24SL01_Shift1_DrSASEERVA,student,2:lS pm - 3:00 pm
25uma109,Akash R,.,25UMA24SL01_Shift1_DrSASEERVA,student,2:lS pm - 3:00 pm
25uma113,Deepak R,.,25UMA24SL01_Shift1_DrSASEERVA,student,2:lS pm - 3:00 pm
25uma114,Kamalesh K,.,25UMA24SL01_Shift1_DrSASEERVA,student,2:lS pm - 3:00 pm
25uma115,Rajesh S,.,25UMA24SL01_Shift1_DrSASEERVA,student,2:lS pm - 3:00 pm
25uma116,Karthikeyan K,.,25UMA24SL01_Shift1_DrSASEERVA,student,2:lS pm - 3:00 pm
25uma119,Nithish B,.,25UMA24SL01_Shift1_DrSASEERVA,student,2:lS pm - 3:00 pm
25uma120,Prathap M,.,25UMA24SL01_Shift1_DrSASEERVA,student,2:lS pm - 3:00 pm
25uma129,Mohamed Jarjis N,.,25UMA24SL01_Shift1_DrSASEERVA,student,2:lS pm - 3:00 pm
25upe501,GURUSANKAR MJ,.,25UPE24SL01_Shift2_DrPRamesh,student,Unscheduled
25upe502,SARVESHWARAN s,.,25UPE24SL01_Shift2_DrPRamesh,student,Unscheduled
25upe503,RABIN FERNANDO RL,.,25UPE24SL01_Shift2_DrPRamesh,student,Unscheduled
25upe504,EKBAT RAJ E,.,25UPE24SL01_Shift2_DrPRamesh,student,Unscheduled
25upe506,KARAN KOUSHIK M,.,25UPE24SL01_Shift2_DrPRamesh,student,Unscheduled
25upe507,VIMAL U,.,25UPE24SL01_Shift2_DrPRamesh,student,3:45 pm- 4:30 pm
25upe509,KAVIN B,.,25UPE24SL01_Shift2_DrPRamesh,student,3:45 pm- 4:30 pm
25upe510,ROHIT VARSHAN s,.,25UPE24SL01_Shift2_DrPRamesh,student,3:45 pm- 4:30 pm
25upe511,GOWSICK K,.,25UPE24SL01_Shift2_DrPRamesh,student,3:45 pm- 4:30 pm
25upe512,PADRINATHAN r,.,25UPE24SL01_Shift2_DrPRamesh,student,Unscheduled
25upe513,MARIA AKASH J,.,25UPE24SL01_Shift2_DrPRamesh,student,Unscheduled
25upe514,SIVA S,.,25UPE24SL01_Shift2_DrPRamesh,student,3:45 pm- 4:30 pm
25upe516,SANTHOSH M M,.,25UPE24SL01_Shift2_DrPRamesh,student,3:45 pm- 4:30 pm
25upe517,ABISHEK J,.,25UPE24SL01_Shift2_DrPRamesh,student,3:45 pm- 4:30 pm
25upe518,SANTHOSH C,.,25UPE24SL01_Shift2_DrPRamesh,student,Unscheduled
25upe519,VICKY M,.,25UPE24SL01_Shift2_DrPRamesh,student,Unscheduled
25upe520,DANIEL DEEPANKAR S,.,25UPE24SL01_Shift2_DrPRamesh,student,Unscheduled
25upe523,KAVIN KISHORE S A,.,25UPE24SL01_Shift2_DrPRamesh,student,3:45 pm- 4:30 pm
25upe527,RANJITH R,.,25UPE24SL01_Shift2_DrPRamesh,student,Unscheduled
25upe530,AROKIA DOMNI F,.,25UPE24SL01_Shift2_DrPRamesh,student,Unscheduled
25upe531,GOWTHAM K,.,25UPE24SL01_Shift2_DrPRamesh,student,Unscheduled
25upe532,SANGAIYA S,.,25UPE24SL01_Shift2_DrPRamesh,student,3:45 pm- 4:30 pm
25upe533,PRASANNA A,.,25UPE24SL01_Shift2_DrPRamesh,student,3:45 pm- 4:30 pm
25upe534,RESHAL KARKEY S,.,25UPE24SL01_Shift2_DrPRamesh,student,3:45 pm- 4:30 pm
25upe535,ARUL FRANKLIN A,.,25UPE24SL01_Shift2_DrPRamesh,student,3:45 pm- 4:30 pm
25upe540,LAWRANCE a,.,25UPE24SL01_Shift2_DrPRamesh,student,3:45 pm- 4:30 pm
25upe541,SAJAI,.,25UPE24SL01_Shift2_DrPRamesh,student,3:45 pm- 4:30 pm
25upe542,YASUVATH,.,25UPE24SL01_Shift2_DrPRamesh,student,3:45 pm- 4:30 pm
25upe542,NIRAJAN,.,25UPE24SL01_Shift2_DrPRamesh,student,3:45 pm- 4:30 pm
25pph103,ARAVINDHKUMAR.E,.,25PPH2SL02_Shift1_AMaggieDay,student,Unscheduled
25pph125,VIGNESH.R,.,25PPH2SL02_Shift1_AMaggieDay,student,Unscheduled
25uph101,KARTHICK SHOBAN S,.,25UPH24SL01_Shift1_DrMANTONYA,student,3 pm- 3:45 pm
25uph102,ANTONY SANJAY S,.,25UPH24SL01_Shift1_DrMANTONYA,student,3 pm- 3:45 pm
25uph103,SAI HARI KRISHNAN S,.,25UPH24SL01_Shift1_DrMANTONYA,student,3 pm- 3:45 pm
25uph104,VISHVA A,.,25UPH24SL01_Shift1_DrMANTONYA,student,3 pm- 3:45 pm
25uph105,AKSEL INFANT M,.,25UPH24SL01_Shift1_DrMANTONYA,student,3 pm- 3:45 pm
25uph106,KEVIN ANTONY S,.,25UPH24SL01_Shift1_DrMANTONYA,student,3 pm- 3:45 pm
25uph108,ARUNKUMAR S,.,25UPH24SL01_Shift1_DrMANTONYA,student,3 pm- 3:45 pm
25uph109,JERONE R,.,25UPH24SL01_Shift1_DrMANTONYA,student,3 pm- 3:45 pm
25uph110,SHRIDHAR J,.,25UPH24SL01_Shift1_DrMANTONYA,student,3 pm- 3:45 pm
25uph116,ELWIN JOSH B,.,25UPH24SL01_Shift1_DrMANTONYA,student,3 pm- 3:45 pm
25uph117,SARAVANAN J,.,25UPH24SL01_Shift1_DrMANTONYA,student,3 pm- 3:45 pm
25uph118,GURUPRASAD N,.,25UPH24SL01_Shift1_DrMANTONYA,student,3 pm- 3:45 pm
25uph119,SUBENDHIRAN S,.,25UPH24SL01_Shift1_DrMANTONYA,student,3 pm- 3:45 pm
25uph122,AROCKIA NAVEEN S,.,25UPH24SL01_Shift1_DrMANTONYA,student,3 pm- 3:45 pm
25uph124,LAKSHMANAN M,.,25UPH24SL01_Shift1_DrMANTONYA,student,3 pm- 3:45 pm
25uph125,IMAN ANTRO A,.,25UPH24SL01_Shift1_DrMANTONYA,student,3 pm- 3:45 pm
25uph126,VASANTH C,.,25UPH24SL01_Shift1_DrMANTONYA,student,3 pm- 3:45 pm
25uph127,JANA ARUN A,.,25UPH24SL01_Shift1_DrMANTONYA,student,3 pm- 3:45 pm
25uph128,NITHIN A,.,25UPH24SL01_Shift1_DrMANTONYA,student,3 pm- 3:45 pm
25uph130,MARIA MICHEAL CAREY,.,25UPH24SL01_Shift1_DrMANTONYA,student,3 pm- 3:45 pm
25uph131,SARAVANAN S,.,25UPH24SL01_Shift1_DrMANTONYA,student,3 pm- 3:45 pm
25uph133,DURAIPANDI G,.,25UPH24SL01_Shift1_DrMANTONYA,student,3 pm- 3:45 pm
25uph136,SIVASAKTHI I,.,25UPH24SL01_Shift1_DrMANTONYA,student,3 pm- 3:45 pm
25uph137,UBAKARA ANTHONY A,.,25UPH24SL01_Shift1_DrMANTONYA,student,3 pm- 3:45 pm
25uph201,VIGNESHWARAN .U,.,25UPH24SL01_Shift1_DrRThomas,student,3 pm- 3:45 pm
25uph202,LAKSHMI NARAYANAN.R,.,25UPH24SL01_Shift1_DrRThomas,student,3 pm- 3:45 pm
25uph203,PAUL DOMNIC MESHAK.C,.,25UPH24SL01_Shift1_DrRThomas,student,3 pm- 3:45 pm
25uph205,DEEPAK.T,.,25UPH24SL01_Shift1_DrRThomas,student,3 pm- 3:45 pm
25uph206,DHANUSH.V,.,25UPH24SL01_Shift1_DrRThomas,student,3 pm- 3:45 pm
25uph207,SANTHOSH.J,.,25UPH24SL01_Shift1_DrRThomas,student,3 pm- 3:45 pm
25uph209,RIYAN RICHARD.R,.,25UPH24SL01_Shift1_DrRThomas,student,3 pm- 3:45 pm
25uph212,JAGATHEESH.N,.,25UPH24SL01_Shift1_DrRThomas,student,3 pm- 3:45 pm
25uph213,NETHRAN .J.MR,.,25UPH24SL01_Shift1_DrRThomas,student,3 pm- 3:45 pm
25uph215,DANIEL.C,.,25UPH24SL01_Shift1_DrRThomas,student,3 pm- 3:45 pm
25uph216,PARIMANADASAN.K,.,25UPH24SL01_Shift1_DrRThomas,student,3 pm- 3:45 pm
25uph217,ARAVINTHAN.K,.,25UPH24SL01_Shift1_DrRThomas,student,3 pm- 3:45 pm
25uph218,EDWARD JAYARAJ.D,.,25UPH24SL01_Shift1_DrRThomas,student,3 pm- 3:45 pm
25uph219,MANOJ KUMAR.M,.,25UPH24SL01_Shift1_DrRThomas,student,3 pm- 3:45 pm
25uph220,IMMANUEL JOE.J.S,.,25UPH24SL01_Shift1_DrRThomas,student,3 pm- 3:45 pm
25uph221,GANESAN.P,.,25UPH24SL01_Shift1_DrRThomas,student,3 pm- 3:45 pm
25uph222,HEMANATHAN.T,.,25UPH24SL01_Shift1_DrRThomas,student,3 pm- 3:45 pm
25uph223,CHRISTAN RAJ.S,.,25UPH24SL01_Shift1_DrRThomas,student,3 pm- 3:45 pm
25uph225,AUTIN .T .M,.,25UPH24SL01_Shift1_DrRThomas,student,3 pm- 3:45 pm
25uph226,SARVANA KUMAR .M,.,25UPH24SL01_Shift1_DrRThomas,student,3 pm- 3:45 pm
25uph227,ROHIT DARSHAN.M,.,25UPH24SL01_Shift1_DrRThomas,student,3 pm- 3:45 pm
25uph228,PRADEEPAN.S,.,25UPH24SL01_Shift1_DrRThomas,student,3 pm- 3:45 pm
25uph231,ROHITH KUMAR.K,.,25UPH24SL01_Shift1_DrRThomas,student,3 pm- 3:45 pm
25uph232,SABARISH.R,.,25UPH24SL01_Shift1_DrRThomas,student,3 pm- 3:45 pm
25uph233,SOLOMON SMITH.D,.,25UPH24SL01_Shift1_DrRThomas,student,Unscheduled
25uph234,ARUL AJAI.V,.,25UPH24SL01_Shift1_DrRThomas,student,3 pm- 3:45 pm
25uph235,SHOBAN BABU .P,.,25UPH24SL01_Shift1_DrRThomas,student,3:45 pm - 4:30 pm
25uph236,SHAKTHI KRISHNA.V,.,25UPH24SL01_Shift1_DrRThomas,student,Unscheduled
25uph502,Vincy,.,25UPH24SL01_Shift2_DrAugustin,student,3:45 pm - 4:30 pm
25uph505,Kannan,.,25UPH24SL01_Shift2_DrAugustin,student,3:45 pm - 4:30 pm
25uph509,Giftsy,.,25UPH24SL01_Shift2_DrAugustin,student,Unscheduled
25uph517,Santhosh,.,25UPH24SL01_Shift2_DrAugustin,student,3:45 pm - 4:30 pm
25uph518,Rexin,.,25UPH24SL01_Shift2_DrAugustin,student,Unscheduled
25uph520,Rajmohamad,.,25UPH24SL01_Shift2_DrAugustin,student,Unscheduled
25uph522,Kaviyapriya,.,25UPH24SL01_Shift2_DrAugustin,student,Unscheduled
25uph524,Santhiya,.,25UPH24SL01_Shift2_DrAugustin,student,Unscheduled
25uph525,ArulMurugan,.,25UPH24SL01_Shift2_DrAugustin,student,Unscheduled
25uph528,harikrishnan,.,25UPH24SL01_Shift2_DrAugustin,student,Unscheduled
25uph529,Dhanasri,.,25UPH24SL01_Shift2_DrAugustin,student,Unscheduled
25uph531,Kowsika,.,25UPH24SL01_Shift2_DrAugustin,student,3:45 pm - 4:30 pm
25pph802,Shammuga Priyan B,.,25PPH2SL02_Shift2_DrASinthiy,student,3:45 pm - 4:30 pm
25pph811,Ranjit G,.,25PPH2SL02_Shift2_DrASinthiy,student,3:45 pm - 4:30 pm
25ust103,MADHUMITHA S,.,25UST24SL01_Shift1_DrAPhilipA,student,Unscheduled
25ust105,DHIVYA DHARSHINI. P,.,25UST24SL01_Shift1_DrAPhilipA,student,Unscheduled
25ust110,ANNIEJOSELINE A,.,25UST24SL01_Shift1_DrAPhilipA,student,Unscheduled
25ust112,DURGA V,.,25UST24SL01_Shift1_DrAPhilipA,student,Unscheduled
25ust114,KARUNAIVELMUGILAN N,.,25UST24SL01_Shift1_DrAPhilipA,student,Unscheduled
25ust116,VAIRAVAMOORTHY.M,.,25UST24SL01_Shift1_DrAPhilipA,student,Unscheduled
25ust118,MUBIS AHAMED M,.,25UST24SL01_Shift1_DrAPhilipA,student,Unscheduled
25ust121,JUDY MARO D,.,25UST24SL01_Shift1_DrAPhilipA,student,Unscheduled
25ust122,DHAYAYANITHI.K,.,25UST24SL01_Shift1_DrAPhilipA,student,Unscheduled
25ust123,KABILAN S,.,25UST24SL01_Shift1_DrAPhilipA,student,Unscheduled
25ust126,THIRUPATHI S,.,25UST24SL01_Shift1_DrAPhilipA,student,Unscheduled
25ust127,SHALINI.K,.,25UST24SL01_Shift1_DrAPhilipA,student,Unscheduled
25ust129,S. ANGALA ESWARI,.,25UST24SL01_Shift1_DrAPhilipA,student,Unscheduled
25ust130,NAREENDRANATHAN C,.,25UST24SL01_Shift1_DrAPhilipA,student,Unscheduled
25ust133,MATHESWARAN S,.,25UST24SL01_Shift1_DrAPhilipA,student,Unscheduled
25ust135,JANUSHIYA BACKIA SHREE S,.,25UST24SL01_Shift1_DrAPhilipA,student,Unscheduled
25ust137,MOHAMED AZIM S,.,25UST24SL01_Shift1_DrAPhilipA,student,Unscheduled
25ust138,ASWIN B,.,25UST24SL01_Shift1_DrAPhilipA,student,Unscheduled
25ust139,ROSHAN J,.,25UST24SL01_Shift1_DrAPhilipA,student,Unscheduled
25ust143,SARANYA R,.,25UST24SL01_Shift1_DrAPhilipA,student,Unscheduled
25ust145,SATHISH MARAN M,.,25UST24SL01_Shift1_DrAPhilipA,student,Unscheduled
25ust146,ASHWIN R,.,25UST24SL01_Shift1_DrAPhilipA,student,Unscheduled
25ust148,AJITH KUMAR M,.,25UST24SL01_Shift1_DrAPhilipA,student,Unscheduled
25ust149,SABARISH S,.,25UST24SL01_Shift1_DrAPhilipA,student,Unscheduled
25ust152,DEEPIKA K,.,25UST24SL01_Shift1_DrAPhilipA,student,Unscheduled
25ust156,HARIHARAN N,.,25UST24SL01_Shift1_DrAPhilipA,student,Unscheduled
25ust159,ANNAPOORNI R,.,25UST24SL01_Shift1_DrAPhilipA,student,Unscheduled
25ust160,SANTHOSH G,.,25UST24SL01_Shift1_DrAPhilipA,student,Unscheduled
25ust161,M.ROSHINI,.,25UST24SL01_Shift1_DrAPhilipA,student,Unscheduled
25ust162,RAMAJAYAM J,.,25UST24SL01_Shift1_DrAPhilipA,student,Unscheduled
25ust163,DURGA DEVI.C,.,25UST24SL01_Shift1_DrAPhilipA,student,Unscheduled
25ust164,A.SANKAR,.,25UST24SL01_Shift1_DrAPhilipA,student,Unscheduled
25ust165,MIRUDHULA A,.,25UST24SL01_Shift1_DrAPhilipA,student,Unscheduled
25ust166,GNANA JECY G,.,25UST24SL01_Shift1_DrAPhilipA,student,Unscheduled
25ust168,NIRASRI M,.,25UST24SL01_Shift1_DrAPhilipA,student,Unscheduled
25ust170,BINU SHYLA R,.,25UST24SL01_Shift1_DrAPhilipA,student,Unscheduled
25ust171,VEERAMANIKANNAN T,.,25UST24SL01_Shift1_DrAPhilipA,student,Unscheduled
25uta102,R YUVASRI,.,25UTA24SL01_Shift1_DrKANTHONY,student,3pm- 3:45 pm
25uta103,D NISHANTH,.,25UTA24SL01_Shift1_DrKANTHONY,student,3pm- 3:45 pm
25uta104,E GIRISHWARAN,.,25UTA24SL01_Shift1_DrKANTHONY,student,3pm- 3:45 pm
25uta105,S SUVASRI,.,25UTA24SL01_Shift1_DrKANTHONY,student,Unscheduled
25uta113,K KATHIKAMAN,.,25UTA24SL01_Shift1_DrKANTHONY,student,Unscheduled
25uta114,S SABARINATHAN,.,25UTA24SL01_Shift1_DrKANTHONY,student,3pm- 3:45 pm
25uta120,B SARAVANVEL,.,25UTA24SL01_Shift1_DrKANTHONY,student,3pm- 3:45 pm
25uta121,M FELIX VIMALRAJ,.,25UTA24SL01_Shift1_DrKANTHONY,student,3pm- 3:45 pm
25uta122,N NITHEES,.,25UTA24SL01_Shift1_DrKANTHONY,student,Unscheduled
25uta128,L MARIA NELSON,.,25UTA24SL01_Shift1_DrKANTHONY,student,3pm- 3:45 pm
25uta129,K PRATHEESH,.,25UTA24SL01_Shift1_DrKANTHONY,student,Unscheduled
25uta131,J DAVID PAUL RAJ,.,25UTA24SL01_Shift1_DrKANTHONY,student,Unscheduled
25uta132,C BENEDICJEROMERAJ,.,25UTA24SL01_Shift1_DrKANTHONY,student,Unscheduled
25uta133,T MAHALAKSHMI,.,25UTA24SL01_Shift1_DrKANTHONY,student,Unscheduled
25uta134,T KEERTHANA,.,25UTA24SL01_Shift1_DrKANTHONY,student,Unscheduled
25uta135,M TAMIL SELVAN,.,25UTA24SL01_Shift1_DrKANTHONY,student,Unscheduled
25uta137,ALAGUDURAI,.,25UTA24SL01_Shift1_DrKANTHONY,student,3pm- 3:45 pm
25uta139,S SABAREESAN,.,25UTA24SL01_Shift1_DrKANTHONY,student,3pm- 3:45 pm
25uta140,V BHUVANESHWRI,.,25UTA24SL01_Shift1_DrKANTHONY,student,3pm- 3:45 pm
25uta141,S PUGALARASAN,.,25UTA24SL01_Shift1_DrKANTHONY,student,Unscheduled
25uta142,J JONAH NICHOLAS,.,25UTA24SL01_Shift1_DrKANTHONY,student,Unscheduled
25uta144,S STAINS,.,25UTA24SL01_Shift1_DrKANTHONY,student,3pm- 3:45 pm
25uta146,B ARANIDARAN,.,25UTA24SL01_Shift1_DrKANTHONY,student,3pm- 3:45 pm
25uta159,A JOSEWINSHARMA,.,25UTA24SL01_Shift1_DrKANTHONY,student,3pm- 3:45 pm
25uta166,D ESHWARAN,.,25UTA24SL01_Shift1_DrKANTHONY,student,Unscheduled
25uta167,D VANITHA,.,25UTA24SL01_Shift1_DrKANTHONY,student,Unscheduled
25uta169,V VETRI PRAJAN,.,25UTA24SL01_Shift1_DrKANTHONY,student,3pm- 3:45 pm
25uta172,K SABARINATHAN,.,25PTA2SL02_Shift1_DrKANTHONY,student,3pm- 3:45 pm
25pta801,ΚΑΝΙΜΟΖΗΙ Α,.,25PTA2SL02_Shift2_DrKANTHONY,student,Unscheduled
25pta802,SAMSON INIGO J,.,25PTA2SL02_Shift2_DrKANTHONY,student,Unscheduled
25pta803,KEERTHANA R,.,25PTA2SL02_Shift2_DrKANTHONY,student,3pm- 3:45 pm
25pta804,HEMA R,.,25PTA2SL02_Shift2_DrKANTHONY,student,3pm- 3:45 pm
25pta806,STAPHINA NUNESH D,.,25PTA2SL02_Shift2_DrKANTHONY,student,3pm- 3:45 pm
25pta807,MANIMEKALAI M,.,25PTA2SL02_Shift2_DrKANTHONY,student,3pm- 3:45 pm
25pta808,FRANCIS ANTONY X,.,25PTA2SL02_Shift2_DrKANTHONY,student,3pm- 3:45 pm
25pta809,LOGHIDHA K,.,25PTA2SL02_Shift2_DrKANTHONY,student,3pm- 3:45 pm
25pta810,DIVYAKUMARI S V,.,25PTA2SL02_Shift2_DrKANTHONY,student,3pm- 3:45 pm
25pta811,ARASI MARLIN S J,.,25PTA2SL02_Shift2_DrKANTHONY,student,3pm- 3:45 pm
25pta812,SANTHIYA MARY A,.,25PTA2SL02_Shift2_DrKANTHONY,student,3pm- 3:45 pm
25pta813,ARTHI K,.,25PTA2SL02_Shift2_DrKANTHONY,student,3pm- 3:45 pm
25pta814,JANANI A,.,25PTA2SL02_Shift2_DrKANTHONY,student,3:45 pm- 4:30 pm
25pta815,ALLWIN AMALRAJ A,.,25PTA2SL02_Shift2_DrKANTHONY,student,Unscheduled
25pta816,JAI ARAVINTH J,.,25PTA2SL02_Shift2_DrKANTHONY,student,3:45 pm- 4:30 pm
25pta817,JEEVANESHWARAN A,.,25PTA2SL02_Shift2_DrKANTHONY,student,Unscheduled
25pta818,VIDHYA V,.,25PTA2SL02_Shift2_DrKANTHONY,student,3:45 pm- 4:30 pm
25pta820,NATHIYAN P,.,25PTA2SL02_Shift2_DrKANTHONY,student,3:45 pm- 4:30 pm
25uvc501,ANTO FELIX V,.,25UVC24SL01_Shift2_DrJeffrinA,student,Unscheduled
25uvc502,LOGESAN J P,.,25UVC24SL01_Shift2_DrJeffrinA,student,Unscheduled
25uvc504,DEEPIKA P,.,25UVC24SL01_Shift2_DrJeffrinA,student,Unscheduled
25uvc505,SWETHA S,.,25UVC24SL01_Shift2_DrJeffrinA,student,Unscheduled
25uvc506,SANTHOSH AEILAN P A,.,25UVC24SL01_Shift2_DrJeffrinA,student,Unscheduled
25uvc507,ATCHAYA S,.,25UVC24SL01_Shift2_DrJeffrinA,student,Unscheduled
25uvc509,LINGESHWARAN V S,.,25UVC24SL01_Shift2_DrJeffrinA,student,Unscheduled
25uvc511,AARIYAN A,.,25UVC24SL01_Shift2_DrJeffrinA,student,Unscheduled
25uvc512,ANANTHA VARUSAN V,.,25UVC24SL01_Shift2_DrJeffrinA,student,Unscheduled
25uvc513,JERRISH J,.,25UVC24SL01_Shift2_DrJeffrinA,student,Unscheduled
25uvc514,SABARISH M,.,25UVC24SL01_Shift2_DrJeffrinA,student,Unscheduled
25uvc515,RAJAVARSHINI R,.,25UVC24SL01_Shift2_DrJeffrinA,student,Unscheduled
25uvc516,MATHESHKANNA P,.,25UVC24SL01_Shift2_DrJeffrinA,student,Unscheduled
25uvc517,WILSON JACK A,.,25UVC24SL01_Shift2_DrJeffrinA,student,Unscheduled
25uvc518,THAVARAJ DAVID G,.,25UVC24SL01_Shift2_DrJeffrinA,student,Unscheduled
25uvc519,AGIL MATHEW M,.,25UVC24SL01_Shift2_DrJeffrinA,student,Unscheduled
25uvc520,SANJAI M,.,25UVC24SL01_Shift2_DrJeffrinA,student,Unscheduled
25uvc521,VIVIAN JABASTIN M,.,25UVC24SL01_Shift2_DrJeffrinA,student,Unscheduled
25uvc523,SOWBARNIKA M,.,25UVC24SL01_Shift2_DrJeffrinA,student,Unscheduled
25uvc524,ARUL VIJAY D,.,25UVC24SL01_Shift2_DrJeffrinA,student,Unscheduled
25uvc525,MUGESHKUMAR G,.,25UVC24SL01_Shift2_DrJeffrinA,student,Unscheduled
25uvc526,KISHORE S,.,25UVC24SL01_Shift2_DrJeffrinA,student,Unscheduled
25uvc527,HEPSHIBA M,.,25UVC24SL01_Shift2_DrJeffrinA,student,Unscheduled
25uvc528,KARTHIKEYAN G,.,25UVC24SL01_Shift2_DrJeffrinA,student,Unscheduled
25uvc529,SIVASURIYAN A,.,25UVC24SL01_Shift2_DrJeffrinA,student,Unscheduled
25uvc530,VASANTH ATHARSAN A V,.,25UVC24SL01_Shift2_DrJeffrinA,student,Unscheduled
25uvc531,AJAY V,.,25UVC24SL01_Shift2_DrJeffrinA,student,Unscheduled
25uvc534,SINDHUJAN B,.,25UVC24SL01_Shift2_DrJeffrinA,student,Unscheduled
25uvc535,SRIDHAR B,.,25UVC24SL01_Shift2_DrJeffrinA,student,Unscheduled
25uvc536,CHANDRU M,.,25UVC24SL01_Shift2_DrJeffrinA,student,Unscheduled
25uvc537,ALDAN M,.,25UVC24SL01_Shift2_DrJeffrinA,student,Unscheduled
25uvc538,ANGEL PRIYADARSHINI V,.,25UVC24SL01_Shift2_DrJeffrinA,student,Unscheduled
25uvc539,BERTLIN DIVAN J,.,25UVC24SL01_Shift2_DrJeffrinA,student,Unscheduled
25uvc540,VASANTH N,.,25UVC24SL01_Shift2_DrJeffrinA,student,Unscheduled
25uvc541,AROCKIYA RESHMEN A,.,25UVC24SL01_Shift2_DrJeffrinA,student,Unscheduled
25uvc542,RUPAN J,.,25UVC24SL01_Shift2_DrJeffrinA,student,Unscheduled
25uvc544,PRANEETHA,.,25UVC24SL01_Shift2_DrJeffrinA,student,Unscheduled
25uvc545,SANMATHI,.,25UVC24SL01_Shift2_DrJeffrinA,student,Unscheduled
25pvc803,ANANDHA KRISHNAN G,.,25PVC2SL02_Shift1_DrSTamilar,student,Unscheduled
25pvc808,PRAGATHEESHWARAN K,.,25PVC2SL02_Shift1_DrSTamilar,student,Unscheduled
25pvc809,BHARATHI VARMA,.,25PVC2SL02_Shift1_DrSTamilar,student,Unscheduled
25pvc811,AROKIYA PRAKASAM,.,25PVC2SL02_Shift1_DrSTamilar,student,Unscheduled
25pvc818,SASVIN RAJ D,.,25PVC2SL02_Shift1_DrSTamilar,student,Unscheduled
