username,firstname,lastname,course1,role1
23uen539,.,.,23UEN53SP01_15102026,student
26sen51,Ms A Annie Lumina,.,23UEN53SP01_15102026,editingteacher
24uai501,.,.,24UAI53SP01_15102026,student
25cai51,Dr J Hirudhaya Mary Asha,.,24UAI53SP01_15102026,editingteacher
24uai502,.,.,24UAI53SP01_15102026,student
24uai503,.,.,24UAI53SP01_15102026,student
24uai504,.,.,24UAI53SP01_15102026,student
24uai505,.,.,24UAI53SP01_15102026,student
24uai506,.,.,24UAI53SP01_15102026,student
24uai507,.,.,24UAI53SP01_15102026,student
24uai508,.,.,24UAI53SP01_15102026,student
24uai509,.,.,24UAI53SP01_15102026,student
24uai510,.,.,24UAI53SP01_15102026,student
24uai511,.,.,24UAI53SP01_15102026,student
24uai512,.,.,24UAI53SP01_15102026,student
24uai513,.,.,24UAI53SP01_15102026,student
24uai514,.,.,24UAI53SP01_15102026,student
24uai515,.,.,24UAI53SP01_15102026,student
24uai516,.,.,24UAI53SP01_15102026,student
24uai517,.,.,24UAI53SP01_15102026,student
24uai518,.,.,24UAI53SP01_15102026,student
24uai519,.,.,24UAI53SP01_15102026,student
24uai520,.,.,24UAI53SP01_15102026,student
24uai521,.,.,24UAI53SP01_15102026,student
24uai522,.,.,24UAI53SP01_15102026,student
24uai523,.,.,24UAI53SP01_15102026,student
24uai524,.,.,24UAI53SP01_15102026,student
24uai525,.,.,24UAI53SP01_15102026,student
24uai526,.,.,24UAI53SP01_15102026,student
24uai527,.,.,24UAI53SP01_15102026,student
24uai528,.,.,24UAI53SP01_15102026,student
24uai529,.,.,24UAI53SP01_15102026,student
24uai530,.,.,24UAI53SP01_15102026,student
24uai531,.,.,24UAI53SP01_15102026,student
24uai532,.,.,24UAI53SP01_15102026,student
24uai533,.,.,24UAI53SP01_15102026,student
24uai534,.,.,24UAI53SP01_15102026,student
24uai535,.,.,24UAI53SP01_15102026,student
24uai536,.,.,24UAI53SP01_15102026,student
24uai537,.,.,24UAI53SP01_15102026,student
24uai538,.,.,24UAI53SP01_15102026,student
24uai539,.,.,24UAI53SP01_15102026,student
24uai540,.,.,24UAI53SP01_15102026,student
24uai541,.,.,24UAI53SP01_15102026,student
24uai542,.,.,24UAI53SP01_15102026,student
24uai543,.,.,24UAI53SP01_15102026,student
24uai544,.,.,24UAI53SP01_15102026,student
24uai545,.,.,24UAI53SP01_15102026,student
24uai546,.,.,24UAI53SP01_15102026,student
24uai547,.,.,24UAI53SP01_15102026,student
24uai548,.,.,24UAI53SP01_15102026,student
24uai549,.,.,24UAI53SP01_15102026,student
24uai550,.,.,24UAI53SP01_15102026,student
24uai551,.,.,24UAI53SP01_15102026,student
24uai552,.,.,24UAI53SP01_15102026,student
24uai553,.,.,24UAI53SP01_15102026,student
24uai554,.,.,24UAI53SP01_15102026,student
24uai555,.,.,24UAI53SP01_15102026,student
24uai556,.,.,24UAI53SP01_15102026,student
24uai557,.,.,24UAI53SP01_15102026,student
24uai558,.,.,24UAI53SP01_15102026,student
24uai559,.,.,24UAI53SP01_15102026,student
24uai560,.,.,24UAI53SP01_15102026,student
24uai561,.,.,24UAI53SP01_15102026,student
24uai562,.,.,24UAI53SP01_15102026,student
24ubc501,.,.,23UBC53SP01_15102026,student
16tit02,Dr I Carol,.,23UBC53SP01_15102026,editingteacher
24ubc502,.,.,23UBC53SP01_15102026,student
24ubc503,.,.,23UBC53SP01_15102026,student
24ubc504,.,.,23UBC53SP01_15102026,student
24ubc505,.,.,23UBC53SP01_15102026,student
24ubc506,.,.,23UBC53SP01_15102026,student
24ubc507,.,.,23UBC53SP01_15102026,student
24ubc508,.,.,23UBC53SP01_15102026,student
24ubc509,.,.,23UBC53SP01_15102026,student
24ubc510,.,.,23UBC53SP01_15102026,student
24ubc511,.,.,23UBC53SP01_15102026,student
24ubc512,.,.,23UBC53SP01_15102026,student
24ubc513,.,.,23UBC53SP01_15102026,student
24ubc514,.,.,23UBC53SP01_15102026,student
24ubc515,.,.,23UBC53SP01_15102026,student
24ubc516,.,.,23UBC53SP01_15102026,student
24ubc517,.,.,23UBC53SP01_15102026,student
24ubc518,.,.,23UBC53SP01_15102026,student
24ubc519,.,.,23UBC53SP01_15102026,student
24ubc520,.,.,23UBC53SP01_15102026,student
24ubc521,.,.,23UBC53SP01_15102026,student
24ubc522,.,.,23UBC53SP01_15102026,student
24ubc523,.,.,23UBC53SP01_15102026,student
24ubc524,.,.,23UBC53SP01_15102026,student
24ubc525,.,.,23UBC53SP01_15102026,student
24ubc526,.,.,23UBC53SP01_15102026,student
24ubc527,.,.,23UBC53SP01_15102026,student
24ubc528,.,.,23UBC53SP01_15102026,student
24ubc529,.,.,23UBC53SP01_15102026,student
24ubc530,.,.,23UBC53SP01_15102026,student
24ubc531,.,.,23UBC53SP01_15102026,student
24ubc532,.,.,23UBC53SP01_15102026,student
24ubc533,.,.,23UBC53SP01_15102026,student
24ubc534,.,.,23UBC53SP01_15102026,student
24ubc535,.,.,23UBC53SP01_15102026,student
24ubc536,.,.,23UBC53SP01_15102026,student
24ubc537,.,.,23UBC53SP01_15102026,student
24ubc538,.,.,23UBC53SP01_15102026,student
24ubc539,.,.,23UBC53SP01_15102026,student
24ubc540,.,.,23UBC53SP01_15102026,student
24ubc541,.,.,23UBC53SP01_15102026,student
24ubc542,.,.,23UBC53SP01_15102026,student
24ubc543,.,.,23UBC53SP01_15102026,student
24ubc544,.,.,23UBC53SP01_15102026,student
24ubc545,.,.,23UBC53SP01_15102026,student
24ubc546,.,.,23UBC53SP01_15102026,student
24ubc547,.,.,23UBC53SP01_15102026,student
24ubc548,.,.,23UBC53SP01_15102026,student
24ubc549,.,.,23UBC53SP01_15102026,student
24ubc550,.,.,23UBC53SP01_15102026,student
24ubc551,.,.,23UBC53SP01_15102026,student
24ubc552,.,.,23UBC53SP01_15102026,student
24ubc553,.,.,23UBC53SP01_15102026,student
24ubc554,.,.,23UBC53SP01_15102026,student
24ubc555,.,.,23UBC53SP01_15102026,student
24ubc556,.,.,23UBC53SP01_15102026,student
24ubc557,.,.,23UBC53SP01_15102026,student
24ubc558,.,.,23UBC53SP01_15102026,student
24ubc559,.,.,23UBC53SP01_15102026,student
24ubc560,.,.,23UBC53SP01_15102026,student
24ubc561,.,.,23UBC53SP01_15102026,student
24ubc562,.,.,23UBC53SP01_15102026,student
24ubc563,.,.,23UBC53SP01_15102026,student
24ubc564,.,.,23UBC53SP01_15102026,student
24ubc565,.,.,23UBC53SP01_15102026,student
24ubc566,.,.,23UBC53SP01_15102026,student
24ubc601,.,.,23UBC53SP01_15102026,student
23cit51,Dr T Nikil Prakash,.,23UBC53SP01_15102026,editingteacher
24ubc602,.,.,23UBC53SP01_15102026,student
24ubc603,.,.,23UBC53SP01_15102026,student
24ubc604,.,.,23UBC53SP01_15102026,student
24ubc605,.,.,23UBC53SP01_15102026,student
24ubc606,.,.,23UBC53SP01_15102026,student
24ubc607,.,.,23UBC53SP01_15102026,student
24ubc608,.,.,23UBC53SP01_15102026,student
24ubc609,.,.,23UBC53SP01_15102026,student
24ubc610,.,.,23UBC53SP01_15102026,student
24ubc611,.,.,23UBC53SP01_15102026,student
24ubc612,.,.,23UBC53SP01_15102026,student
24ubc613,.,.,23UBC53SP01_15102026,student
24ubc614,.,.,23UBC53SP01_15102026,student
24ubc615,.,.,23UBC53SP01_15102026,student
24ubc616,.,.,23UBC53SP01_15102026,student
24ubc617,.,.,23UBC53SP01_15102026,student
24ubc618,.,.,23UBC53SP01_15102026,student
24ubc619,.,.,23UBC53SP01_15102026,student
24ubc620,.,.,23UBC53SP01_15102026,student
24ubc621,.,.,23UBC53SP01_15102026,student
24ubc622,.,.,23UBC53SP01_15102026,student
24ubc623,.,.,23UBC53SP01_15102026,student
24ubc624,.,.,23UBC53SP01_15102026,student
24ubc625,.,.,23UBC53SP01_15102026,student
24ubc626,.,.,23UBC53SP01_15102026,student
24ubc627,.,.,23UBC53SP01_15102026,student
24ubc628,.,.,23UBC53SP01_15102026,student
24ubc629,.,.,23UBC53SP01_15102026,student
24ubc630,.,.,23UBC53SP01_15102026,student
24ubc631,.,.,23UBC53SP01_15102026,student
24ubc632,.,.,23UBC53SP01_15102026,student
24ubc633,.,.,23UBC53SP01_15102026,student
24ubc634,.,.,23UBC53SP01_15102026,student
24ubc636,.,.,23UBC53SP01_15102026,student
24ubc637,.,.,23UBC53SP01_15102026,student
24ubc638,.,.,23UBC53SP01_15102026,student
24ubc639,.,.,23UBC53SP01_15102026,student
24ubc640,.,.,23UBC53SP01_15102026,student
24ubc641,.,.,23UBC53SP01_15102026,student
24ubc642,.,.,23UBC53SP01_15102026,student
24ubc643,.,.,23UBC53SP01_15102026,student
24ubc644,.,.,23UBC53SP01_15102026,student
24ubc645,.,.,23UBC53SP01_15102026,student
24ubc646,.,.,23UBC53SP01_15102026,student
24ubc647,.,.,23UBC53SP01_15102026,student
24ubc648,.,.,23UBC53SP01_15102026,student
24ubc649,.,.,23UBC53SP01_15102026,student
24ubc650,.,.,23UBC53SP01_15102026,student
24ubc651,.,.,23UBC53SP01_15102026,student
24ubc652,.,.,23UBC53SP01_15102026,student
24ubc653,.,.,23UBC53SP01_15102026,student
24ubc654,.,.,23UBC53SP01_15102026,student
24ubc655,.,.,23UBC53SP01_15102026,student
24ubc656,.,.,23UBC53SP01_15102026,student
24ubc657,.,.,23UBC53SP01_15102026,student
24ubc658,.,.,23UBC53SP01_15102026,student
24ubc659,.,.,23UBC53SP01_15102026,student
24ubc660,.,.,23UBC53SP01_15102026,student
24ubc661,.,.,23UBC53SP01_15102026,student
24ubc662,.,.,23UBC53SP01_15102026,student
24ubc663,.,.,23UBC53SP01_15102026,student
24ubc665,.,.,23UBC53SP01_15102026,student
24ubc666,.,.,23UBC53SP01_15102026,student
24ubc667,.,.,23UBC53SP01_15102026,student
24ubo101,.,.,23UBO53SP01_15102026,student
18fbo01,Dr A Johny Kumar Tagore,.,23UBO53SP01_15102026,editingteacher
24ubo102,.,.,23UBO53SP01_15102026,student
24ubo103,.,.,23UBO53SP01_15102026,student
24ubo104,.,.,23UBO53SP01_15102026,student
24ubo105,.,.,23UBO53SP01_15102026,student
24ubo106,.,.,23UBO53SP01_15102026,student
24ubo107,.,.,23UBO53SP01_15102026,student
24ubo108,.,.,23UBO53SP01_15102026,student
24ubo109,.,.,23UBO53SP01_15102026,student
24ubo110,.,.,23UBO53SP01_15102026,student
24ubo111,.,.,23UBO53SP01_15102026,student
24ubo112,.,.,23UBO53SP01_15102026,student
24ubo113,.,.,23UBO53SP01_15102026,student
24ubo114,.,.,23UBO53SP01_15102026,student
24ubo115,.,.,23UBO53SP01_15102026,student
24ubo116,.,.,23UBO53SP01_15102026,student
24ubo117,.,.,23UBO53SP01_15102026,student
24ubo118,.,.,23UBO53SP01_15102026,student
24ubo119,.,.,23UBO53SP01_15102026,student
24ubo120,.,.,23UBO53SP01_15102026,student
24ubo121,.,.,23UBO53SP01_15102026,student
24ubo123,.,.,23UBO53SP01_15102026,student
24ubo124,.,.,23UBO53SP01_15102026,student
24ubo125,.,.,23UBO53SP01_15102026,student
24ubo126,.,.,23UBO53SP01_15102026,student
24ubo127,.,.,23UBO53SP01_15102026,student
24ubo128,.,.,23UBO53SP01_15102026,student
24ubo129,.,.,23UBO53SP01_15102026,student
24ubo130,.,.,23UBO53SP01_15102026,student
24ubo131,.,.,23UBO53SP01_15102026,student
24ubo132,.,.,23UBO53SP01_15102026,student
24ubo133,.,.,23UBO53SP01_15102026,student
24ubo134,.,.,23UBO53SP01_15102026,student
24ubo135,.,.,23UBO53SP01_15102026,student
24ubo136,.,.,23UBO53SP01_15102026,student
24ubo137,.,.,23UBO53SP01_15102026,student
24ubo138,.,.,23UBO53SP01_15102026,student
24ubo139,.,.,23UBO53SP01_15102026,student
24ubo140,.,.,23UBO53SP01_15102026,student
24ubo141,.,.,23UBO53SP01_15102026,student
24ubo142,.,.,23UBO53SP01_15102026,student
24ubo143,.,.,23UBO53SP01_15102026,student
24ubo144,.,.,23UBO53SP01_15102026,student
24ubo145,.,.,23UBO53SP01_15102026,student
24ubo146,.,.,23UBO53SP01_15102026,student
24ubo147,.,.,23UBO53SP01_15102026,student
24ubo148,.,.,23UBO53SP01_15102026,student
24ubo149,.,.,23UBO53SP01_15102026,student
24ubo150,.,.,23UBO53SP01_15102026,student
24ubo151,.,.,23UBO53SP01_15102026,student
24ubo152,.,.,23UBO53SP01_15102026,student
24ubo153,.,.,23UBO53SP01_15102026,student
24ubu502,.,.,23UBU53SP01A_15102026,student
26sbu51,Mr B Ananda Raj,.,23UBU53SP01A_15102026,editingteacher
24ubu503,.,.,23UBU53SP01A_15102026,student
24ubu504,.,.,23UBU53SP01A_15102026,student
24ubu505,.,.,23UBU53SP01B_15102026,student
26sbu52,Ms P Sindhuja,.,23UBU53SP01B_15102026,editingteacher
24ubu506,.,.,23UBU53SP01A_15102026,student
24ubu507,.,.,23UBU53SP01A_15102026,student
24ubu508,.,.,23UBU53SP01B_15102026,student
24ubu509,.,.,23UBU53SP01A_15102026,student
24ubu510,.,.,23UBU53SP01A_15102026,student
24ubu511,.,.,23UBU53SP01B_15102026,student
24ubu512,.,.,23UBU53SP01A_15102026,student
24ubu513,.,.,23UBU53SP01B_15102026,student
24ubu515,.,.,23UBU53SP01A_15102026,student
24ubu516,.,.,23UBU53SP01A_15102026,student
24ubu517,.,.,23UBU53SP01A_15102026,student
24ubu518,.,.,23UBU53SP01A_15102026,student
24ubu519,.,.,23UBU53SP01B_15102026,student
24ubu520,.,.,23UBU53SP01B_15102026,student
24ubu521,.,.,23UBU53SP01B_15102026,student
24ubu522,.,.,23UBU53SP01B_15102026,student
24ubu523,.,.,23UBU53SP01B_15102026,student
24ubu524,.,.,23UBU53SP01A_15102026,student
24ubu525,.,.,23UBU53SP01B_15102026,student
24ubu526,.,.,23UBU53SP01B_15102026,student
24ubu527,.,.,23UBU53SP01A_15102026,student
24ubu528,.,.,23UBU53SP01B_15102026,student
24ubu529,.,.,23UBU53SP01B_15102026,student
24ubu530,.,.,23UBU53SP01A_15102026,student
24ubu531,.,.,23UBU53SP01A_15102026,student
24ubu532,.,.,23UBU53SP01A_15102026,student
24ubu533,.,.,23UBU53SP01A_15102026,student
24ubu534,.,.,23UBU53SP01B_15102026,student
24ubu535,.,.,23UBU53SP01B_15102026,student
24ubu536,.,.,23UBU53SP01A_15102026,student
24ubu537,.,.,23UBU53SP01B_15102026,student
24ubu538,.,.,23UBU53SP01B_15102026,student
24ubu539,.,.,23UBU53SP01B_15102026,student
24ubu540,.,.,23UBU53SP01B_15102026,student
24ubu541,.,.,23UBU53SP01B_15102026,student
24ubu542,.,.,23UBU53SP01B_15102026,student
24ubu543,.,.,23UBU53SP01B_15102026,student
24ubu544,.,.,23UBU53SP01B_15102026,student
24ubu545,.,.,23UBU53SP01B_15102026,student
24ubu546,.,.,23UBU53SP01A_15102026,student
24ubu547,.,.,23UBU53SP01B_15102026,student
24ubu548,.,.,23UBU53SP01A_15102026,student
24ubu549,.,.,23UBU53SP01A_15102026,student
24ubu550,.,.,23UBU53SP01B_15102026,student
24ubu551,.,.,23UBU53SP01B_15102026,student
24ubu552,.,.,23UBU53SP01B_15102026,student
24ubu553,.,.,23UBU53SP01A_15102026,student
24ubu554,.,.,23UBU53SP01B_15102026,student
24ubu555,.,.,23UBU53SP01B_15102026,student
24ubu556,.,.,23UBU53SP01A_15102026,student
24ubu557,.,.,23UBU53SP01A_15102026,student
24ubu558,.,.,23UBU53SP01A_15102026,student
24ubu559,.,.,23UBU53SP01A_15102026,student
24ubu560,.,.,23UBU53SP01B_15102026,student
24ubu561,.,.,23UBU53SP01B_15102026,student
24ubu562,.,.,23UBU53SP01A_15102026,student
24ubu563,.,.,23UBU53SP01B_15102026,student
24ubu564,.,.,23UBU53SP01B_15102026,student
24ubu565,.,.,23UBU53SP01B_15102026,student
24ubu566,.,.,23UBU53SP01A_15102026,student
24ubu601,.,.,23UBU53SP01A_15102026,student
24ubu602,.,.,23UBU53SP01B_15102026,student
24ubu603,.,.,23UBU53SP01A_15102026,student
24ubu604,.,.,23UBU53SP01A_15102026,student
24ubu605,.,.,23UBU53SP01A_15102026,student
24ubu606,.,.,23UBU53SP01A_15102026,student
24ubu608,.,.,23UBU53SP01B_15102026,student
24ubu609,.,.,23UBU53SP01A_15102026,student
24ubu610,.,.,23UBU53SP01B_15102026,student
24ubu613,.,.,23UBU53SP01B_15102026,student
24ubu614,.,.,23UBU53SP01A_15102026,student
24ubu615,.,.,23UBU53SP01A_15102026,student
24ubu616,.,.,23UBU53SP01A_15102026,student
24ubu617,.,.,23UBU53SP01B_15102026,student
24ubu619,.,.,23UBU53SP01B_15102026,student
24ubu620,.,.,23UBU53SP01A_15102026,student
24ubu621,.,.,23UBU53SP01B_15102026,student
24ubu622,.,.,23UBU53SP01B_15102026,student
24ubu623,.,.,23UBU53SP01B_15102026,student
24ubu624,.,.,23UBU53SP01B_15102026,student
24ubu625,.,.,23UBU53SP01B_15102026,student
24ubu626,.,.,23UBU53SP01A_15102026,student
24ubu629,.,.,23UBU53SP01A_15102026,student
24ubu630,.,.,23UBU53SP01B_15102026,student
24ubu631,.,.,23UBU53SP01B_15102026,student
24ubu632,.,.,23UBU53SP01B_15102026,student
24ubu633,.,.,23UBU53SP01A_15102026,student
24ubu634,.,.,23UBU53SP01B_15102026,student
24ubu635,.,.,23UBU53SP01A_15102026,student
24ubu636,.,.,23UBU53SP01A_15102026,student
24ubu637,.,.,23UBU53SP01A_15102026,student
24ubu639,.,.,23UBU53SP01B_15102026,student
24ubu640,.,.,23UBU53SP01B_15102026,student
24ubu641,.,.,23UBU53SP01A_15102026,student
24ubu642,.,.,23UBU53SP01A_15102026,student
24ubu644,.,.,23UBU53SP01B_15102026,student
24ubu645,.,.,23UBU53SP01B_15102026,student
24ubu646,.,.,23UBU53SP01A_15102026,student
24ubu647,.,.,23UBU53SP01B_15102026,student
24ubu649,.,.,23UBU53SP01A_15102026,student
24ubu650,.,.,23UBU53SP01B_15102026,student
24ubu651,.,.,23UBU53SP01A_15102026,student
24ubu652,.,.,23UBU53SP01B_15102026,student
24ubu654,.,.,23UBU53SP01B_15102026,student
24ubu656,.,.,23UBU53SP01A_15102026,student
24ubu657,.,.,23UBU53SP01A_15102026,student
24ubu658,.,.,23UBU53SP01B_15102026,student
24ubu659,.,.,23UBU53SP01A_15102026,student
24ubu662,.,.,23UBU53SP01A_15102026,student
24ubu664,.,.,23UBU53SP01A_15102026,student
24ubu666,.,.,23UBU53SP01B_15102026,student
24ubu668,.,.,23UBU53SP01B_15102026,student
24ucb501,.,.,24UCB53SP01_15102026,student
26scb51,Dr V Benhar Charles,.,24UCB53SP01_15102026,editingteacher
24ucb502,.,.,24UCB53SP01_15102026,student
24ucb503,.,.,24UCB53SP01_15102026,student
24ucb504,.,.,24UCB53SP01_15102026,student
24ucb505,.,.,24UCB53SP01_15102026,student
24ucb506,.,.,24UCB53SP01_15102026,student
24ucb507,.,.,24UCB53SP01_15102026,student
24ucb508,.,.,24UCB53SP01_15102026,student
24ucb509,.,.,24UCB53SP01_15102026,student
24ucb510,.,.,24UCB53SP01_15102026,student
24ucb511,.,.,24UCB53SP01_15102026,student
24ucb512,.,.,24UCB53SP01_15102026,student
24ucb513,.,.,24UCB53SP01_15102026,student
24ucb514,.,.,24UCB53SP01_15102026,student
24ucb515,.,.,24UCB53SP01_15102026,student
24ucb516,.,.,24UCB53SP01_15102026,student
24ucb517,.,.,24UCB53SP01_15102026,student
24ucb518,.,.,24UCB53SP01_15102026,student
24ucb519,.,.,24UCB53SP01_15102026,student
24ucb520,.,.,24UCB53SP01_15102026,student
24ucb521,.,.,24UCB53SP01_15102026,student
24ucb522,.,.,24UCB53SP01_15102026,student
24ucb523,.,.,24UCB53SP01_15102026,student
24ucb524,.,.,24UCB53SP01_15102026,student
24ucb525,.,.,24UCB53SP01_15102026,student
24ucb526,.,.,24UCB53SP01_15102026,student
24ucb527,.,.,24UCB53SP01_15102026,student
24ucb528,.,.,24UCB53SP01_15102026,student
24ucb529,.,.,24UCB53SP01_15102026,student
24ucb530,.,.,24UCB53SP01_15102026,student
24ucb531,.,.,24UCB53SP01_15102026,student
24ucb532,.,.,24UCB53SP01_15102026,student
24ucb533,.,.,24UCB53SP01_15102026,student
24ucb534,.,.,24UCB53SP01_15102026,student
24ucb535,.,.,24UCB53SP01_15102026,student
24ucb536,.,.,24UCB53SP01_15102026,student
24ucb537,.,.,24UCB53SP01_15102026,student
24ucb538,.,.,24UCB53SP01_15102026,student
24ucb539,.,.,24UCB53SP01_15102026,student
24ucb540,.,.,24UCB53SP01_15102026,student
24ucb541,.,.,24UCB53SP01_15102026,student
24ucb542,.,.,24UCB53SP01_15102026,student
24ucb543,.,.,24UCB53SP01_15102026,student
24ucb544,.,.,24UCB53SP01_15102026,student
24ucb545,.,.,24UCB53SP01_15102026,student
24ucb546,.,.,24UCB53SP01_15102026,student
24ucc501,.,.,23UCC53SP01A_15102026,student
12tcm06,Dr J Arputha Sahaya Raj,.,23UCC53SP01A_15102026,editingteacher
24ucc502,.,.,23UCC53SP01A_15102026,student
24ucc503,.,.,23UCC53SP01A_15102026,student
24ucc504,.,.,23UCC53SP01B_15102026,student
14tcc01,Dr B Fathima Mary,.,23UCC53SP01B_15102026,editingteacher
24ucc505,.,.,23UCC53SP01A_15102026,student
24ucc506,.,.,23UCC53SP01B_15102026,student
24ucc507,.,.,23UCC53SP01B_15102026,student
24ucc508,.,.,23UCC53SP01B_15102026,student
24ucc509,.,.,23UCC53SP01B_15102026,student
24ucc510,.,.,23UCC53SP01B_15102026,student
24ucc511,.,.,23UCC53SP01A_15102026,student
24ucc512,.,.,23UCC53SP01B_15102026,student
24ucc513,.,.,23UCC53SP01A_15102026,student
24ucc514,.,.,23UCC53SP01B_15102026,student
24ucc515,.,.,23UCC53SP01B_15102026,student
24ucc516,.,.,23UCC53SP01B_15102026,student
24ucc517,.,.,23UCC53SP01B_15102026,student
24ucc518,.,.,23UCC53SP01A_15102026,student
24ucc519,.,.,23UCC53SP01A_15102026,student
24ucc520,.,.,23UCC53SP01A_15102026,student
24ucc521,.,.,23UCC53SP01B_15102026,student
24ucc522,.,.,23UCC53SP01B_15102026,student
24ucc523,.,.,23UCC53SP01A_15102026,student
24ucc524,.,.,23UCC53SP01A_15102026,student
24ucc525,.,.,23UCC53SP01B_15102026,student
24ucc526,.,.,23UCC53SP01B_15102026,student
24ucc527,.,.,23UCC53SP01B_15102026,student
24ucc528,.,.,23UCC53SP01B_15102026,student
24ucc529,.,.,23UCC53SP01A_15102026,student
24ucc530,.,.,23UCC53SP01A_15102026,student
24ucc531,.,.,23UCC53SP01A_15102026,student
24ucc533,.,.,23UCC53SP01B_15102026,student
24ucc534,.,.,23UCC53SP01A_15102026,student
24ucc535,.,.,23UCC53SP01A_15102026,student
24ucc536,.,.,23UCC53SP01B_15102026,student
24ucc537,.,.,23UCC53SP01A_15102026,student
24ucc538,.,.,23UCC53SP01B_15102026,student
24ucc539,.,.,23UCC53SP01B_15102026,student
24ucc540,.,.,23UCC53SP01B_15102026,student
24ucc541,.,.,23UCC53SP01A_15102026,student
24ucc542,.,.,23UCC53SP01B_15102026,student
24ucc543,.,.,23UCC53SP01A_15102026,student
24ucc544,.,.,23UCC53SP01A_15102026,student
24ucc545,.,.,23UCC53SP01A_15102026,student
24ucc546,.,.,23UCC53SP01B_15102026,student
24ucc547,.,.,23UCC53SP01A_15102026,student
24ucc548,.,.,23UCC53SP01A_15102026,student
24ucc549,.,.,23UCC53SP01B_15102026,student
24ucc550,.,.,23UCC53SP01A_15102026,student
24ucc551,.,.,23UCC53SP01B_15102026,student
24ucc552,.,.,23UCC53SP01A_15102026,student
24ucc554,.,.,23UCC53SP01A_15102026,student
24ucc555,.,.,23UCC53SP01B_15102026,student
24ucc556,.,.,23UCC53SP01B_15102026,student
24ucc557,.,.,23UCC53SP01A_15102026,student
24ucc558,.,.,23UCC53SP01B_15102026,student
24ucc559,.,.,23UCC53SP01A_15102026,student
24ucc560,.,.,23UCC53SP01A_15102026,student
24ucc561,.,.,23UCC53SP01A_15102026,student
24ucc562,.,.,23UCC53SP01B_15102026,student
24ucc563,.,.,23UCC53SP01B_15102026,student
24ucc564,.,.,23UCC53SP01B_15102026,student
24ucc565,.,.,23UCC53SP01A_15102026,student
24ucc566,.,.,23UCC53SP01B_15102026,student
24ucc567,.,.,23UCC53SP01A_15102026,student
24ucc601,.,.,23UCC53SP01A_15102026,student
24ucc602,.,.,23UCC53SP01B_15102026,student
24ucc603,.,.,23UCC53SP01A_15102026,student
24ucc604,.,.,23UCC53SP01B_15102026,student
24ucc605,.,.,23UCC53SP01A_15102026,student
24ucc606,.,.,23UCC53SP01A_15102026,student
24ucc607,.,.,23UCC53SP01B_15102026,student
24ucc608,.,.,23UCC53SP01B_15102026,student
24ucc610,.,.,23UCC53SP01B_15102026,student
24ucc611,.,.,23UCC53SP01B_15102026,student
24ucc612,.,.,23UCC53SP01A_15102026,student
24ucc613,.,.,23UCC53SP01B_15102026,student
24ucc614,.,.,23UCC53SP01A_15102026,student
24ucc616,.,.,23UCC53SP01A_15102026,student
24ucc617,.,.,23UCC53SP01A_15102026,student
24ucc618,.,.,23UCC53SP01B_15102026,student
24ucc620,.,.,23UCC53SP01B_15102026,student
24ucc621,.,.,23UCC53SP01B_15102026,student
24ucc624,.,.,23UCC53SP01B_15102026,student
24ucc625,.,.,23UCC53SP01B_15102026,student
24ucc626,.,.,23UCC53SP01A_15102026,student
24ucc627,.,.,23UCC53SP01B_15102026,student
24ucc628,.,.,23UCC53SP01A_15102026,student
24ucc629,.,.,23UCC53SP01A_15102026,student
24ucc630,.,.,23UCC53SP01B_15102026,student
24ucc631,.,.,23UCC53SP01B_15102026,student
24ucc632,.,.,23UCC53SP01B_15102026,student
24ucc633,.,.,23UCC53SP01B_15102026,student
24ucc634,.,.,23UCC53SP01A_15102026,student
24ucc635,.,.,23UCC53SP01A_15102026,student
24ucc637,.,.,23UCC53SP01A_15102026,student
24ucc638,.,.,23UCC53SP01A_15102026,student
24ucc640,.,.,23UCC53SP01A_15102026,student
24ucc641,.,.,23UCC53SP01B_15102026,student
24ucc642,.,.,23UCC53SP01B_15102026,student
24ucc643,.,.,23UCC53SP01B_15102026,student
24ucc644,.,.,23UCC53SP01A_15102026,student
24ucc645,.,.,23UCC53SP01A_15102026,student
24ucc646,.,.,23UCC53SP01B_15102026,student
24ucc647,.,.,23UCC53SP01B_15102026,student
24ucc649,.,.,23UCC53SP01A_15102026,student
24ucc650,.,.,23UCC53SP01A_15102026,student
24ucc651,.,.,23UCC53SP01A_15102026,student
24ucc652,.,.,23UCC53SP01A_15102026,student
24ucc654,.,.,23UCC53SP01B_15102026,student
24ucc655,.,.,23UCC53SP01A_15102026,student
24ucc657,.,.,23UCC53SP01A_15102026,student
24ucc658,.,.,23UCC53SP01A_15102026,student
24ucc659,.,.,23UCC53SP01A_15102026,student
24ucc660,.,.,23UCC53SP01B_15102026,student
24ucc661,.,.,23UCC53SP01A_15102026,student
24ucc662,.,.,23UCC53SP01A_15102026,student
24ucc663,.,.,23UCC53SP01B_15102026,student
24ucc664,.,.,23UCC53SP01A_15102026,student
24ucc665,.,.,23UCC53SP01A_15102026,student
24uch101,.,.,23UCH53SP01_15102026,student
12fch02,Dr A S Stella Shalini,.,23UCH53SP01_15102026,editingteacher
24uch102,.,.,23UCH53SP01_15102026,student
24uch103,.,.,23UCH53SP01_15102026,student
24uch104,.,.,23UCH53SP01_15102026,student
24uch105,.,.,23UCH53SP01_15102026,student
24uch106,.,.,23UCH53SP01_15102026,student
24uch107,.,.,23UCH53SP01_15102026,student
24uch108,.,.,23UCH53SP01_15102026,student
24uch109,.,.,23UCH53SP01_15102026,student
24uch110,.,.,23UCH53SP01_15102026,student
24uch111,.,.,23UCH53SP01_15102026,student
24uch112,.,.,23UCH53SP01_15102026,student
24uch113,.,.,23UCH53SP01_15102026,student
24uch114,.,.,23UCH53SP01_15102026,student
24uch115,.,.,23UCH53SP01_15102026,student
24uch116,.,.,23UCH53SP01_15102026,student
24uch117,.,.,23UCH53SP01_15102026,student
24uch118,.,.,23UCH53SP01_15102026,student
24uch119,.,.,23UCH53SP01_15102026,student
24uch120,.,.,23UCH53SP01_15102026,student
24uch121,.,.,23UCH53SP01_15102026,student
24uch122,.,.,23UCH53SP01_15102026,student
24uch123,.,.,23UCH53SP01_15102026,student
24uch124,.,.,23UCH53SP01_15102026,student
24uch125,.,.,23UCH53SP01_15102026,student
24uch126,.,.,23UCH53SP01_15102026,student
24uch127,.,.,23UCH53SP01_15102026,student
24uch128,.,.,23UCH53SP01_15102026,student
24uch129,.,.,23UCH53SP01_15102026,student
24uch130,.,.,23UCH53SP01_15102026,student
24uch131,.,.,23UCH53SP01_15102026,student
24uch132,.,.,23UCH53SP01_15102026,student
24uch133,.,.,23UCH53SP01_15102026,student
24uch134,.,.,23UCH53SP01_15102026,student
24uch135,.,.,23UCH53SP01_15102026,student
24uch136,.,.,23UCH53SP01_15102026,student
24uch137,.,.,23UCH53SP01_15102026,student
24uch138,.,.,23UCH53SP01_15102026,student
24uch139,.,.,23UCH53SP01_15102026,student
24uch140,.,.,23UCH53SP01_15102026,student
24uch141,.,.,23UCH53SP01_15102026,student
24uch142,.,.,23UCH53SP01_15102026,student
24uch143,.,.,23UCH53SP01_15102026,student
24uch144,.,.,23UCH53SP01_15102026,student
24uch145,.,.,23UCH53SP01_15102026,student
24uch146,.,.,23UCH53SP01_15102026,student
24uch147,.,.,23UCH53SP01_15102026,student
24uch201,.,.,23UCH53SP01_15102026,student
19fch01,Dr A Arun Viveke,.,23UCH53SP01_15102026,editingteacher
24uch202,.,.,23UCH53SP01_15102026,student
24uch203,.,.,23UCH53SP01_15102026,student
24uch204,.,.,23UCH53SP01_15102026,student
24uch205,.,.,23UCH53SP01_15102026,student
24uch206,.,.,23UCH53SP01_15102026,student
24uch207,.,.,23UCH53SP01_15102026,student
24uch208,.,.,23UCH53SP01_15102026,student
24uch209,.,.,23UCH53SP01_15102026,student
24uch210,.,.,23UCH53SP01_15102026,student
24uch211,.,.,23UCH53SP01_15102026,student
24uch212,.,.,23UCH53SP01_15102026,student
24uch213,.,.,23UCH53SP01_15102026,student
24uch214,.,.,23UCH53SP01_15102026,student
24uch215,.,.,23UCH53SP01_15102026,student
24uch216,.,.,23UCH53SP01_15102026,student
24uch217,.,.,23UCH53SP01_15102026,student
24uch218,.,.,23UCH53SP01_15102026,student
24uch219,.,.,23UCH53SP01_15102026,student
24uch220,.,.,23UCH53SP01_15102026,student
24uch221,.,.,23UCH53SP01_15102026,student
24uch222,.,.,23UCH53SP01_15102026,student
24uch223,.,.,23UCH53SP01_15102026,student
24uch224,.,.,23UCH53SP01_15102026,student
24uch225,.,.,23UCH53SP01_15102026,student
24uch226,.,.,23UCH53SP01_15102026,student
24uch227,.,.,23UCH53SP01_15102026,student
24uch228,.,.,23UCH53SP01_15102026,student
24uch229,.,.,23UCH53SP01_15102026,student
24uch230,.,.,23UCH53SP01_15102026,student
24uch231,.,.,23UCH53SP01_15102026,student
24uch232,.,.,23UCH53SP01_15102026,student
24uch233,.,.,23UCH53SP01_15102026,student
24uch234,.,.,23UCH53SP01_15102026,student
24uch235,.,.,23UCH53SP01_15102026,student
24uch236,.,.,23UCH53SP01_15102026,student
24uch237,.,.,23UCH53SP01_15102026,student
24uch238,.,.,23UCH53SP01_15102026,student
24uch239,.,.,23UCH53SP01_15102026,student
24uch240,.,.,23UCH53SP01_15102026,student
24uch241,.,.,23UCH53SP01_15102026,student
24uch242,.,.,23UCH53SP01_15102026,student
24uch243,.,.,23UCH53SP01_15102026,student
24uch244,.,.,23UCH53SP01_15102026,student
24uch245,.,.,23UCH53SP01_15102026,student
24uch246,.,.,23UCH53SP01_15102026,student
24uch247,.,.,23UCH53SP01_15102026,student
24uch248,.,.,23UCH53SP01_15102026,student
24uco101,.,.,23UCO53SP01A_15102026,student
18fco03,Dr S Aruldass,.,23UCO53SP01A_15102026,editingteacher
24uco102,.,.,23UCO53SP01A_15102026,student
24uco103,.,.,23UCO53SP01A_15102026,student
24uco104,.,.,23UCO53SP01A_15102026,student
24uco105,.,.,23UCO53SP01A_15102026,student
24uco106,.,.,23UCO53SP01A_15102026,student
24uco107,.,.,23UCO53SP01A_15102026,student
24uco108,.,.,23UCO53SP01A_15102026,student
24uco109,.,.,23UCO53SP01A_15102026,student
24uco110,.,.,23UCO53SP01A_15102026,student
24uco111,.,.,23UCO53SP01A_15102026,student
24uco112,.,.,23UCO53SP01A_15102026,student
24uco113,.,.,23UCO53SP01A_15102026,student
24uco114,.,.,23UCO53SP01A_15102026,student
24uco115,.,.,23UCO53SP01A_15102026,student
24uco116,.,.,23UCO53SP01A_15102026,student
24uco117,.,.,23UCO53SP01A_15102026,student
24uco118,.,.,23UCO53SP01A_15102026,student
24uco119,.,.,23UCO53SP01A_15102026,student
24uco120,.,.,23UCO53SP01A_15102026,student
24uco121,.,.,23UCO53SP01A_15102026,student
24uco122,.,.,23UCO53SP01A_15102026,student
24uco123,.,.,23UCO53SP01A_15102026,student
24uco124,.,.,23UCO53SP01A_15102026,student
24uco125,.,.,23UCO53SP01A_15102026,student
24uco126,.,.,23UCO53SP01A_15102026,student
24uco127,.,.,23UCO53SP01A_15102026,student
24uco128,.,.,23UCO53SP01A_15102026,student
24uco129,.,.,23UCO53SP01A_15102026,student
24uco130,.,.,23UCO53SP01A_15102026,student
24uco131,.,.,23UCO53SP01A_15102026,student
24uco132,.,.,23UCO53SP01A_15102026,student
24uco133,.,.,23UCO53SP01A_15102026,student
24uco134,.,.,23UCO53SP01A_15102026,student
24uco135,.,.,23UCO53SP01A_15102026,student
24uco136,.,.,23UCO53SP01A_15102026,student
24uco137,.,.,23UCO53SP01A_15102026,student
24uco138,.,.,23UCO53SP01A_15102026,student
24uco139,.,.,23UCO53SP01A_15102026,student
24uco140,.,.,23UCO53SP01A_15102026,student
24uco141,.,.,23UCO53SP01A_15102026,student
24uco142,.,.,23UCO53SP01A_15102026,student
24uco143,.,.,23UCO53SP01A_15102026,student
24uco144,.,.,23UCO53SP01A_15102026,student
24uco145,.,.,23UCO53SP01A_15102026,student
24uco146,.,.,23UCO53SP01A_15102026,student
24uco147,.,.,23UCO53SP01A_15102026,student
24uco148,.,.,23UCO53SP01A_15102026,student
24uco149,.,.,23UCO53SP01A_15102026,student
24uco150,.,.,23UCO53SP01A_15102026,student
24uco151,.,.,23UCO53SP01A_15102026,student
24uco152,.,.,23UCO53SP01A_15102026,student
24uco153,.,.,23UCO53SP01A_15102026,student
24uco154,.,.,23UCO53SP01A_15102026,student
24uco155,.,.,23UCO53SP01A_15102026,student
24uco156,.,.,23UCO53SP01A_15102026,student
24uco157,.,.,23UCO53SP01A_15102026,student
24uco158,.,.,23UCO53SP01A_15102026,student
24uco159,.,.,23UCO53SP01A_15102026,student
24uco160,.,.,23UCO53SP01A_15102026,student
24uco161,.,.,23UCO53SP01A_15102026,student
24uco163,.,.,23UCO53SP01A_15102026,student
24uco164,.,.,23UCO53SP01A_15102026,student
24uco165,.,.,23UCO53SP01A_15102026,student
24uco166,.,.,23UCO53SP01A_15102026,student
24uco167,.,.,23UCO53SP01A_15102026,student
24uco168,.,.,23UCO53SP01A_15102026,student
24uco169,.,.,23UCO53SP01A_15102026,student
24uco170,.,.,23UCO53SP01A_15102026,student
24uco171,.,.,23UCO53SP01A_15102026,student
24uco172,.,.,23UCO53SP01A_15102026,student
24uco173,.,.,23UCO53SP01A_15102026,student
24uco174,.,.,23UCO53SP01A_15102026,student
24uco175,.,.,23UCO53SP01A_15102026,student
24uco176,.,.,23UCO53SP01A_15102026,student
24uco201,.,.,23UCO53SP01A_15102026,student
24uco202,.,.,23UCO53SP01A_15102026,student
24uco203,.,.,23UCO53SP01A_15102026,student
24uco204,.,.,23UCO53SP01A_15102026,student
24uco205,.,.,23UCO53SP01A_15102026,student
24uco206,.,.,23UCO53SP01A_15102026,student
24uco207,.,.,23UCO53SP01A_15102026,student
24uco208,.,.,23UCO53SP01A_15102026,student
24uco209,.,.,23UCO53SP01A_15102026,student
24uco210,.,.,23UCO53SP01A_15102026,student
24uco211,.,.,23UCO53SP01A_15102026,student
24uco212,.,.,23UCO53SP01A_15102026,student
24uco213,.,.,23UCO53SP01A_15102026,student
24uco214,.,.,23UCO53SP01A_15102026,student
24uco215,.,.,23UCO53SP01A_15102026,student
24uco216,.,.,23UCO53SP01A_15102026,student
24uco217,.,.,23UCO53SP01A_15102026,student
24uco218,.,.,23UCO53SP01A_15102026,student
24uco219,.,.,23UCO53SP01A_15102026,student
24uco220,.,.,23UCO53SP01A_15102026,student
24uco221,.,.,23UCO53SP01A_15102026,student
24uco222,.,.,23UCO53SP01A_15102026,student
24uco223,.,.,23UCO53SP01A_15102026,student
24uco224,.,.,23UCO53SP01A_15102026,student
24uco225,.,.,23UCO53SP01A_15102026,student
24uco226,.,.,23UCO53SP01A_15102026,student
24uco227,.,.,23UCO53SP01A_15102026,student
24uco228,.,.,23UCO53SP01A_15102026,student
24uco229,.,.,23UCO53SP01A_15102026,student
24uco230,.,.,23UCO53SP01A_15102026,student
24uco231,.,.,23UCO53SP01A_15102026,student
24uco232,.,.,23UCO53SP01A_15102026,student
24uco233,.,.,23UCO53SP01A_15102026,student
24uco234,.,.,23UCO53SP01A_15102026,student
24uco235,.,.,23UCO53SP01A_15102026,student
24uco236,.,.,23UCO53SP01A_15102026,student
24uco237,.,.,23UCO53SP01A_15102026,student
24uco238,.,.,23UCO53SP01A_15102026,student
24uco239,.,.,23UCO53SP01A_15102026,student
24uco240,.,.,23UCO53SP01A_15102026,student
24uco241,.,.,23UCO53SP01A_15102026,student
24uco242,.,.,23UCO53SP01A_15102026,student
24uco243,.,.,23UCO53SP01A_15102026,student
24uco244,.,.,23UCO53SP01A_15102026,student
24uco245,.,.,23UCO53SP01A_15102026,student
24uco246,.,.,23UCO53SP01A_15102026,student
24uco247,.,.,23UCO53SP01A_15102026,student
24uco248,.,.,23UCO53SP01A_15102026,student
24uco249,.,.,23UCO53SP01A_15102026,student
24uco250,.,.,23UCO53SP01A_15102026,student
24uco251,.,.,23UCO53SP01A_15102026,student
24uco252,.,.,23UCO53SP01A_15102026,student
24uco253,.,.,23UCO53SP01A_15102026,student
24uco254,.,.,23UCO53SP01A_15102026,student
24uco255,.,.,23UCO53SP01A_15102026,student
24uco256,.,.,23UCO53SP01A_15102026,student
24uco257,.,.,23UCO53SP01A_15102026,student
24uco258,.,.,23UCO53SP01A_15102026,student
24uco259,.,.,23UCO53SP01A_15102026,student
24uco260,.,.,23UCO53SP01A_15102026,student
24uco261,.,.,23UCO53SP01A_15102026,student
24uco262,.,.,23UCO53SP01A_15102026,student
24uco263,.,.,23UCO53SP01A_15102026,student
24uco264,.,.,23UCO53SP01A_15102026,student
24uco265,.,.,23UCO53SP01A_15102026,student
24uco266,.,.,23UCO53SP01A_15102026,student
24uco267,.,.,23UCO53SP01A_15102026,student
24uco268,.,.,23UCO53SP01A_15102026,student
24uco269,.,.,23UCO53SP01A_15102026,student
24uco270,.,.,23UCO53SP01A_15102026,student
24uco271,.,.,23UCO53SP01A_15102026,student
24uco272,.,.,23UCO53SP01A_15102026,student
24uco273,.,.,23UCO53SP01A_15102026,student
24uco274,.,.,23UCO53SP01A_15102026,student
24uco275,.,.,23UCO53SP01A_15102026,student
24uco276,.,.,23UCO53SP01A_15102026,student
24uco277,.,.,23UCO53SP01A_15102026,student
24uco505,.,.,23UCO53SP01A_15102026,student
23cco54,Mr V Perumal,.,23UCO53SP01A_15102026,editingteacher
24uco508,.,.,23UCO53SP01A_15102026,student
24uco509,.,.,23UCO53SP01A_15102026,student
24uco510,.,.,23UCO53SP01A_15102026,student
24uco511,.,.,23UCO53SP01A_15102026,student
24uco512,.,.,23UCO53SP01A_15102026,student
24uco513,.,.,23UCO53SP01A_15102026,student
24uco514,.,.,23UCO53SP01A_15102026,student
24uco515,.,.,23UCO53SP01A_15102026,student
24uco516,.,.,23UCO53SP01A_15102026,student
24uco518,.,.,23UCO53SP01A_15102026,student
24uco519,.,.,23UCO53SP01A_15102026,student
24uco520,.,.,23UCO53SP01A_15102026,student
24uco521,.,.,23UCO53SP01A_15102026,student
24uco522,.,.,23UCO53SP01A_15102026,student
24uco524,.,.,23UCO53SP01A_15102026,student
24uco526,.,.,23UCO53SP01A_15102026,student
24uco527,.,.,23UCO53SP01A_15102026,student
24uco528,.,.,23UCO53SP01A_15102026,student
24uco529,.,.,23UCO53SP01A_15102026,student
24uco530,.,.,23UCO53SP01A_15102026,student
24uco531,.,.,23UCO53SP01A_15102026,student
24uco533,.,.,23UCO53SP01A_15102026,student
24uco534,.,.,23UCO53SP01A_15102026,student
24uco535,.,.,23UCO53SP01A_15102026,student
24uco536,.,.,23UCO53SP01A_15102026,student
24uco537,.,.,23UCO53SP01A_15102026,student
24uco538,.,.,23UCO53SP01A_15102026,student
24uco540,.,.,23UCO53SP01A_15102026,student
24uco541,.,.,23UCO53SP01A_15102026,student
24uco543,.,.,23UCO53SP01A_15102026,student
24uco544,.,.,23UCO53SP01A_15102026,student
24uco545,.,.,23UCO53SP01A_15102026,student
24uco546,.,.,23UCO53SP01A_15102026,student
24uco547,.,.,23UCO53SP01A_15102026,student
24uco548,.,.,23UCO53SP01A_15102026,student
24uco549,.,.,23UCO53SP01A_15102026,student
24uco550,.,.,23UCO53SP01A_15102026,student
24uco551,.,.,23UCO53SP01A_15102026,student
24uco554,.,.,23UCO53SP01A_15102026,student
24uco555,.,.,23UCO53SP01A_15102026,student
24uco556,.,.,23UCO53SP01A_15102026,student
24uco557,.,.,23UCO53SP01A_15102026,student
24uco558,.,.,23UCO53SP01A_15102026,student
24uco559,.,.,23UCO53SP01A_15102026,student
24uco560,.,.,23UCO53SP01A_15102026,student
24uco564,.,.,23UCO53SP01A_15102026,student
24uco565,.,.,23UCO53SP01A_15102026,student
24uco566,.,.,23UCO53SP01A_15102026,student
24uco568,.,.,23UCO53SP01A_15102026,student
24uco569,.,.,23UCO53SP01A_15102026,student
24uco572,.,.,23UCO53SP01A_15102026,student
24uco574,.,.,23UCO53SP01A_15102026,student
24uco575,.,.,23UCO53SP01A_15102026,student
24uco576,.,.,23UCO53SP01A_15102026,student
24uco577,.,.,23UCO53SP01A_15102026,student
24uco578,.,.,23UCO53SP01A_15102026,student
24uco580,.,.,23UCO53SP01A_15102026,student
24uco581,.,.,23UCO53SP01A_15102026,student
24uco582,.,.,23UCO53SP01A_15102026,student
24uco583,.,.,23UCO53SP01A_15102026,student
24uco584,.,.,23UCO53SP01A_15102026,student
24uco586,.,.,23UCO53SP01A_15102026,student
24uco587,.,.,23UCO53SP01A_15102026,student
24uco588,.,.,23UCO53SP01A_15102026,student
24uco589,.,.,23UCO53SP01A_15102026,student
24uco591,.,.,23UCO53SP01A_15102026,student
24uco593,.,.,23UCO53SP01A_15102026,student
24uco594,.,.,23UCO53SP01A_15102026,student
24uco595,.,.,23UCO53SP01A_15102026,student
24uco602,.,.,23UCO53SP01A_15102026,student
24uco603,.,.,23UCO53SP01A_15102026,student
24uco604,.,.,23UCO53SP01A_15102026,student
24uco606,.,.,23UCO53SP01A_15102026,student
24uco607,.,.,23UCO53SP01A_15102026,student
24uco608,.,.,23UCO53SP01A_15102026,student
24uco609,.,.,23UCO53SP01A_15102026,student
24uco610,.,.,23UCO53SP01A_15102026,student
24uco611,.,.,23UCO53SP01A_15102026,student
24uco612,.,.,23UCO53SP01A_15102026,student
24uco613,.,.,23UCO53SP01A_15102026,student
24uco614,.,.,23UCO53SP01A_15102026,student
24uco615,.,.,23UCO53SP01A_15102026,student
24uco616,.,.,23UCO53SP01A_15102026,student
24uco617,.,.,23UCO53SP01A_15102026,student
24uco618,.,.,23UCO53SP01A_15102026,student
24uco619,.,.,23UCO53SP01A_15102026,student
24uco620,.,.,23UCO53SP01A_15102026,student
24uco621,.,.,23UCO53SP01A_15102026,student
24uco622,.,.,23UCO53SP01A_15102026,student
24uco623,.,.,23UCO53SP01A_15102026,student
24uco624,.,.,23UCO53SP01A_15102026,student
24uco625,.,.,23UCO53SP01A_15102026,student
24uco627,.,.,23UCO53SP01A_15102026,student
24uco629,.,.,23UCO53SP01A_15102026,student
24uco630,.,.,23UCO53SP01A_15102026,student
24uco631,.,.,23UCO53SP01A_15102026,student
24uco632,.,.,23UCO53SP01A_15102026,student
24uco633,.,.,23UCO53SP01A_15102026,student
24uco634,.,.,23UCO53SP01A_15102026,student
24uco635,.,.,23UCO53SP01A_15102026,student
24uco636,.,.,23UCO53SP01A_15102026,student
24uco637,.,.,23UCO53SP01A_15102026,student
24uco638,.,.,23UCO53SP01A_15102026,student
24uco639,.,.,23UCO53SP01A_15102026,student
24uco640,.,.,23UCO53SP01A_15102026,student
24uco641,.,.,23UCO53SP01A_15102026,student
24uco643,.,.,23UCO53SP01A_15102026,student
24uco644,.,.,23UCO53SP01A_15102026,student
24uco645,.,.,23UCO53SP01A_15102026,student
24uco646,.,.,23UCO53SP01A_15102026,student
24uco647,.,.,23UCO53SP01A_15102026,student
24uco648,.,.,23UCO53SP01A_15102026,student
24uco649,.,.,23UCO53SP01A_15102026,student
24uco650,.,.,23UCO53SP01A_15102026,student
24uco651,.,.,23UCO53SP01A_15102026,student
24uco653,.,.,23UCO53SP01A_15102026,student
24uco654,.,.,23UCO53SP01A_15102026,student
24uco656,.,.,23UCO53SP01A_15102026,student
24uco657,.,.,23UCO53SP01A_15102026,student
24uco658,.,.,23UCO53SP01A_15102026,student
24uco659,.,.,23UCO53SP01A_15102026,student
24uco661,.,.,23UCO53SP01A_15102026,student
24uco662,.,.,23UCO53SP01A_15102026,student
24uco663,.,.,23UCO53SP01A_15102026,student
24uco664,.,.,23UCO53SP01A_15102026,student
24uco665,.,.,23UCO53SP01A_15102026,student
24uco666,.,.,23UCO53SP01A_15102026,student
24uco667,.,.,23UCO53SP01A_15102026,student
24uco668,.,.,23UCO53SP01A_15102026,student
24uco669,.,.,23UCO53SP01A_15102026,student
24uco670,.,.,23UCO53SP01A_15102026,student
24uco671,.,.,23UCO53SP01A_15102026,student
24uco672,.,.,23UCO53SP01A_15102026,student
24uco673,.,.,23UCO53SP01A_15102026,student
24uco675,.,.,23UCO53SP01A_15102026,student
24uco676,.,.,23UCO53SP01A_15102026,student
24uco678,.,.,23UCO53SP01A_15102026,student
24uco679,.,.,23UCO53SP01A_15102026,student
24uco680,.,.,23UCO53SP01A_15102026,student
24uco701,.,.,23UCO53SP01A_15102026,student
24uco702,.,.,23UCO53SP01A_15102026,student
24uco703,.,.,23UCO53SP01A_15102026,student
24uco705,.,.,23UCO53SP01A_15102026,student
24uco706,.,.,23UCO53SP01A_15102026,student
24uco707,.,.,23UCO53SP01A_15102026,student
24uco708,.,.,23UCO53SP01A_15102026,student
24uco710,.,.,23UCO53SP01A_15102026,student
24uco712,.,.,23UCO53SP01A_15102026,student
24uco713,.,.,23UCO53SP01A_15102026,student
24uco714,.,.,23UCO53SP01A_15102026,student
24uco715,.,.,23UCO53SP01A_15102026,student
24uco717,.,.,23UCO53SP01A_15102026,student
24uco719,.,.,23UCO53SP01A_15102026,student
24uco720,.,.,23UCO53SP01A_15102026,student
24uco721,.,.,23UCO53SP01A_15102026,student
24uco723,.,.,23UCO53SP01A_15102026,student
24uco724,.,.,23UCO53SP01A_15102026,student
24uco725,.,.,23UCO53SP01A_15102026,student
24uco726,.,.,23UCO53SP01A_15102026,student
24uco727,.,.,23UCO53SP01A_15102026,student
24uco728,.,.,23UCO53SP01A_15102026,student
24uco729,.,.,23UCO53SP01A_15102026,student
24uco730,.,.,23UCO53SP01A_15102026,student
24uco731,.,.,23UCO53SP01A_15102026,student
24uco732,.,.,23UCO53SP01A_15102026,student
24uco734,.,.,23UCO53SP01A_15102026,student
24uco735,.,.,23UCO53SP01A_15102026,student
24uco736,.,.,23UCO53SP01A_15102026,student
24uco737,.,.,23UCO53SP01A_15102026,student
24uco738,.,.,23UCO53SP01A_15102026,student
24uco739,.,.,23UCO53SP01A_15102026,student
24uco740,.,.,23UCO53SP01A_15102026,student
24uco741,.,.,23UCO53SP01A_15102026,student
24uco742,.,.,23UCO53SP01A_15102026,student
24uco743,.,.,23UCO53SP01A_15102026,student
24uco744,.,.,23UCO53SP01A_15102026,student
24uco745,.,.,23UCO53SP01A_15102026,student
24uco746,.,.,23UCO53SP01A_15102026,student
24uco747,.,.,23UCO53SP01A_15102026,student
24uco748,.,.,23UCO53SP01A_15102026,student
24uco749,.,.,23UCO53SP01A_15102026,student
24uco750,.,.,23UCO53SP01A_15102026,student
24uco751,.,.,23UCO53SP01A_15102026,student
24uco752,.,.,23UCO53SP01A_15102026,student
24uco753,.,.,23UCO53SP01A_15102026,student
24uco754,.,.,23UCO53SP01A_15102026,student
24uco755,.,.,23UCO53SP01A_15102026,student
24uco756,.,.,23UCO53SP01A_15102026,student
24uco757,.,.,23UCO53SP01A_15102026,student
24uco758,.,.,23UCO53SP01A_15102026,student
24uco760,.,.,23UCO53SP01A_15102026,student
24uco762,.,.,23UCO53SP01A_15102026,student
24uco763,.,.,23UCO53SP01A_15102026,student
24uco764,.,.,23UCO53SP01A_15102026,student
24uco765,.,.,23UCO53SP01A_15102026,student
24uco766,.,.,23UCO53SP01A_15102026,student
24uco767,.,.,23UCO53SP01A_15102026,student
24uco768,.,.,23UCO53SP01A_15102026,student
24uco769,.,.,23UCO53SP01A_15102026,student
24uco770,.,.,23UCO53SP01A_15102026,student
24uco771,.,.,23UCO53SP01A_15102026,student
24uco773,.,.,23UCO53SP01A_15102026,student
24uco774,.,.,23UCO53SP01A_15102026,student
24uco775,.,.,23UCO53SP01A_15102026,student
24uco776,.,.,23UCO53SP01A_15102026,student
24uco777,.,.,23UCO53SP01A_15102026,student
24ucs101,.,.,23UCS53SP01_15102026,student
24fcs02,Dr G Arockia Sahaya Sheela,.,23UCS53SP01_15102026,editingteacher
24ucs102,.,.,23UCS53SP01_15102026,student
24ucs103,.,.,23UCS53SP01_15102026,student
24ucs104,.,.,23UCS53SP01_15102026,student
24ucs105,.,.,23UCS53SP01_15102026,student
24ucs106,.,.,23UCS53SP01_15102026,student
24ucs107,.,.,23UCS53SP01_15102026,student
24ucs108,.,.,23UCS53SP01_15102026,student
24ucs109,.,.,23UCS53SP01_15102026,student
24ucs110,.,.,23UCS53SP01_15102026,student
24ucs111,.,.,23UCS53SP01_15102026,student
24ucs112,.,.,23UCS53SP01_15102026,student
24ucs113,.,.,23UCS53SP01_15102026,student
24ucs114,.,.,23UCS53SP01_15102026,student
24ucs115,.,.,23UCS53SP01_15102026,student
24ucs116,.,.,23UCS53SP01_15102026,student
24ucs117,.,.,23UCS53SP01_15102026,student
24ucs118,.,.,23UCS53SP01_15102026,student
24ucs119,.,.,23UCS53SP01_15102026,student
24ucs120,.,.,23UCS53SP01_15102026,student
24ucs121,.,.,23UCS53SP01_15102026,student
24ucs122,.,.,23UCS53SP01_15102026,student
24ucs123,.,.,23UCS53SP01_15102026,student
24ucs124,.,.,23UCS53SP01_15102026,student
24ucs125,.,.,23UCS53SP01_15102026,student
24ucs126,.,.,23UCS53SP01_15102026,student
24ucs127,.,.,23UCS53SP01_15102026,student
24ucs128,.,.,23UCS53SP01_15102026,student
24ucs129,.,.,23UCS53SP01_15102026,student
24ucs130,.,.,23UCS53SP01_15102026,student
24ucs132,.,.,23UCS53SP01_15102026,student
24ucs133,.,.,23UCS53SP01_15102026,student
24ucs134,.,.,23UCS53SP01_15102026,student
24ucs135,.,.,23UCS53SP01_15102026,student
24ucs136,.,.,23UCS53SP01_15102026,student
24ucs137,.,.,23UCS53SP01_15102026,student
24ucs138,.,.,23UCS53SP01_15102026,student
24ucs139,.,.,23UCS53SP01_15102026,student
24ucs140,.,.,23UCS53SP01_15102026,student
24ucs142,.,.,23UCS53SP01_15102026,student
24ucs143,.,.,23UCS53SP01_15102026,student
24ucs144,.,.,23UCS53SP01_15102026,student
24ucs145,.,.,23UCS53SP01_15102026,student
24ucs146,.,.,23UCS53SP01_15102026,student
24ucs147,.,.,23UCS53SP01_15102026,student
24ucs148,.,.,23UCS53SP01_15102026,student
24ucs149,.,.,23UCS53SP01_15102026,student
24ucs150,.,.,23UCS53SP01_15102026,student
24ucs151,.,.,23UCS53SP01_15102026,student
24ucs152,.,.,23UCS53SP01_15102026,student
24ucs153,.,.,23UCS53SP01_15102026,student
24ucs154,.,.,23UCS53SP01_15102026,student
24ucs155,.,.,23UCS53SP01_15102026,student
24ucs156,.,.,23UCS53SP01_15102026,student
24ucs157,.,.,23UCS53SP01_15102026,student
24ucs158,.,.,23UCS53SP01_15102026,student
24ucs159,.,.,23UCS53SP01_15102026,student
24ucs160,.,.,23UCS53SP01_15102026,student
24ucs161,.,.,23UCS53SP01_15102026,student
24ucs162,.,.,23UCS53SP01_15102026,student
24ucs163,.,.,23UCS53SP01_15102026,student
24ucs164,.,.,23UCS53SP01_15102026,student
24ucs165,.,.,23UCS53SP01_15102026,student
24ucs166,.,.,23UCS53SP01_15102026,student
24ucs167,.,.,23UCS53SP01_15102026,student
24ucs168,.,.,23UCS53SP01_15102026,student
24ucs169,.,.,23UCS53SP01_15102026,student
24ucs170,.,.,23UCS53SP01_15102026,student
24ucs171,.,.,23UCS53SP01_15102026,student
24ucs501,.,.,23UCS53SP01_15102026,student
23ccs52,Mrs S Thulasi Bharathi,.,23UCS53SP01_15102026,editingteacher
24ucs502,.,.,23UCS53SP01_15102026,student
24ucs503,.,.,23UCS53SP01_15102026,student
24ucs504,.,.,23UCS53SP01_15102026,student
24ucs505,.,.,23UCS53SP01_15102026,student
24ucs506,.,.,23UCS53SP01_15102026,student
24ucs507,.,.,23UCS53SP01_15102026,student
24ucs508,.,.,23UCS53SP01_15102026,student
24ucs509,.,.,23UCS53SP01_15102026,student
24ucs510,.,.,23UCS53SP01_15102026,student
24ucs512,.,.,23UCS53SP01_15102026,student
24ucs513,.,.,23UCS53SP01_15102026,student
24ucs514,.,.,23UCS53SP01_15102026,student
24ucs516,.,.,23UCS53SP01_15102026,student
24ucs517,.,.,23UCS53SP01_15102026,student
24ucs518,.,.,23UCS53SP01_15102026,student
24ucs519,.,.,23UCS53SP01_15102026,student
24ucs520,.,.,23UCS53SP01_15102026,student
24ucs521,.,.,23UCS53SP01_15102026,student
24ucs522,.,.,23UCS53SP01_15102026,student
24ucs523,.,.,23UCS53SP01_15102026,student
24ucs524,.,.,23UCS53SP01_15102026,student
24ucs525,.,.,23UCS53SP01_15102026,student
24ucs526,.,.,23UCS53SP01_15102026,student
24ucs527,.,.,23UCS53SP01_15102026,student
24ucs528,.,.,23UCS53SP01_15102026,student
24ucs529,.,.,23UCS53SP01_15102026,student
24ucs530,.,.,23UCS53SP01_15102026,student
24ucs531,.,.,23UCS53SP01_15102026,student
24ucs532,.,.,23UCS53SP01_15102026,student
24ucs533,.,.,23UCS53SP01_15102026,student
24ucs534,.,.,23UCS53SP01_15102026,student
24ucs535,.,.,23UCS53SP01_15102026,student
24ucs536,.,.,23UCS53SP01_15102026,student
24ucs537,.,.,23UCS53SP01_15102026,student
24ucs539,.,.,23UCS53SP01_15102026,student
24ucs540,.,.,23UCS53SP01_15102026,student
24ucs541,.,.,23UCS53SP01_15102026,student
24ucs542,.,.,23UCS53SP01_15102026,student
24ucs543,.,.,23UCS53SP01_15102026,student
24ucs544,.,.,23UCS53SP01_15102026,student
24ucs545,.,.,23UCS53SP01_15102026,student
24ucs546,.,.,23UCS53SP01_15102026,student
24ucs547,.,.,23UCS53SP01_15102026,student
24ucs548,.,.,23UCS53SP01_15102026,student
24ucs549,.,.,23UCS53SP01_15102026,student
24ucs551,.,.,23UCS53SP01_15102026,student
24ucs552,.,.,23UCS53SP01_15102026,student
24ucs553,.,.,23UCS53SP01_15102026,student
24ucs554,.,.,23UCS53SP01_15102026,student
24ucs555,.,.,23UCS53SP01_15102026,student
24ucs556,.,.,23UCS53SP01_15102026,student
24ucs557,.,.,23UCS53SP01_15102026,student
24ucs558,.,.,23UCS53SP01_15102026,student
24ucs559,.,.,23UCS53SP01_15102026,student
24ucs560,.,.,23UCS53SP01_15102026,student
24ucs561,.,.,23UCS53SP01_15102026,student
24ucs562,.,.,23UCS53SP01_15102026,student
24ucs563,.,.,23UCS53SP01_15102026,student
24ucs564,.,.,23UCS53SP01_15102026,student
24ucs565,.,.,23UCS53SP01_15102026,student
24ucs566,.,.,23UCS53SP01_15102026,student
24ucs567,.,.,23UCS53SP01_15102026,student
24ucs568,.,.,23UCS53SP01_15102026,student
24ucs569,.,.,23UCS53SP01_15102026,student
24ucs570,.,.,23UCS53SP01_15102026,student
24ucs601,.,.,23UCS53SP01_15102026,student
23ccs54,Ms M Merla Agnes Mary,.,23UCS53SP01_15102026,editingteacher
24ucs602,.,.,23UCS53SP01_15102026,student
24ucs603,.,.,23UCS53SP01_15102026,student
24ucs604,.,.,23UCS53SP01_15102026,student
24ucs605,.,.,23UCS53SP01_15102026,student
24ucs606,.,.,23UCS53SP01_15102026,student
24ucs607,.,.,23UCS53SP01_15102026,student
24ucs608,.,.,23UCS53SP01_15102026,student
24ucs609,.,.,23UCS53SP01_15102026,student
24ucs610,.,.,23UCS53SP01_15102026,student
24ucs611,.,.,23UCS53SP01_15102026,student
24ucs612,.,.,23UCS53SP01_15102026,student
24ucs613,.,.,23UCS53SP01_15102026,student
24ucs614,.,.,23UCS53SP01_15102026,student
24ucs615,.,.,23UCS53SP01_15102026,student
24ucs616,.,.,23UCS53SP01_15102026,student
24ucs617,.,.,23UCS53SP01_15102026,student
24ucs618,.,.,23UCS53SP01_15102026,student
24ucs619,.,.,23UCS53SP01_15102026,student
24ucs620,.,.,23UCS53SP01_15102026,student
24ucs621,.,.,23UCS53SP01_15102026,student
24ucs622,.,.,23UCS53SP01_15102026,student
24ucs623,.,.,23UCS53SP01_15102026,student
24ucs624,.,.,23UCS53SP01_15102026,student
24ucs625,.,.,23UCS53SP01_15102026,student
24ucs626,.,.,23UCS53SP01_15102026,student
24ucs627,.,.,23UCS53SP01_15102026,student
24ucs628,.,.,23UCS53SP01_15102026,student
24ucs629,.,.,23UCS53SP01_15102026,student
24ucs630,.,.,23UCS53SP01_15102026,student
24ucs631,.,.,23UCS53SP01_15102026,student
24ucs632,.,.,23UCS53SP01_15102026,student
24ucs633,.,.,23UCS53SP01_15102026,student
24ucs634,.,.,23UCS53SP01_15102026,student
24ucs635,.,.,23UCS53SP01_15102026,student
24ucs636,.,.,23UCS53SP01_15102026,student
24ucs637,.,.,23UCS53SP01_15102026,student
24ucs638,.,.,23UCS53SP01_15102026,student
24ucs639,.,.,23UCS53SP01_15102026,student
24ucs640,.,.,23UCS53SP01_15102026,student
24ucs641,.,.,23UCS53SP01_15102026,student
24ucs642,.,.,23UCS53SP01_15102026,student
24ucs643,.,.,23UCS53SP01_15102026,student
24ucs644,.,.,23UCS53SP01_15102026,student
24ucs645,.,.,23UCS53SP01_15102026,student
24ucs646,.,.,23UCS53SP01_15102026,student
24ucs647,.,.,23UCS53SP01_15102026,student
24ucs648,.,.,23UCS53SP01_15102026,student
24ucs649,.,.,23UCS53SP01_15102026,student
24ucs650,.,.,23UCS53SP01_15102026,student
24ucs651,.,.,23UCS53SP01_15102026,student
24ucs652,.,.,23UCS53SP01_15102026,student
24ucs653,.,.,23UCS53SP01_15102026,student
24ucs654,.,.,23UCS53SP01_15102026,student
24ucs655,.,.,23UCS53SP01_15102026,student
24ucs656,.,.,23UCS53SP01_15102026,student
24ucs657,.,.,23UCS53SP01_15102026,student
24ucs658,.,.,23UCS53SP01_15102026,student
24ucs659,.,.,23UCS53SP01_15102026,student
24ucs660,.,.,23UCS53SP01_15102026,student
24ucs661,.,.,23UCS53SP01_15102026,student
24ucs662,.,.,23UCS53SP01_15102026,student
24ucs663,.,.,23UCS53SP01_15102026,student
24ucs664,.,.,23UCS53SP01_15102026,student
24ucs665,.,.,23UCS53SP01_15102026,student
24ucs666,.,.,23UCS53SP01_15102026,student
24ucs702,.,.,23UCS53SP01_15102026,student
26scs52,Ms A H Amalorpava Akila,.,23UCS53SP01_15102026,editingteacher
24ucs703,.,.,23UCS53SP01_15102026,student
24ucs704,.,.,23UCS53SP01_15102026,student
24ucs705,.,.,23UCS53SP01_15102026,student
24ucs706,.,.,23UCS53SP01_15102026,student
24ucs707,.,.,23UCS53SP01_15102026,student
24ucs708,.,.,23UCS53SP01_15102026,student
24ucs709,.,.,23UCS53SP01_15102026,student
24ucs710,.,.,23UCS53SP01_15102026,student
24ucs711,.,.,23UCS53SP01_15102026,student
24ucs712,.,.,23UCS53SP01_15102026,student
24ucs713,.,.,23UCS53SP01_15102026,student
24ucs714,.,.,23UCS53SP01_15102026,student
24ucs715,.,.,23UCS53SP01_15102026,student
24ucs716,.,.,23UCS53SP01_15102026,student
24ucs717,.,.,23UCS53SP01_15102026,student
24ucs718,.,.,23UCS53SP01_15102026,student
24ucs719,.,.,23UCS53SP01_15102026,student
24ucs720,.,.,23UCS53SP01_15102026,student
24ucs721,.,.,23UCS53SP01_15102026,student
24ucs722,.,.,23UCS53SP01_15102026,student
24ucs723,.,.,23UCS53SP01_15102026,student
24ucs724,.,.,23UCS53SP01_15102026,student
24ucs725,.,.,23UCS53SP01_15102026,student
24ucs726,.,.,23UCS53SP01_15102026,student
24ucs727,.,.,23UCS53SP01_15102026,student
24ucs728,.,.,23UCS53SP01_15102026,student
24ucs729,.,.,23UCS53SP01_15102026,student
24ucs730,.,.,23UCS53SP01_15102026,student
24ucs731,.,.,23UCS53SP01_15102026,student
24ucs732,.,.,23UCS53SP01_15102026,student
24ucs733,.,.,23UCS53SP01_15102026,student
24ucs734,.,.,23UCS53SP01_15102026,student
24ucs735,.,.,23UCS53SP01_15102026,student
24ucs736,.,.,23UCS53SP01_15102026,student
24ucs737,.,.,23UCS53SP01_15102026,student
24ucs738,.,.,23UCS53SP01_15102026,student
24ucs739,.,.,23UCS53SP01_15102026,student
24ucs741,.,.,23UCS53SP01_15102026,student
24ucs742,.,.,23UCS53SP01_15102026,student
24ucs743,.,.,23UCS53SP01_15102026,student
24ucs744,.,.,23UCS53SP01_15102026,student
24ucs745,.,.,23UCS53SP01_15102026,student
24ucs746,.,.,23UCS53SP01_15102026,student
24ucs747,.,.,23UCS53SP01_15102026,student
24ucs748,.,.,23UCS53SP01_15102026,student
24ucs749,.,.,23UCS53SP01_15102026,student
24ucs750,.,.,23UCS53SP01_15102026,student
24ucs751,.,.,23UCS53SP01_15102026,student
24ucs753,.,.,23UCS53SP01_15102026,student
24ucs754,.,.,23UCS53SP01_15102026,student
24ucs755,.,.,23UCS53SP01_15102026,student
24ucs756,.,.,23UCS53SP01_15102026,student
24ucs757,.,.,23UCS53SP01_15102026,student
24ucs758,.,.,23UCS53SP01_15102026,student
24ucs759,.,.,23UCS53SP01_15102026,student
24ucs760,.,.,23UCS53SP01_15102026,student
24ucs761,.,.,23UCS53SP01_15102026,student
24ucs762,.,.,23UCS53SP01_15102026,student
24ucs763,.,.,23UCS53SP01_15102026,student
24ucs764,.,.,23UCS53SP01_15102026,student
24ucs765,.,.,23UCS53SP01_15102026,student
24ucs766,.,.,23UCS53SP01_15102026,student
24ucs767,.,.,23UCS53SP01_15102026,student
24ucs768,.,.,23UCS53SP01_15102026,student
24ucs769,.,.,23UCS53SP01_15102026,student
24ucs770,.,.,23UCS53SP01_15102026,student
24ucs801,.,.,23UCS53SP01_15102026,student
24ccs51,Dr K Subash,.,23UCS53SP01_15102026,editingteacher
24ucs803,.,.,23UCS53SP01_15102026,student
24ucs804,.,.,23UCS53SP01_15102026,student
24ucs805,.,.,23UCS53SP01_15102026,student
24ucs806,.,.,23UCS53SP01_15102026,student
24ucs807,.,.,23UCS53SP01_15102026,student
24ucs808,.,.,23UCS53SP01_15102026,student
24ucs809,.,.,23UCS53SP01_15102026,student
24ucs810,.,.,23UCS53SP01_15102026,student
24ucs811,.,.,23UCS53SP01_15102026,student
24ucs812,.,.,23UCS53SP01_15102026,student
24ucs813,.,.,23UCS53SP01_15102026,student
24ucs814,.,.,23UCS53SP01_15102026,student
24ucs815,.,.,23UCS53SP01_15102026,student
24ucs816,.,.,23UCS53SP01_15102026,student
24ucs817,.,.,23UCS53SP01_15102026,student
24ucs819,.,.,23UCS53SP01_15102026,student
24ucs820,.,.,23UCS53SP01_15102026,student
24ucs821,.,.,23UCS53SP01_15102026,student
24ucs822,.,.,23UCS53SP01_15102026,student
24ucs823,.,.,23UCS53SP01_15102026,student
24ucs824,.,.,23UCS53SP01_15102026,student
24ucs825,.,.,23UCS53SP01_15102026,student
24ucs826,.,.,23UCS53SP01_15102026,student
24ucs827,.,.,23UCS53SP01_15102026,student
24ucs828,.,.,23UCS53SP01_15102026,student
24ucs829,.,.,23UCS53SP01_15102026,student
24ucs830,.,.,23UCS53SP01_15102026,student
24ucs831,.,.,23UCS53SP01_15102026,student
24ucs832,.,.,23UCS53SP01_15102026,student
24ucs833,.,.,23UCS53SP01_15102026,student
24ucs834,.,.,23UCS53SP01_15102026,student
24ucs835,.,.,23UCS53SP01_15102026,student
24ucs836,.,.,23UCS53SP01_15102026,student
24ucs837,.,.,23UCS53SP01_15102026,student
24ucs838,.,.,23UCS53SP01_15102026,student
24ucs839,.,.,23UCS53SP01_15102026,student
24ucs840,.,.,23UCS53SP01_15102026,student
24ucs841,.,.,23UCS53SP01_15102026,student
24ucs842,.,.,23UCS53SP01_15102026,student
24ucs843,.,.,23UCS53SP01_15102026,student
24ucs844,.,.,23UCS53SP01_15102026,student
24ucs845,.,.,23UCS53SP01_15102026,student
24ucs846,.,.,23UCS53SP01_15102026,student
24ucs847,.,.,23UCS53SP01_15102026,student
24ucs848,.,.,23UCS53SP01_15102026,student
24ucs849,.,.,23UCS53SP01_15102026,student
24ucs850,.,.,23UCS53SP01_15102026,student
24ucs851,.,.,23UCS53SP01_15102026,student
24ucs852,.,.,23UCS53SP01_15102026,student
24ucs853,.,.,23UCS53SP01_15102026,student
24ucs854,.,.,23UCS53SP01_15102026,student
24ucs855,.,.,23UCS53SP01_15102026,student
24ucs856,.,.,23UCS53SP01_15102026,student
24ucs857,.,.,23UCS53SP01_15102026,student
24ucs858,.,.,23UCS53SP01_15102026,student
24ucs859,.,.,23UCS53SP01_15102026,student
24ucs860,.,.,23UCS53SP01_15102026,student
24ucs861,.,.,23UCS53SP01_15102026,student
24ucs862,.,.,23UCS53SP01_15102026,student
24ucs863,.,.,23UCS53SP01_15102026,student
24ucs864,.,.,23UCS53SP01_15102026,student
24ucs865,.,.,23UCS53SP01_15102026,student
24ucs866,.,.,23UCS53SP01_15102026,student
24ucs867,.,.,23UCS53SP01_15102026,student
24ucs868,.,.,23UCS53SP01_15102026,student
24ucs869,.,.,23UCS53SP01_15102026,student
24uec101,.,.,23UEC53SP01_15102026,student
01fec07,Dr G Iruthayaraj,.,23UEC53SP01_15102026,editingteacher
24uec102,.,.,23UEC53SP01_15102026,student
24uec103,.,.,23UEC53SP01_15102026,student
24uec104,.,.,23UEC53SP01_15102026,student
24uec105,.,.,23UEC53SP01_15102026,student
24uec106,.,.,23UEC53SP01_15102026,student
24uec107,.,.,23UEC53SP01_15102026,student
24uec108,.,.,23UEC53SP01_15102026,student
24uec109,.,.,23UEC53SP01_15102026,student
24uec110,.,.,23UEC53SP01_15102026,student
24uec111,.,.,23UEC53SP01_15102026,student
24uec112,.,.,23UEC53SP01_15102026,student
24uec113,.,.,23UEC53SP01_15102026,student
24uec114,.,.,23UEC53SP01_15102026,student
24uec115,.,.,23UEC53SP01_15102026,student
24uec116,.,.,23UEC53SP01_15102026,student
24uec117,.,.,23UEC53SP01_15102026,student
24uec118,.,.,23UEC53SP01_15102026,student
24uec119,.,.,23UEC53SP01_15102026,student
24uec120,.,.,23UEC53SP01_15102026,student
24uec121,.,.,23UEC53SP01_15102026,student
24uec122,.,.,23UEC53SP01_15102026,student
24uec123,.,.,23UEC53SP01_15102026,student
24uec124,.,.,23UEC53SP01_15102026,student
24uec125,.,.,23UEC53SP01_15102026,student
24uec126,.,.,23UEC53SP01_15102026,student
24uec127,.,.,23UEC53SP01_15102026,student
24uec128,.,.,23UEC53SP01_15102026,student
24uec129,.,.,23UEC53SP01_15102026,student
24uec130,.,.,23UEC53SP01_15102026,student
24uec131,.,.,23UEC53SP01_15102026,student
24uec132,.,.,23UEC53SP01_15102026,student
24uec133,.,.,23UEC53SP01_15102026,student
24uec134,.,.,23UEC53SP01_15102026,student
24uec135,.,.,23UEC53SP01_15102026,student
24uec136,.,.,23UEC53SP01_15102026,student
24uec137,.,.,23UEC53SP01_15102026,student
24uec138,.,.,23UEC53SP01_15102026,student
24uec139,.,.,23UEC53SP01_15102026,student
24uec140,.,.,23UEC53SP01_15102026,student
24uec141,.,.,23UEC53SP01_15102026,student
24uec142,.,.,23UEC53SP01_15102026,student
24uec143,.,.,23UEC53SP01_15102026,student
24uec144,.,.,23UEC53SP01_15102026,student
24uec145,.,.,23UEC53SP01_15102026,student
24uec146,.,.,23UEC53SP01_15102026,student
24uec147,.,.,23UEC53SP01_15102026,student
24uec148,.,.,23UEC53SP01_15102026,student
24uec149,.,.,23UEC53SP01_15102026,student
24uec150,.,.,23UEC53SP01_15102026,student
24uec151,.,.,23UEC53SP01_15102026,student
24uec152,.,.,23UEC53SP01_15102026,student
24uec153,.,.,23UEC53SP01_15102026,student
24uec154,.,.,23UEC53SP01_15102026,student
24uec155,.,.,23UEC53SP01_15102026,student
24uec156,.,.,23UEC53SP01_15102026,student
24uec157,.,.,23UEC53SP01_15102026,student
24uec158,.,.,23UEC53SP01_15102026,student
24uec159,.,.,23UEC53SP01_15102026,student
24uec160,.,.,23UEC53SP01_15102026,student
24uec161,.,.,23UEC53SP01_15102026,student
24uec162,.,.,23UEC53SP01_15102026,student
24uec163,.,.,23UEC53SP01_15102026,student
24uec164,.,.,23UEC53SP01_15102026,student
24uec165,.,.,23UEC53SP01_15102026,student
24uec166,.,.,23UEC53SP01_15102026,student
24uec167,.,.,23UEC53SP01_15102026,student
24uec168,.,.,23UEC53SP01_15102026,student
24uec169,.,.,23UEC53SP01_15102026,student
24uec170,.,.,23UEC53SP01_15102026,student
24uec171,.,.,23UEC53SP01_15102026,student
24uec172,.,.,23UEC53SP01_15102026,student
24uec173,.,.,23UEC53SP01_15102026,student
24uec174,.,.,23UEC53SP01_15102026,student
24uel501,.,.,23UEL53SP01B_15102026,student
24cel52,Dr K Priyadharshini,.,23UEL53SP01B_15102026,editingteacher
24uel502,.,.,23UEL53SP01B_15102026,student
24uel503,.,.,23UEL53SP01B_15102026,student
24uel504,.,.,23UEL53SP01B_15102026,student
24uel505,.,.,23UEL53SP01B_15102026,student
24uel506,.,.,23UEL53SP01B_15102026,student
24uel507,.,.,23UEL53SP01B_15102026,student
24uel508,.,.,23UEL53SP01B_15102026,student
24uel509,.,.,23UEL53SP01B_15102026,student
24uel510,.,.,23UEL53SP01B_15102026,student
24uel511,.,.,23UEL53SP01B_15102026,student
24uel512,.,.,23UEL53SP01B_15102026,student
24uel513,.,.,23UEL53SP01B_15102026,student
24uel514,.,.,23UEL53SP01B_15102026,student
24uel515,.,.,23UEL53SP01B_15102026,student
24uel516,.,.,23UEL53SP01B_15102026,student
24uel517,.,.,23UEL53SP01B_15102026,student
24uel518,.,.,23UEL53SP01B_15102026,student
24uel519,.,.,23UEL53SP01B_15102026,student
24uel520,.,.,23UEL53SP01B_15102026,student
24uel521,.,.,23UEL53SP01B_15102026,student
24uel522,.,.,23UEL53SP01B_15102026,student
24uel523,.,.,23UEL53SP01B_15102026,student
24uel524,.,.,23UEL53SP01B_15102026,student
24uel525,.,.,23UEL53SP01B_15102026,student
24uel526,.,.,23UEL53SP01B_15102026,student
24uel527,.,.,23UEL53SP01B_15102026,student
24uel528,.,.,23UEL53SP01B_15102026,student
24uel529,.,.,23UEL53SP01B_15102026,student
24uel530,.,.,23UEL53SP01B_15102026,student
24uen101,.,.,23UEN53SP01_15102026,student
23fen02,Mr S Ignatius Richard,.,23UEN53SP01_15102026,editingteacher
24uen102,.,.,23UEN53SP01_15102026,student
24uen103,.,.,23UEN53SP01_15102026,student
24uen104,.,.,23UEN53SP01_15102026,student
24uen105,.,.,23UEN53SP01_15102026,student
24uen106,.,.,23UEN53SP01_15102026,student
24uen107,.,.,23UEN53SP01_15102026,student
24uen108,.,.,23UEN53SP01_15102026,student
24uen109,.,.,23UEN53SP01_15102026,student
24uen110,.,.,23UEN53SP01_15102026,student
24uen111,.,.,23UEN53SP01_15102026,student
24uen112,.,.,23UEN53SP01_15102026,student
24uen113,.,.,23UEN53SP01_15102026,student
24uen114,.,.,23UEN53SP01_15102026,student
24uen115,.,.,23UEN53SP01_15102026,student
24uen116,.,.,23UEN53SP01_15102026,student
24uen117,.,.,23UEN53SP01_15102026,student
24uen118,.,.,23UEN53SP01_15102026,student
24uen119,.,.,23UEN53SP01_15102026,student
24uen120,.,.,23UEN53SP01_15102026,student
24uen121,.,.,23UEN53SP01_15102026,student
24uen122,.,.,23UEN53SP01_15102026,student
24uen123,.,.,23UEN53SP01_15102026,student
24uen124,.,.,23UEN53SP01_15102026,student
24uen125,.,.,23UEN53SP01_15102026,student
24uen126,.,.,23UEN53SP01_15102026,student
24uen127,.,.,23UEN53SP01_15102026,student
24uen128,.,.,23UEN53SP01_15102026,student
24uen129,.,.,23UEN53SP01_15102026,student
24uen130,.,.,23UEN53SP01_15102026,student
24uen131,.,.,23UEN53SP01_15102026,student
24uen132,.,.,23UEN53SP01_15102026,student
24uen133,.,.,23UEN53SP01_15102026,student
24uen134,.,.,23UEN53SP01_15102026,student
24uen135,.,.,23UEN53SP01_15102026,student
24uen136,.,.,23UEN53SP01_15102026,student
24uen137,.,.,23UEN53SP01_15102026,student
24uen138,.,.,23UEN53SP01_15102026,student
24uen139,.,.,23UEN53SP01_15102026,student
24uen140,.,.,23UEN53SP01_15102026,student
24uen141,.,.,23UEN53SP01_15102026,student
24uen142,.,.,23UEN53SP01_15102026,student
24uen143,.,.,23UEN53SP01_15102026,student
24uen144,.,.,23UEN53SP01_15102026,student
24uen145,.,.,23UEN53SP01_15102026,student
24uen146,.,.,23UEN53SP01_15102026,student
24uen147,.,.,23UEN53SP01_15102026,student
24uen148,.,.,23UEN53SP01_15102026,student
24uen149,.,.,23UEN53SP01_15102026,student
24uen150,.,.,23UEN53SP01_15102026,student
24uen151,.,.,23UEN53SP01_15102026,student
24uen153,.,.,23UEN53SP01_15102026,student
24uen154,.,.,23UEN53SP01_15102026,student
24uen155,.,.,23UEN53SP01_15102026,student
24uen156,.,.,23UEN53SP01_15102026,student
24uen157,.,.,23UEN53SP01_15102026,student
24uen158,.,.,23UEN53SP01_15102026,student
24uen159,.,.,23UEN53SP01_15102026,student
24uen160,.,.,23UEN53SP01_15102026,student
24uen161,.,.,23UEN53SP01_15102026,student
24uen162,.,.,23UEN53SP01_15102026,student
24uen163,.,.,23UEN53SP01_15102026,student
24uen164,.,.,23UEN53SP01_15102026,student
24uen165,.,.,23UEN53SP01_15102026,student
24uen166,.,.,23UEN53SP01_15102026,student
24uen167,.,.,23UEN53SP01_15102026,student
24uen168,.,.,23UEN53SP01_15102026,student
24uen169,.,.,23UEN53SP01_15102026,student
24uen170,.,.,23UEN53SP01_15102026,student
24uen171,.,.,23UEN53SP01_15102026,student
24uen172,.,.,23UEN53SP01_15102026,student
24uen173,.,.,23UEN53SP01_15102026,student
24uen174,.,.,23UEN53SP01_15102026,student
24uen175,.,.,23UEN53SP01_15102026,student
24uen501,.,.,23UEN53SP01_15102026,student
24uen502,.,.,23UEN53SP01_15102026,student
24uen503,.,.,23UEN53SP01_15102026,student
24uen504,.,.,23UEN53SP01_15102026,student
24uen505,.,.,23UEN53SP01_15102026,student
24uen506,.,.,23UEN53SP01_15102026,student
24uen507,.,.,23UEN53SP01_15102026,student
24uen508,.,.,23UEN53SP01_15102026,student
24uen509,.,.,23UEN53SP01_15102026,student
24uen510,.,.,23UEN53SP01_15102026,student
24uen511,.,.,23UEN53SP01_15102026,student
24uen512,.,.,23UEN53SP01_15102026,student
24uen513,.,.,23UEN53SP01_15102026,student
24uen514,.,.,23UEN53SP01_15102026,student
24uen515,.,.,23UEN53SP01_15102026,student
24uen517,.,.,23UEN53SP01_15102026,student
24uen518,.,.,23UEN53SP01_15102026,student
24uen519,.,.,23UEN53SP01_15102026,student
24uen520,.,.,23UEN53SP01_15102026,student
24uen521,.,.,23UEN53SP01_15102026,student
24uen522,.,.,23UEN53SP01_15102026,student
24uen523,.,.,23UEN53SP01_15102026,student
24uen524,.,.,23UEN53SP01_15102026,student
24uen525,.,.,23UEN53SP01_15102026,student
24uen526,.,.,23UEN53SP01_15102026,student
24uen527,.,.,23UEN53SP01_15102026,student
24uen528,.,.,23UEN53SP01_15102026,student
24uen529,.,.,23UEN53SP01_15102026,student
24uen530,.,.,23UEN53SP01_15102026,student
24uen531,.,.,23UEN53SP01_15102026,student
24uen532,.,.,23UEN53SP01_15102026,student
24uen533,.,.,23UEN53SP01_15102026,student
24uen534,.,.,23UEN53SP01_15102026,student
24uen535,.,.,23UEN53SP01_15102026,student
24uen536,.,.,23UEN53SP01_15102026,student
24uen537,.,.,23UEN53SP01_15102026,student
24uen538,.,.,23UEN53SP01_15102026,student
24uen539,.,.,23UEN53SP01_15102026,student
24uen541,.,.,23UEN53SP01_15102026,student
24uen542,.,.,23UEN53SP01_15102026,student
24uen543,.,.,23UEN53SP01_15102026,student
24uen544,.,.,23UEN53SP01_15102026,student
24uen545,.,.,23UEN53SP01_15102026,student
24uen546,.,.,23UEN53SP01_15102026,student
24uen547,.,.,23UEN53SP01_15102026,student
24uen548,.,.,23UEN53SP01_15102026,student
24uen549,.,.,23UEN53SP01_15102026,student
24uen550,.,.,23UEN53SP01_15102026,student
24uen551,.,.,23UEN53SP01_15102026,student
24uen552,.,.,23UEN53SP01_15102026,student
24uen553,.,.,23UEN53SP01_15102026,student
24uen554,.,.,23UEN53SP01_15102026,student
24uen555,.,.,23UEN53SP01_15102026,student
24uen556,.,.,23UEN53SP01_15102026,student
24uen557,.,.,23UEN53SP01_15102026,student
24uen558,.,.,23UEN53SP01_15102026,student
24uen559,.,.,23UEN53SP01_15102026,student
24uen560,.,.,23UEN53SP01_15102026,student
24uen561,.,.,23UEN53SP01_15102026,student
24uen562,.,.,23UEN53SP01_15102026,student
24uen563,.,.,23UEN53SP01_15102026,student
24uen564,.,.,23UEN53SP01_15102026,student
24uen565,.,.,23UEN53SP01_15102026,student
24uen566,.,.,23UEN53SP01_15102026,student
24uen567,.,.,23UEN53SP01_15102026,student
24uen568,.,.,23UEN53SP01_15102026,student
24uen569,.,.,23UEN53SP01_15102026,student
24uen570,.,.,23UEN53SP01_15102026,student
24uhs101,.,.,23UHS53SP01_15102026,student
21fhs01,Dr M Britto Stalin,.,23UHS53SP01_15102026,editingteacher
24uhs102,.,.,23UHS53SP01_15102026,student
24uhs103,.,.,23UHS53SP01_15102026,student
24uhs104,.,.,23UHS53SP01_15102026,student
24uhs105,.,.,23UHS53SP01_15102026,student
24uhs106,.,.,23UHS53SP01_15102026,student
24uhs107,.,.,23UHS53SP01_15102026,student
24uhs108,.,.,23UHS53SP01_15102026,student
24uhs109,.,.,23UHS53SP01_15102026,student
24uhs110,.,.,23UHS53SP01_15102026,student
24uhs111,.,.,23UHS53SP01_15102026,student
24uhs112,.,.,23UHS53SP01_15102026,student
24uhs113,.,.,23UHS53SP01_15102026,student
24uhs114,.,.,23UHS53SP01_15102026,student
24uhs115,.,.,23UHS53SP01_15102026,student
24uhs116,.,.,23UHS53SP01_15102026,student
24uhs117,.,.,23UHS53SP01_15102026,student
24uhs118,.,.,23UHS53SP01_15102026,student
24uhs119,.,.,23UHS53SP01_15102026,student
24uhs120,.,.,23UHS53SP01_15102026,student
24uhs121,.,.,23UHS53SP01_15102026,student
24uhs122,.,.,23UHS53SP01_15102026,student
24uhs123,.,.,23UHS53SP01_15102026,student
24uhs124,.,.,23UHS53SP01_15102026,student
24uhs125,.,.,23UHS53SP01_15102026,student
24uhs126,.,.,23UHS53SP01_15102026,student
24uhs127,.,.,23UHS53SP01_15102026,student
24uhs128,.,.,23UHS53SP01_15102026,student
24uhs129,.,.,23UHS53SP01_15102026,student
24uhs130,.,.,23UHS53SP01_15102026,student
24uhs131,.,.,23UHS53SP01_15102026,student
24uhs132,.,.,23UHS53SP01_15102026,student
24uhs133,.,.,23UHS53SP01_15102026,student
24uhs134,.,.,23UHS53SP01_15102026,student
24uhs135,.,.,23UHS53SP01_15102026,student
24uhs136,.,.,23UHS53SP01_15102026,student
24uhs137,.,.,23UHS53SP01_15102026,student
24uhs138,.,.,23UHS53SP01_15102026,student
24uhs139,.,.,23UHS53SP01_15102026,student
24uhs140,.,.,23UHS53SP01_15102026,student
24uhs141,.,.,23UHS53SP01_15102026,student
24uhs142,.,.,23UHS53SP01_15102026,student
24uhs143,.,.,23UHS53SP01_15102026,student
24uhs144,.,.,23UHS53SP01_15102026,student
24uhs145,.,.,23UHS53SP01_15102026,student
24uhs146,.,.,23UHS53SP01_15102026,student
24uhs147,.,.,23UHS53SP01_15102026,student
24uhs148,.,.,23UHS53SP01_15102026,student
24uhs149,.,.,23UHS53SP01_15102026,student
24uhs150,.,.,23UHS53SP01_15102026,student
24uhs151,.,.,23UHS53SP01_15102026,student
24uhs152,.,.,23UHS53SP01_15102026,student
24uhs153,.,.,23UHS53SP01_15102026,student
24uhs154,.,.,23UHS53SP01_15102026,student
24uhs155,.,.,23UHS53SP01_15102026,student
24uhs156,.,.,23UHS53SP01_15102026,student
24uhs157,.,.,23UHS53SP01_15102026,student
24uhs158,.,.,23UHS53SP01_15102026,student
24uhs159,.,.,23UHS53SP01_15102026,student
24uhs160,.,.,23UHS53SP01_15102026,student
24uhs161,.,.,23UHS53SP01_15102026,student
24uhs163,.,.,23UHS53SP01_15102026,student
24uhs164,.,.,23UHS53SP01_15102026,student
24uhs165,.,.,23UHS53SP01_15102026,student
24uhs166,.,.,23UHS53SP01_15102026,student
24uhs167,.,.,23UHS53SP01_15102026,student
24uhs168,.,.,23UHS53SP01_15102026,student
24uhs169,.,.,23UHS53SP01_15102026,student
24uhs170,.,.,23UHS53SP01_15102026,student
24uhs171,.,.,23UHS53SP01_15102026,student
24uhs172,.,.,23UHS53SP01_15102026,student
24uhs173,.,.,23UHS53SP01_15102026,student
24uhs174,.,.,23UHS53SP01_15102026,student
24uma101,.,.,23UMA53SP01_15102026,student
18fma02,Dr R Lenin,.,23UMA53SP01_15102026,editingteacher
24uma102,.,.,23UMA53SP01_15102026,student
24uma103,.,.,23UMA53SP01_15102026,student
24uma104,.,.,23UMA53SP01_15102026,student
24uma105,.,.,23UMA53SP01_15102026,student
24uma106,.,.,23UMA53SP01_15102026,student
24uma107,.,.,23UMA53SP01_15102026,student
24uma108,.,.,23UMA53SP01_15102026,student
24uma109,.,.,23UMA53SP01_15102026,student
24uma110,.,.,23UMA53SP01_15102026,student
24uma111,.,.,23UMA53SP01_15102026,student
24uma112,.,.,23UMA53SP01_15102026,student
24uma113,.,.,23UMA53SP01_15102026,student
24uma114,.,.,23UMA53SP01_15102026,student
24uma115,.,.,23UMA53SP01_15102026,student
24uma116,.,.,23UMA53SP01_15102026,student
24uma117,.,.,23UMA53SP01_15102026,student
24uma118,.,.,23UMA53SP01_15102026,student
24uma119,.,.,23UMA53SP01_15102026,student
24uma120,.,.,23UMA53SP01_15102026,student
24uma121,.,.,23UMA53SP01_15102026,student
24uma122,.,.,23UMA53SP01_15102026,student
24uma123,.,.,23UMA53SP01_15102026,student
24uma124,.,.,23UMA53SP01_15102026,student
24uma125,.,.,23UMA53SP01_15102026,student
24uma126,.,.,23UMA53SP01_15102026,student
24uma127,.,.,23UMA53SP01_15102026,student
24uma128,.,.,23UMA53SP01_15102026,student
24uma129,.,.,23UMA53SP01_15102026,student
24uma130,.,.,23UMA53SP01_15102026,student
24uma131,.,.,23UMA53SP01_15102026,student
24uma132,.,.,23UMA53SP01_15102026,student
24uma133,.,.,23UMA53SP01_15102026,student
24uma134,.,.,23UMA53SP01_15102026,student
24uma135,.,.,23UMA53SP01_15102026,student
24uma136,.,.,23UMA53SP01_15102026,student
24uma137,.,.,23UMA53SP01_15102026,student
24uma138,.,.,23UMA53SP01_15102026,student
24uma139,.,.,23UMA53SP01_15102026,student
24uma140,.,.,23UMA53SP01_15102026,student
24uma141,.,.,23UMA53SP01_15102026,student
24uma142,.,.,23UMA53SP01_15102026,student
24uma143,.,.,23UMA53SP01_15102026,student
24uma144,.,.,23UMA53SP01_15102026,student
24uma201,.,.,23UMA53SP01_15102026,student
24uma202,.,.,23UMA53SP01_15102026,student
24uma203,.,.,23UMA53SP01_15102026,student
24uma204,.,.,23UMA53SP01_15102026,student
24uma205,.,.,23UMA53SP01_15102026,student
24uma206,.,.,23UMA53SP01_15102026,student
24uma207,.,.,23UMA53SP01_15102026,student
24uma208,.,.,23UMA53SP01_15102026,student
24uma209,.,.,23UMA53SP01_15102026,student
24uma210,.,.,23UMA53SP01_15102026,student
24uma211,.,.,23UMA53SP01_15102026,student
24uma212,.,.,23UMA53SP01_15102026,student
24uma213,.,.,23UMA53SP01_15102026,student
24uma214,.,.,23UMA53SP01_15102026,student
24uma215,.,.,23UMA53SP01_15102026,student
24uma216,.,.,23UMA53SP01_15102026,student
24uma217,.,.,23UMA53SP01_15102026,student
24uma218,.,.,23UMA53SP01_15102026,student
24uma219,.,.,23UMA53SP01_15102026,student
24uma220,.,.,23UMA53SP01_15102026,student
24uma222,.,.,23UMA53SP01_15102026,student
24uma223,.,.,23UMA53SP01_15102026,student
24uma224,.,.,23UMA53SP01_15102026,student
24uma225,.,.,23UMA53SP01_15102026,student
24uma226,.,.,23UMA53SP01_15102026,student
24uma227,.,.,23UMA53SP01_15102026,student
24uma228,.,.,23UMA53SP01_15102026,student
24uma229,.,.,23UMA53SP01_15102026,student
24uma230,.,.,23UMA53SP01_15102026,student
24uma231,.,.,23UMA53SP01_15102026,student
24uma232,.,.,23UMA53SP01_15102026,student
24uma233,.,.,23UMA53SP01_15102026,student
24uma234,.,.,23UMA53SP01_15102026,student
24uma235,.,.,23UMA53SP01_15102026,student
24uma236,.,.,23UMA53SP01_15102026,student
24uma237,.,.,23UMA53SP01_15102026,student
24uma238,.,.,23UMA53SP01_15102026,student
24uma239,.,.,23UMA53SP01_15102026,student
24uma240,.,.,23UMA53SP01_15102026,student
24uma241,.,.,23UMA53SP01_15102026,student
24uma242,.,.,23UMA53SP01_15102026,student
24uma243,.,.,23UMA53SP01_15102026,student
24uma244,.,.,23UMA53SP01_15102026,student
24uma245,.,.,23UMA53SP01_15102026,student
24uph101,.,.,23UPH53SP01_15102026,student
12fph02,Dr A J Clement Lourduraj,.,23UPH53SP01_15102026,editingteacher
24uph102,.,.,23UPH53SP01_15102026,student
24uph103,.,.,23UPH53SP01_15102026,student
24uph104,.,.,23UPH53SP01_15102026,student
24uph105,.,.,23UPH53SP01_15102026,student
24uph106,.,.,23UPH53SP01_15102026,student
24uph107,.,.,23UPH53SP01_15102026,student
24uph108,.,.,23UPH53SP01_15102026,student
24uph109,.,.,23UPH53SP01_15102026,student
24uph110,.,.,23UPH53SP01_15102026,student
24uph111,.,.,23UPH53SP01_15102026,student
24uph112,.,.,23UPH53SP01_15102026,student
24uph113,.,.,23UPH53SP01_15102026,student
24uph114,.,.,23UPH53SP01_15102026,student
24uph115,.,.,23UPH53SP01_15102026,student
24uph116,.,.,23UPH53SP01_15102026,student
24uph117,.,.,23UPH53SP01_15102026,student
24uph118,.,.,23UPH53SP01_15102026,student
24uph119,.,.,23UPH53SP01_15102026,student
24uph120,.,.,23UPH53SP01_15102026,student
24uph121,.,.,23UPH53SP01_15102026,student
24uph122,.,.,23UPH53SP01_15102026,student
24uph123,.,.,23UPH53SP01_15102026,student
24uph124,.,.,23UPH53SP01_15102026,student
24uph125,.,.,23UPH53SP01_15102026,student
24uph126,.,.,23UPH53SP01_15102026,student
24uph127,.,.,23UPH53SP01_15102026,student
24uph128,.,.,23UPH53SP01_15102026,student
24uph129,.,.,23UPH53SP01_15102026,student
24uph130,.,.,23UPH53SP01_15102026,student
24uph131,.,.,23UPH53SP01_15102026,student
24uph132,.,.,23UPH53SP01_15102026,student
24uph133,.,.,23UPH53SP01_15102026,student
24uph134,.,.,23UPH53SP01_15102026,student
24uph135,.,.,23UPH53SP01_15102026,student
24uph136,.,.,23UPH53SP01_15102026,student
24uph137,.,.,23UPH53SP01_15102026,student
24uph138,.,.,23UPH53SP01_15102026,student
24uph139,.,.,23UPH53SP01_15102026,student
24uph140,.,.,23UPH53SP01_15102026,student
24uph142,.,.,23UPH53SP01_15102026,student
24uph143,.,.,23UPH53SP01_15102026,student
24uph144,.,.,23UPH53SP01_15102026,student
24uph145,.,.,23UPH53SP01_15102026,student
24uph146,.,.,23UPH53SP01_15102026,student
24uph147,.,.,23UPH53SP01_15102026,student
24uph148,.,.,23UPH53SP01_15102026,student
24uph149,.,.,23UPH53SP01_15102026,student
24uph150,.,.,23UPH53SP01_15102026,student
24uph151,.,.,23UPH53SP01_15102026,student
24uph152,.,.,23UPH53SP01_15102026,student
24uph153,.,.,23UPH53SP01_15102026,student
24uph154,.,.,23UPH53SP01_15102026,student
24uph155,.,.,23UPH53SP01_15102026,student
24uph156,.,.,23UPH53SP01_15102026,student
24uph201,.,.,23UPH53SP01_15102026,student
22fph01,Dr H Joy Prabu,.,23UPH53SP01_15102026,editingteacher
24uph202,.,.,23UPH53SP01_15102026,student
24uph203,.,.,23UPH53SP01_15102026,student
24uph204,.,.,23UPH53SP01_15102026,student
24uph205,.,.,23UPH53SP01_15102026,student
24uph206,.,.,23UPH53SP01_15102026,student
24uph207,.,.,23UPH53SP01_15102026,student
24uph208,.,.,23UPH53SP01_15102026,student
24uph209,.,.,23UPH53SP01_15102026,student
24uph210,.,.,23UPH53SP01_15102026,student
24uph211,.,.,23UPH53SP01_15102026,student
24uph212,.,.,23UPH53SP01_15102026,student
24uph213,.,.,23UPH53SP01_15102026,student
24uph214,.,.,23UPH53SP01_15102026,student
24uph215,.,.,23UPH53SP01_15102026,student
24uph216,.,.,23UPH53SP01_15102026,student
24uph217,.,.,23UPH53SP01_15102026,student
24uph218,.,.,23UPH53SP01_15102026,student
24uph219,.,.,23UPH53SP01_15102026,student
24uph220,.,.,23UPH53SP01_15102026,student
24uph221,.,.,23UPH53SP01_15102026,student
24uph222,.,.,23UPH53SP01_15102026,student
24uph223,.,.,23UPH53SP01_15102026,student
24uph224,.,.,23UPH53SP01_15102026,student
24uph225,.,.,23UPH53SP01_15102026,student
24uph226,.,.,23UPH53SP01_15102026,student
24uph227,.,.,23UPH53SP01_15102026,student
24uph228,.,.,23UPH53SP01_15102026,student
24uph229,.,.,23UPH53SP01_15102026,student
24uph230,.,.,23UPH53SP01_15102026,student
24uph231,.,.,23UPH53SP01_15102026,student
24uph232,.,.,23UPH53SP01_15102026,student
24uph233,.,.,23UPH53SP01_15102026,student
24uph234,.,.,23UPH53SP01_15102026,student
24uph235,.,.,23UPH53SP01_15102026,student
24uph236,.,.,23UPH53SP01_15102026,student
24uph237,.,.,23UPH53SP01_15102026,student
24uph238,.,.,23UPH53SP01_15102026,student
24uph239,.,.,23UPH53SP01_15102026,student
24uph240,.,.,23UPH53SP01_15102026,student
24uph241,.,.,23UPH53SP01_15102026,student
24uph242,.,.,23UPH53SP01_15102026,student
24uph243,.,.,23UPH53SP01_15102026,student
24uph244,.,.,23UPH53SP01_15102026,student
24uph245,.,.,23UPH53SP01_15102026,student
24uph246,.,.,23UPH53SP01_15102026,student
24uph247,.,.,23UPH53SP01_15102026,student
24uph248,.,.,23UPH53SP01_15102026,student
24uph249,.,.,23UPH53SP01_15102026,student
24uph250,.,.,23UPH53SP01_15102026,student
24uph251,.,.,23UPH53SP01_15102026,student
24uph252,.,.,23UPH53SP01_15102026,student
24uph253,.,.,23UPH53SP01_15102026,student
24uph254,.,.,23UPH53SP01_15102026,student
24uph255,.,.,23UPH53SP01_15102026,student
24ust101,.,.,23UST53SP01_15102026,student
16fst01,Dr J Glorypersial,.,23UST53SP01_15102026,editingteacher
24ust102,.,.,23UST53SP01_15102026,student
24ust103,.,.,23UST53SP01_15102026,student
24ust104,.,.,23UST53SP01_15102026,student
24ust105,.,.,23UST53SP01_15102026,student
24ust106,.,.,23UST53SP01_15102026,student
24ust107,.,.,23UST53SP01_15102026,student
24ust108,.,.,23UST53SP01_15102026,student
24ust109,.,.,23UST53SP01_15102026,student
24ust110,.,.,23UST53SP01_15102026,student
24ust111,.,.,23UST53SP01_15102026,student
24ust112,.,.,23UST53SP01_15102026,student
24ust113,.,.,23UST53SP01_15102026,student
24ust114,.,.,23UST53SP01_15102026,student
24ust115,.,.,23UST53SP01_15102026,student
24ust116,.,.,23UST53SP01_15102026,student
24ust117,.,.,23UST53SP01_15102026,student
24ust118,.,.,23UST53SP01_15102026,student
24ust119,.,.,23UST53SP01_15102026,student
24ust120,.,.,23UST53SP01_15102026,student
24ust121,.,.,23UST53SP01_15102026,student
24ust122,.,.,23UST53SP01_15102026,student
24ust123,.,.,23UST53SP01_15102026,student
24ust124,.,.,23UST53SP01_15102026,student
24ust125,.,.,23UST53SP01_15102026,student
24ust126,.,.,23UST53SP01_15102026,student
24ust127,.,.,23UST53SP01_15102026,student
24ust128,.,.,23UST53SP01_15102026,student
24ust129,.,.,23UST53SP01_15102026,student
24ust130,.,.,23UST53SP01_15102026,student
24ust131,.,.,23UST53SP01_15102026,student
24ust132,.,.,23UST53SP01_15102026,student
24ust133,.,.,23UST53SP01_15102026,student
24ust134,.,.,23UST53SP01_15102026,student
24ust136,.,.,23UST53SP01_15102026,student
24ust137,.,.,23UST53SP01_15102026,student
24ust138,.,.,23UST53SP01_15102026,student
24ust140,.,.,23UST53SP01_15102026,student
24ust141,.,.,23UST53SP01_15102026,student
24ust142,.,.,23UST53SP01_15102026,student
24ust143,.,.,23UST53SP01_15102026,student
24ust144,.,.,23UST53SP01_15102026,student
24ust145,.,.,23UST53SP01_15102026,student
24ust146,.,.,23UST53SP01_15102026,student
24ust147,.,.,23UST53SP01_15102026,student
24ust148,.,.,23UST53SP01_15102026,student
24ust149,.,.,23UST53SP01_15102026,student
24ust150,.,.,23UST53SP01_15102026,student
24ust151,.,.,23UST53SP01_15102026,student
24ust152,.,.,23UST53SP01_15102026,student
24ust153,.,.,23UST53SP01_15102026,student
24ust155,.,.,23UST53SP01_15102026,student
24ust156,.,.,23UST53SP01_15102026,student
24ust157,.,.,23UST53SP01_15102026,student
24ust158,.,.,23UST53SP01_15102026,student
24ust159,.,.,23UST53SP01_15102026,student
24ust160,.,.,23UST53SP01_15102026,student
24ust161,.,.,23UST53SP01_15102026,student
24uta101,.,.,23UTA53SP01_15102026,student
22fta01,Dr J Saleth,.,23UTA53SP01_15102026,editingteacher
24uta102,.,.,23UTA53SP01_15102026,student
24uta103,.,.,23UTA53SP01_15102026,student
24uta104,.,.,23UTA53SP01_15102026,student
24uta105,.,.,23UTA53SP01_15102026,student
24uta106,.,.,23UTA53SP01_15102026,student
24uta107,.,.,23UTA53SP01_15102026,student
24uta108,.,.,23UTA53SP01_15102026,student
24uta109,.,.,23UTA53SP01_15102026,student
24uta110,.,.,23UTA53SP01_15102026,student
24uta111,.,.,23UTA53SP01_15102026,student
24uta112,.,.,23UTA53SP01_15102026,student
24uta113,.,.,23UTA53SP01_15102026,student
24uta114,.,.,23UTA53SP01_15102026,student
24uta115,.,.,23UTA53SP01_15102026,student
24uta116,.,.,23UTA53SP01_15102026,student
24uta117,.,.,23UTA53SP01_15102026,student
24uta118,.,.,23UTA53SP01_15102026,student
24uta119,.,.,23UTA53SP01_15102026,student
24uta120,.,.,23UTA53SP01_15102026,student
24uta121,.,.,23UTA53SP01_15102026,student
24uta122,.,.,23UTA53SP01_15102026,student
24uta123,.,.,23UTA53SP01_15102026,student
24uta124,.,.,23UTA53SP01_15102026,student
24uta125,.,.,23UTA53SP01_15102026,student
24uta126,.,.,23UTA53SP01_15102026,student
24uta127,.,.,23UTA53SP01_15102026,student
24uta128,.,.,23UTA53SP01_15102026,student
24uta129,.,.,23UTA53SP01_15102026,student
24uta130,.,.,23UTA53SP01_15102026,student
24uta131,.,.,23UTA53SP01_15102026,student
24uta132,.,.,23UTA53SP01_15102026,student
24uta133,.,.,23UTA53SP01_15102026,student
24uta134,.,.,23UTA53SP01_15102026,student
24uta135,.,.,23UTA53SP01_15102026,student
24uta136,.,.,23UTA53SP01_15102026,student
24uta137,.,.,23UTA53SP01_15102026,student
24uta138,.,.,23UTA53SP01_15102026,student
24uta139,.,.,23UTA53SP01_15102026,student
24uta140,.,.,23UTA53SP01_15102026,student
24uta141,.,.,23UTA53SP01_15102026,student
24uta142,.,.,23UTA53SP01_15102026,student
24uta143,.,.,23UTA53SP01_15102026,student
24uta144,.,.,23UTA53SP01_15102026,student
24uta145,.,.,23UTA53SP01_15102026,student
24uta146,.,.,23UTA53SP01_15102026,student
24uta147,.,.,23UTA53SP01_15102026,student
24uta148,.,.,23UTA53SP01_15102026,student
24uta149,.,.,23UTA53SP01_15102026,student
24uta150,.,.,23UTA53SP01_15102026,student
24uta151,.,.,23UTA53SP01_15102026,student
24uta152,.,.,23UTA53SP01_15102026,student
24uta153,.,.,23UTA53SP01_15102026,student
24uta154,.,.,23UTA53SP01_15102026,student
24uta155,.,.,23UTA53SP01_15102026,student
24uta157,.,.,23UTA53SP01_15102026,student
24uta158,.,.,23UTA53SP01_15102026,student
24uta159,.,.,23UTA53SP01_15102026,student
24uta160,.,.,23UTA53SP01_15102026,student
24uta161,.,.,23UTA53SP01_15102026,student
24uta162,.,.,23UTA53SP01_15102026,student
24uta163,.,.,23UTA53SP01_15102026,student
24uta164,.,.,23UTA53SP01_15102026,student
24uta165,.,.,23UTA53SP01_15102026,student
24uta166,.,.,23UTA53SP01_15102026,student
24uta167,.,.,23UTA53SP01_15102026,student
24uta168,.,.,23UTA53SP01_15102026,student
24uta169,.,.,23UTA53SP01_15102026,student
24uta170,.,.,23UTA53SP01_15102026,student
24uta171,.,.,23UTA53SP01_15102026,student
24uta172,.,.,23UTA53SP01_15102026,student
24uta173,.,.,23UTA53SP01_15102026,student
24uta174,.,.,23UTA53SP01_15102026,student
24uta175,.,.,23UTA53SP01_15102026,student
24uta176,.,.,23UTA53SP01_15102026,student
24uta177,.,.,23UTA53SP01_15102026,student
24uta178,.,.,23UTA53SP01_15102026,student
24uvc501,.,.,23UVC53SP01_15102026,student
21cvc51,Ms K Ramya,.,23UVC53SP01_15102026,editingteacher
24uvc502,.,.,23UVC53SP01_15102026,student
24uvc503,.,.,23UVC53SP01_15102026,student
24uvc504,.,.,23UVC53SP01_15102026,student
24uvc505,.,.,23UVC53SP01_15102026,student
24uvc506,.,.,23UVC53SP01_15102026,student
24uvc507,.,.,23UVC53SP01_15102026,student
24uvc508,.,.,23UVC53SP01_15102026,student
24uvc509,.,.,23UVC53SP01_15102026,student
24uvc510,.,.,23UVC53SP01_15102026,student
24uvc511,.,.,23UVC53SP01_15102026,student
24uvc512,.,.,23UVC53SP01_15102026,student
24uvc513,.,.,23UVC53SP01_15102026,student
24uvc514,.,.,23UVC53SP01_15102026,student
24uvc515,.,.,23UVC53SP01_15102026,student
24uvc516,.,.,23UVC53SP01_15102026,student
24uvc517,.,.,23UVC53SP01_15102026,student
24uvc518,.,.,23UVC53SP01_15102026,student
24uvc519,.,.,23UVC53SP01_15102026,student
24uvc520,.,.,23UVC53SP01_15102026,student
24uvc521,.,.,23UVC53SP01_15102026,student
24uvc522,.,.,23UVC53SP01_15102026,student
24uvc524,.,.,23UVC53SP01_15102026,student
24uvc525,.,.,23UVC53SP01_15102026,student
24uvc526,.,.,23UVC53SP01_15102026,student
24uvc527,.,.,23UVC53SP01_15102026,student
24uvc528,.,.,23UVC53SP01_15102026,student
24uvc529,.,.,23UVC53SP01_15102026,student
24uvc530,.,.,23UVC53SP01_15102026,student
24uvc531,.,.,23UVC53SP01_15102026,student
24uvc532,.,.,23UVC53SP01_15102026,student
24uvc533,.,.,23UVC53SP01_15102026,student
24uvc534,.,.,23UVC53SP01_15102026,student
24uvc535,.,.,23UVC53SP01_15102026,student
24uvc536,.,.,23UVC53SP01_15102026,student
24uvc537,.,.,23UVC53SP01_15102026,student
24uvc538,.,.,23UVC53SP01_15102026,student
24uvc539,.,.,23UVC53SP01_15102026,student
24uvc540,.,.,23UVC53SP01_15102026,student
24uvc541,.,.,23UVC53SP01_15102026,student
24uvc542,.,.,23UVC53SP01_15102026,student
24uvc543,.,.,23UVC53SP01_15102026,student
24uvc544,.,.,23UVC53SP01_15102026,student
24uvc545,.,.,23UVC53SP01_15102026,student
24uvc546,.,.,23UVC53SP01_15102026,student
25pai801,.,.,25PAI3SL03_15102026,student
26sai52,Mr C Mohanraja,.,25PAI3SL03_15102026,editingteacher
25pai802,.,.,25PAI3SL03_15102026,student
25pai803,.,.,25PAI3SL03_15102026,student
25pai804,.,.,25PAI3SL03_15102026,student
25pai805,.,.,25PAI3SL03_15102026,student
25pai806,.,.,25PAI3SL03_15102026,student
25pai807,.,.,25PAI3SL03_15102026,student
25pai808,.,.,25PAI3SL03_15102026,student
25pai809,.,.,25PAI3SL03_15102026,student
25pai810,.,.,25PAI3SL03_15102026,student
25pai811,.,.,25PAI3SL03_15102026,student
25pai812,.,.,25PAI3SL03_15102026,student
25pai813,.,.,25PAI3SL03_15102026,student
25pai814,.,.,25PAI3SL03_15102026,student
25pai815,.,.,25PAI3SL03_15102026,student
25pai816,.,.,25PAI3SL03_15102026,student
25pai817,.,.,25PAI3SL03_15102026,student
25pai818,.,.,25PAI3SL03_15102026,student
25pai819,.,.,25PAI3SL03_15102026,student
25pai820,.,.,25PAI3SL03_15102026,student
25pai821,.,.,25PAI3SL03_15102026,student
25pai822,.,.,25PAI3SL03_15102026,student
25pai823,.,.,25PAI3SL03_15102026,student
25pai824,.,.,25PAI3SL03_15102026,student
25pbi801,.,.,25PBI3SL03_15102026,student
01tbi05,Mr T Antony Diwakar Chandran,.,25PBI3SL03_15102026,editingteacher
25pbi802,.,.,25PBI3SL03_15102026,student
25pbi803,.,.,25PBI3SL03_15102026,student
25pbi804,.,.,25PBI3SL03_15102026,student
25pbi805,.,.,25PBI3SL03_15102026,student
25pbi806,.,.,25PBI3SL03_15102026,student
25pbi807,.,.,25PBI3SL03_15102026,student
25pbi808,.,.,25PBI3SL03_15102026,student
25pbi809,.,.,25PBI3SL03_15102026,student
25pbi810,.,.,25PBI3SL03_15102026,student
25pbi811,.,.,25PBI3SL03_15102026,student
25pbi812,.,.,25PBI3SL03_15102026,student
25pbo101,.,.,25PBO3SL03_15102026,student
07fpb03,Dr M Francis Sathiyaseelan,.,25PBO3SL03_15102026,editingteacher
25pbo102,.,.,25PBO3SL03_15102026,student
25pbo103,.,.,25PBO3SL03_15102026,student
25pbo104,.,.,25PBO3SL03_15102026,student
25pbo105,.,.,25PBO3SL03_15102026,student
25pbo106,.,.,25PBO3SL03_15102026,student
25pbo107,.,.,25PBO3SL03_15102026,student
25pbo108,.,.,25PBO3SL03_15102026,student
25pbo109,.,.,25PBO3SL03_15102026,student
25pbo110,.,.,25PBO3SL03_15102026,student
25pbo111,.,.,25PBO3SL03_15102026,student
25pbo112,.,.,25PBO3SL03_15102026,student
25pbo113,.,.,25PBO3SL03_15102026,student
25pbo114,.,.,25PBO3SL03_15102026,student
25pbo115,.,.,25PBO3SL03_15102026,student
25pbo116,.,.,25PBO3SL03_15102026,student
25pbo117,.,.,25PBO3SL03_15102026,student
25pbo118,.,.,25PBO3SL03_15102026,student
25pbo119,.,.,25PBO3SL03_15102026,student
25pbt801,.,.,25PBT3SL03_15102026,student
23cbt51,Dr Asha Monica,.,25PBT3SL03_15102026,editingteacher
25pbt802,.,.,25PBT3SL03_15102026,student
25pbt803,.,.,25PBT3SL03_15102026,student
25pbt804,.,.,25PBT3SL03_15102026,student
25pbt805,.,.,25PBT3SL03_15102026,student
25pbt806,.,.,25PBT3SL03_15102026,student
25pbt807,.,.,25PBT3SL03_15102026,student
25pbt808,.,.,25PBT3SL03_15102026,student
25pbt809,.,.,25PBT3SL03_15102026,student
25pbt810,.,.,25PBT3SL03_15102026,student
25pbt811,.,.,25PBT3SL03_15102026,student
25pbt812,.,.,25PBT3SL03_15102026,student
25pbt813,.,.,25PBT3SL03_15102026,student
25pbt814,.,.,25PBT3SL03_15102026,student
25pbt815,.,.,25PBT3SL03_15102026,student
25pbt816,.,.,25PBT3SL03_15102026,student
25pbt817,.,.,25PBT3SL03_15102026,student
25pbt818,.,.,25PBT3SL03_15102026,student
25pbt819,.,.,25PBT3SL03_15102026,student
25pbt820,.,.,25PBT3SL03_15102026,student
25pbt821,.,.,25PBT3SL03_15102026,student
25pbt822,.,.,25PBT3SL03_15102026,student
25pbt823,.,.,25PBT3SL03_15102026,student
25pbt824,.,.,25PBT3SL03_15102026,student
25pbt825,.,.,25PBT3SL03_15102026,student
25pbt826,.,.,25PBT3SL03_15102026,student
25pbt827,.,.,25PBT3SL03_15102026,student
25pbt828,.,.,25PBT3SL03_15102026,student
25pbt829,.,.,25PBT3SL03_15102026,student
25pbt830,.,.,25PBT3SL03_15102026,student
25pbt831,.,.,25PBT3SL03_15102026,student
25pca101,.,.,25PCA3SL03_15102026,student
23fcs02,Dr George Gabriel Richard Roy,.,25PCA3SL03_15102026,editingteacher
25pca102,.,.,25PCA3SL03_15102026,student
25pca103,.,.,25PCA3SL03_15102026,student
25pca104,.,.,25PCA3SL03_15102026,student
25pca105,.,.,25PCA3SL03_15102026,student
25pca106,.,.,25PCA3SL03_15102026,student
25pca107,.,.,25PCA3SL03_15102026,student
25pca108,.,.,25PCA3SL03_15102026,student
25pca109,.,.,25PCA3SL03_15102026,student
25pca110,.,.,25PCA3SL03_15102026,student
25pca111,.,.,25PCA3SL03_15102026,student
25pca112,.,.,25PCA3SL03_15102026,student
25pca113,.,.,25PCA3SL03_15102026,student
25pca114,.,.,25PCA3SL03_15102026,student
25pca115,.,.,25PCA3SL03_15102026,student
25pca116,.,.,25PCA3SL03_15102026,student
25pca117,.,.,25PCA3SL03_15102026,student
25pca118,.,.,25PCA3SL03_15102026,student
25pca119,.,.,25PCA3SL03_15102026,student
25pca120,.,.,25PCA3SL03_15102026,student
25pca121,.,.,25PCA3SL03_15102026,student
25pca122,.,.,25PCA3SL03_15102026,student
25pca123,.,.,25PCA3SL03_15102026,student
25pca124,.,.,25PCA3SL03_15102026,student
25pca125,.,.,25PCA3SL03_15102026,student
25pca126,.,.,25PCA3SL03_15102026,student
25pca127,.,.,25PCA3SL03_15102026,student
25pca128,.,.,25PCA3SL03_15102026,student
25pca129,.,.,25PCA3SL03_15102026,student
25pca130,.,.,25PCA3SL03_15102026,student
25pca131,.,.,25PCA3SL03_15102026,student
25pca132,.,.,25PCA3SL03_15102026,student
25pca133,.,.,25PCA3SL03_15102026,student
25pca134,.,.,25PCA3SL03_15102026,student
25pca135,.,.,25PCA3SL03_15102026,student
25pca136,.,.,25PCA3SL03_15102026,student
25pca137,.,.,25PCA3SL03_15102026,student
25pca138,.,.,25PCA3SL03_15102026,student
25pca139,.,.,25PCA3SL03_15102026,student
25pca140,.,.,25PCA3SL03_15102026,student
25pca141,.,.,25PCA3SL03_15102026,student
25pca142,.,.,25PCA3SL03_15102026,student
25pca143,.,.,25PCA3SL03_15102026,student
25pca144,.,.,25PCA3SL03_15102026,student
25pca145,.,.,25PCA3SL03_15102026,student
25pca146,.,.,25PCA3SL03_15102026,student
25pca147,.,.,25PCA3SL03_15102026,student
25pca148,.,.,25PCA3SL03_15102026,student
25pca149,.,.,25PCA3SL03_15102026,student
25pca150,.,.,25PCA3SL03_15102026,student
25pca151,.,.,25PCA3SL03_15102026,student
25pca152,.,.,25PCA3SL03_15102026,student
25pca153,.,.,25PCA3SL03_15102026,student
25pca154,.,.,25PCA3SL03_15102026,student
25pca155,.,.,25PCA3SL03_15102026,student
25pca156,.,.,25PCA3SL03_15102026,student
25pca157,.,.,25PCA3SL03_15102026,student
25pca158,.,.,25PCA3SL03_15102026,student
25pca159,.,.,25PCA3SL03_15102026,student
25pca160,.,.,25PCA3SL03_15102026,student
25pcc801,.,.,25PCC3SL03_15102026,student
14tcc01,Dr B Fathima Mary,.,25PCC3SL03_15102026,editingteacher
25pcc802,.,.,25PCC3SL03_15102026,student
25pcc803,.,.,25PCC3SL03_15102026,student
25pcc804,.,.,25PCC3SL03_15102026,student
25pcc805,.,.,25PCC3SL03_15102026,student
25pcc806,.,.,25PCC3SL03_15102026,student
25pcc807,.,.,25PCC3SL03_15102026,student
25pcc808,.,.,25PCC3SL03_15102026,student
25pcc809,.,.,25PCC3SL03_15102026,student
25pcc810,.,.,25PCC3SL03_15102026,student
25pcc811,.,.,25PCC3SL03_15102026,student
25pcc812,.,.,25PCC3SL03_15102026,student
25pcc813,.,.,25PCC3SL03_15102026,student
25pcc814,.,.,25PCC3SL03_15102026,student
25pcc815,.,.,25PCC3SL03_15102026,student
25pcc816,.,.,25PCC3SL03_15102026,student
25pcc817,.,.,25PCC3SL03_15102026,student
25pcc818,.,.,25PCC3SL03_15102026,student
25pcc819,.,.,25PCC3SL03_15102026,student
25pcc820,.,.,25PCC3SL03_15102026,student
25pcc821,.,.,25PCC3SL03_15102026,student
25pcc822,.,.,25PCC3SL03_15102026,student
25pcc823,.,.,25PCC3SL03_15102026,student
25pcc824,.,.,25PCC3SL03_15102026,student
25pcc825,.,.,25PCC3SL03_15102026,student
25pcc826,.,.,25PCC3SL03_15102026,student
25pcc827,.,.,25PCC3SL03_15102026,student
25pcc828,.,.,25PCC3SL03_15102026,student
25pcc829,.,.,25PCC3SL03_15102026,student
25pcc830,.,.,25PCC3SL03_15102026,student
25pcc831,.,.,25PCC3SL03_15102026,student
25pcc832,.,.,25PCC3SL03_15102026,student
25pcc833,.,.,25PCC3SL03_15102026,student
25pcc834,.,.,25PCC3SL03_15102026,student
25pcc835,.,.,25PCC3SL03_15102026,student
25pcc836,.,.,25PCC3SL03_15102026,student
25pcc837,.,.,25PCC3SL03_15102026,student
25pcc838,.,.,25PCC3SL03_15102026,student
25pcc839,.,.,25PCC3SL03_15102026,student
25pcc840,.,.,25PCC3SL03_15102026,student
25pcc841,.,.,25PCC3SL03_15102026,student
25pch101,.,.,25PCH3SL03_15102026,student
07fch01,Dr A Edwin Vasu,.,25PCH3SL03_15102026,editingteacher
25pch102,.,.,25PCH3SL03_15102026,student
25pch103,.,.,25PCH3SL03_15102026,student
25pch104,.,.,25PCH3SL03_15102026,student
25pch105,.,.,25PCH3SL03_15102026,student
25pch106,.,.,25PCH3SL03_15102026,student
25pch107,.,.,25PCH3SL03_15102026,student
25pch108,.,.,25PCH3SL03_15102026,student
25pch109,.,.,25PCH3SL03_15102026,student
25pch110,.,.,25PCH3SL03_15102026,student
25pch111,.,.,25PCH3SL03_15102026,student
25pch112,.,.,25PCH3SL03_15102026,student
25pch113,.,.,25PCH3SL03_15102026,student
25pch114,.,.,25PCH3SL03_15102026,student
25pch115,.,.,25PCH3SL03_15102026,student
25pch116,.,.,25PCH3SL03_15102026,student
25pch117,.,.,25PCH3SL03_15102026,student
25pch118,.,.,25PCH3SL03_15102026,student
25pch119,.,.,25PCH3SL03_15102026,student
25pch120,.,.,25PCH3SL03_15102026,student
25pch121,.,.,25PCH3SL03_15102026,student
25pch122,.,.,25PCH3SL03_15102026,student
25pch123,.,.,25PCH3SL03_15102026,student
25pch124,.,.,25PCH3SL03_15102026,student
25pch125,.,.,25PCH3SL03_15102026,student
25pch126,.,.,25PCH3SL03_15102026,student
25pch127,.,.,25PCH3SL03_15102026,student
25pch128,.,.,25PCH3SL03_15102026,student
25pch129,.,.,25PCH3SL03_15102026,student
25pch130,.,.,25PCH3SL03_15102026,student
25pch131,.,.,25PCH3SL03_15102026,student
25pch132,.,.,25PCH3SL03_15102026,student
25pch801,.,.,25PCH3SL03_15102026,student
16tch01,Mr P Arockia Doss,.,25PCH3SL03_15102026,editingteacher
25pch802,.,.,25PCH3SL03_15102026,student
25pch803,.,.,25PCH3SL03_15102026,student
25pch804,.,.,25PCH3SL03_15102026,student
25pch805,.,.,25PCH3SL03_15102026,student
25pch806,.,.,25PCH3SL03_15102026,student
25pch807,.,.,25PCH3SL03_15102026,student
25pch808,.,.,25PCH3SL03_15102026,student
25pch809,.,.,25PCH3SL03_15102026,student
25pch810,.,.,25PCH3SL03_15102026,student
25pch811,.,.,25PCH3SL03_15102026,student
25pch812,.,.,25PCH3SL03_15102026,student
25pch813,.,.,25PCH3SL03_15102026,student
25pch814,.,.,25PCH3SL03_15102026,student
25pch815,.,.,25PCH3SL03_15102026,student
25pch817,.,.,25PCH3SL03_15102026,student
25pch818,.,.,25PCH3SL03_15102026,student
25pch819,.,.,25PCH3SL03_15102026,student
25pch820,.,.,25PCH3SL03_15102026,student
25pch821,.,.,25PCH3SL03_15102026,student
25pch822,.,.,25PCH3SL03_15102026,student
25pch823,.,.,25PCH3SL03_15102026,student
25pch824,.,.,25PCH3SL03_15102026,student
25pch825,.,.,25PCH3SL03_15102026,student
25pch826,.,.,25PCH3SL03_15102026,student
25pch827,.,.,25PCH3SL03_15102026,student
25pch828,.,.,25PCH3SL03_15102026,student
25pch829,.,.,25PCH3SL03_15102026,student
25pch830,.,.,25PCH3SL03_15102026,student
25pch831,.,.,25PCH3SL03_15102026,student
25pch832,.,.,25PCH3SL03_15102026,student
25pch833,.,.,25PCH3SL03_15102026,student
25pco101,.,.,25PCO3SL03_15102026,student
07fcm12,Dr V Bastin Jerome,.,25PCO3SL03_15102026,editingteacher
25pco102,.,.,25PCO3SL03_15102026,student
25pco103,.,.,25PCO3SL03_15102026,student
25pco104,.,.,25PCO3SL03_15102026,student
25pco105,.,.,25PCO3SL03_15102026,student
25pco106,.,.,25PCO3SL03_15102026,student
25pco107,.,.,25PCO3SL03_15102026,student
25pco108,.,.,25PCO3SL03_15102026,student
25pco109,.,.,25PCO3SL03_15102026,student
25pco110,.,.,25PCO3SL03_15102026,student
25pco111,.,.,25PCO3SL03_15102026,student
25pco112,.,.,25PCO3SL03_15102026,student
25pco113,.,.,25PCO3SL03_15102026,student
25pco114,.,.,25PCO3SL03_15102026,student
25pco115,.,.,25PCO3SL03_15102026,student
25pco116,.,.,25PCO3SL03_15102026,student
25pco117,.,.,25PCO3SL03_15102026,student
25pco118,.,.,25PCO3SL03_15102026,student
25pco119,.,.,25PCO3SL03_15102026,student
25pco120,.,.,25PCO3SL03_15102026,student
25pco121,.,.,25PCO3SL03_15102026,student
25pco122,.,.,25PCO3SL03_15102026,student
25pco123,.,.,25PCO3SL03_15102026,student
25pco124,.,.,25PCO3SL03_15102026,student
25pco125,.,.,25PCO3SL03_15102026,student
25pco126,.,.,25PCO3SL03_15102026,student
25pco127,.,.,25PCO3SL03_15102026,student
25pco128,.,.,25PCO3SL03_15102026,student
25pco129,.,.,25PCO3SL03_15102026,student
25pco130,.,.,25PCO3SL03_15102026,student
25pco131,.,.,25PCO3SL03_15102026,student
25pco132,.,.,25PCO3SL03_15102026,student
25pco134,.,.,25PCO3SL03_15102026,student
25pco135,.,.,25PCO3SL03_15102026,student
25pco136,.,.,25PCO3SL03_15102026,student
25pco137,.,.,25PCO3SL03_15102026,student
25pco138,.,.,25PCO3SL03_15102026,student
25pco139,.,.,25PCO3SL03_15102026,student
25pco140,.,.,25PCO3SL03_15102026,student
25pco141,.,.,25PCO3SL03_15102026,student
25pco142,.,.,25PCO3SL03_15102026,student
25pcp801,.,.,25PCP3SL03_15102026,student
26scp51,Mr V S Sarabeshwaraa,.,25PCP3SL03_15102026,editingteacher
25pcp802,.,.,25PCP3SL03_15102026,student
25pcp803,.,.,25PCP3SL03_15102026,student
25pcp804,.,.,25PCP3SL03_15102026,student
25pcp805,.,.,25PCP3SL03_15102026,student
25pcp806,.,.,25PCP3SL03_15102026,student
25pcp807,.,.,25PCP3SL03_15102026,student
25pcp808,.,.,25PCP3SL03_15102026,student
25pcp809,.,.,25PCP3SL03_15102026,student
25pcp810,.,.,25PCP3SL03_15102026,student
25pcp811,.,.,25PCP3SL03_15102026,student
25pcp812,.,.,25PCP3SL03_15102026,student
25pcp813,.,.,25PCP3SL03_15102026,student
25pcp814,.,.,25PCP3SL03_15102026,student
25pcp815,.,.,25PCP3SL03_15102026,student
25pcp816,.,.,25PCP3SL03_15102026,student
25pcp817,.,.,25PCP3SL03_15102026,student
25pcp818,.,.,25PCP3SL03_15102026,student
25pcp819,.,.,25PCP3SL03_15102026,student
25pcp820,.,.,25PCP3SL03_15102026,student
25pcp821,.,.,25PCP3SL03_15102026,student
25pcp822,.,.,25PCP3SL03_15102026,student
25pcp823,.,.,25PCP3SL03_15102026,student
25pcp824,.,.,25PCP3SL03_15102026,student
25pcp825,.,.,25PCP3SL03_15102026,student
25pcp826,.,.,25PCP3SL03_15102026,student
25pcp827,.,.,25PCP3SL03_15102026,student
25pcp828,.,.,25PCP3SL03_15102026,student
25pcp829,.,.,25PCP3SL03_15102026,student
25pcp830,.,.,25PCP3SL03_15102026,student
25pcp831,.,.,25PCP3SL03_15102026,student
25pcp832,.,.,25PCP3SL03_15102026,student
25pcp833,.,.,25PCP3SL03_15102026,student
25pcp834,.,.,25PCP3SL03_15102026,student
25pcp835,.,.,25PCP3SL03_15102026,student
25pcp836,.,.,25PCP3SL03_15102026,student
25pcs801,.,.,25PCS3SL03_15102026,student
16tit01,Dr D Richard,.,25PCS3SL03_15102026,editingteacher
25pcs802,.,.,25PCS3SL03_15102026,student
25pcs803,.,.,25PCS3SL03_15102026,student
25pcs804,.,.,25PCS3SL03_15102026,student
25pcs805,.,.,25PCS3SL03_15102026,student
25pcs806,.,.,25PCS3SL03_15102026,student
25pcs807,.,.,25PCS3SL03_15102026,student
25pcs808,.,.,25PCS3SL03_15102026,student
25pcs809,.,.,25PCS3SL03_15102026,student
25pcs810,.,.,25PCS3SL03_15102026,student
25pcs811,.,.,25PCS3SL03_15102026,student
25pcs812,.,.,25PCS3SL03_15102026,student
25pcs813,.,.,25PCS3SL03_15102026,student
25pcs814,.,.,25PCS3SL03_15102026,student
25pcs815,.,.,25PCS3SL03_15102026,student
25pcs816,.,.,25PCS3SL03_15102026,student
25pcs817,.,.,25PCS3SL03_15102026,student
25pcs818,.,.,25PCS3SL03_15102026,student
25pcs819,.,.,25PCS3SL03_15102026,student
25pcs820,.,.,25PCS3SL03_15102026,student
25pcs821,.,.,25PCS3SL03_15102026,student
25pcs822,.,.,25PCS3SL03_15102026,student
25pcs823,.,.,25PCS3SL03_15102026,student
25pcs824,.,.,25PCS3SL03_15102026,student
25pcs825,.,.,25PCS3SL03_15102026,student
25pcs826,.,.,25PCS3SL03_15102026,student
25pcs827,.,.,25PCS3SL03_15102026,student
25pcs828,.,.,25PCS3SL03_15102026,student
25pcs829,.,.,25PCS3SL03_15102026,student
25pcs830,.,.,25PCS3SL03_15102026,student
25pcs831,.,.,25PCS3SL03_15102026,student
25pcs832,.,.,25PCS3SL03_15102026,student
25pcs833,.,.,25PCS3SL03_15102026,student
25pcs834,.,.,25PCS3SL03_15102026,student
25pcs835,.,.,25PCS3SL03_15102026,student
25pcs836,.,.,25PCS3SL03_15102026,student
25pcs837,.,.,25PCS3SL03_15102026,student
25pcs838,.,.,25PCS3SL03_15102026,student
25pcs839,.,.,25PCS3SL03_15102026,student
25pcs840,.,.,25PCS3SL03_15102026,student
25pcs841,.,.,25PCS3SL03_15102026,student
25pcs842,.,.,25PCS3SL03_15102026,student
25pcs843,.,.,25PCS3SL03_15102026,student
25pcs844,.,.,25PCS3SL03_15102026,student
25pcs845,.,.,25PCS3SL03_15102026,student
25pcs846,.,.,25PCS3SL03_15102026,student
25pcs847,.,.,25PCS3SL03_15102026,student
25pcs848,.,.,25PCS3SL03_15102026,student
25pcs901,.,.,25PCS3SL03_15102026,student
12tit02,Dr P Bastin Thiyagaraj,.,25PCS3SL03_15102026,editingteacher
25pcs902,.,.,25PCS3SL03_15102026,student
25pcs903,.,.,25PCS3SL03_15102026,student
25pcs904,.,.,25PCS3SL03_15102026,student
25pcs905,.,.,25PCS3SL03_15102026,student
25pcs906,.,.,25PCS3SL03_15102026,student
25pcs907,.,.,25PCS3SL03_15102026,student
25pcs908,.,.,25PCS3SL03_15102026,student
25pcs909,.,.,25PCS3SL03_15102026,student
25pcs910,.,.,25PCS3SL03_15102026,student
25pcs911,.,.,25PCS3SL03_15102026,student
25pcs912,.,.,25PCS3SL03_15102026,student
25pcs913,.,.,25PCS3SL03_15102026,student
25pcs914,.,.,25PCS3SL03_15102026,student
25pcs915,.,.,25PCS3SL03_15102026,student
25pcs916,.,.,25PCS3SL03_15102026,student
25pcs917,.,.,25PCS3SL03_15102026,student
25pcs918,.,.,25PCS3SL03_15102026,student
25pcs919,.,.,25PCS3SL03_15102026,student
25pcs920,.,.,25PCS3SL03_15102026,student
25pcs921,.,.,25PCS3SL03_15102026,student
25pcs922,.,.,25PCS3SL03_15102026,student
25pcs923,.,.,25PCS3SL03_15102026,student
25pcs924,.,.,25PCS3SL03_15102026,student
25pcs925,.,.,25PCS3SL03_15102026,student
25pcs926,.,.,25PCS3SL03_15102026,student
25pcs927,.,.,25PCS3SL03_15102026,student
25pcs928,.,.,25PCS3SL03_15102026,student
25pcs929,.,.,25PCS3SL03_15102026,student
25pcs930,.,.,25PCS3SL03_15102026,student
25pcs931,.,.,25PCS3SL03_15102026,student
25pcs932,.,.,25PCS3SL03_15102026,student
25pcs933,.,.,25PCS3SL03_15102026,student
25pcs934,.,.,25PCS3SL03_15102026,student
25pcs935,.,.,25PCS3SL03_15102026,student
25pcs936,.,.,25PCS3SL03_15102026,student
25pcs937,.,.,25PCS3SL03_15102026,student
25pcs938,.,.,25PCS3SL03_15102026,student
25pcs939,.,.,25PCS3SL03_15102026,student
25pcs940,.,.,25PCS3SL03_15102026,student
25pcs941,.,.,25PCS3SL03_15102026,student
25pcs942,.,.,25PCS3SL03_15102026,student
25pcs943,.,.,25PCS3SL03_15102026,student
25pcs944,.,.,25PCS3SL03_15102026,student
25pcs945,.,.,25PCS3SL03_15102026,student
25pcs946,.,.,25PCS3SL03_15102026,student
25pcs947,.,.,25PCS3SL03_15102026,student
25pds801,.,.,25PDS3SL03_15102026,student
21cds51,Dr M Kriushanth,.,25PDS3SL03_15102026,editingteacher
25pds802,.,.,25PDS3SL03_15102026,student
25pds803,.,.,25PDS3SL03_15102026,student
25pds804,.,.,25PDS3SL03_15102026,student
25pds805,.,.,25PDS3SL03_15102026,student
25pds806,.,.,25PDS3SL03_15102026,student
25pds807,.,.,25PDS3SL03_15102026,student
25pds808,.,.,25PDS3SL03_15102026,student
25pds809,.,.,25PDS3SL03_15102026,student
25pds810,.,.,25PDS3SL03_15102026,student
25pds811,.,.,25PDS3SL03_15102026,student
25pds812,.,.,25PDS3SL03_15102026,student
25pds813,.,.,25PDS3SL03_15102026,student
25pds814,.,.,25PDS3SL03_15102026,student
25pds815,.,.,25PDS3SL03_15102026,student
25pds816,.,.,25PDS3SL03_15102026,student
25pds817,.,.,25PDS3SL03_15102026,student
25pds818,.,.,25PDS3SL03_15102026,student
25pds819,.,.,25PDS3SL03_15102026,student
25pds820,.,.,25PDS3SL03_15102026,student
25pds821,.,.,25PDS3SL03_15102026,student
25pds822,.,.,25PDS3SL03_15102026,student
25pds823,.,.,25PDS3SL03_15102026,student
25pds824,.,.,25PDS3SL03_15102026,student
25pds825,.,.,25PDS3SL03_15102026,student
25pds826,.,.,25PDS3SL03_15102026,student
25pds827,.,.,25PDS3SL03_15102026,student
25pds828,.,.,25PDS3SL03_15102026,student
25pds829,.,.,25PDS3SL03_15102026,student
25pds830,.,.,25PDS3SL03_15102026,student
25pds831,.,.,25PDS3SL03_15102026,student
25pds832,.,.,25PDS3SL03_15102026,student
25pds833,.,.,25PDS3SL03_15102026,student
25pds834,.,.,25PDS3SL03_15102026,student
25pds835,.,.,25PDS3SL03_15102026,student
25pds836,.,.,25PDS3SL03_15102026,student
25pds837,.,.,25PDS3SL03_15102026,student
25pds838,.,.,25PDS3SL03_15102026,student
25pds839,.,.,25PDS3SL03_15102026,student
25pds840,.,.,25PDS3SL03_15102026,student
25pds841,.,.,25PDS3SL03_15102026,student
25pds842,.,.,25PDS3SL03_15102026,student
25pds843,.,.,25PDS3SL03_15102026,student
25pds844,.,.,25PDS3SL03_15102026,student
25pds845,.,.,25PDS3SL03_15102026,student
25pds846,.,.,25PDS3SL03_15102026,student
25pds847,.,.,25PDS3SL03_15102026,student
25pds848,.,.,25PDS3SL03_15102026,student
25pds849,.,.,25PDS3SL03_15102026,student
25pds850,.,.,25PDS3SL03_15102026,student
25pds851,.,.,25PDS3SL03_15102026,student
25pds852,.,.,25PDS3SL03_15102026,student
25pds853,.,.,25PDS3SL03_15102026,student
25pec101,.,.,25PEC3SL03_15102026,student
14fec01,Dr J Vasantha Arockia Selvi,.,25PEC3SL03_15102026,editingteacher
25pec102,.,.,25PEC3SL03_15102026,student
25pec103,.,.,25PEC3SL03_15102026,student
25pec104,.,.,25PEC3SL03_15102026,student
25pec105,.,.,25PEC3SL03_15102026,student
25pec106,.,.,25PEC3SL03_15102026,student
25pec107,.,.,25PEC3SL03_15102026,student
25pec108,.,.,25PEC3SL03_15102026,student
25pec109,.,.,25PEC3SL03_15102026,student
25pec110,.,.,25PEC3SL03_15102026,student
25pec111,.,.,25PEC3SL03_15102026,student
25pel801,.,.,25PEL3SL03A_15102026,student
20cel51,Dr P Subbuthai,.,25PEL3SL03A_15102026,editingteacher
25pel802,.,.,25PEL3SL03A_15102026,student
25pel803,.,.,25PEL3SL03A_15102026,student
25pel804,.,.,25PEL3SL03A_15102026,student
25pel805,.,.,25PEL3SL03A_15102026,student
25pel806,.,.,25PEL3SL03A_15102026,student
25pel807,.,.,25PEL3SL03A_15102026,student
25pel808,.,.,25PEL3SL03A_15102026,student
25pel809,.,.,25PEL3SL03A_15102026,student
25pel810,.,.,25PEL3SL03A_15102026,student
25pel811,.,.,25PEL3SL03A_15102026,student
25pel812,.,.,25PEL3SL03A_15102026,student
25pel813,.,.,25PEL3SL03A_15102026,student
25pel814,.,.,25PEL3SL03A_15102026,student
25pel815,.,.,25PEL3SL03A_15102026,student
25pel816,.,.,25PEL3SL03A_15102026,student
25pel817,.,.,25PEL3SL03A_15102026,student
25pel818,.,.,25PEL3SL03A_15102026,student
25pel819,.,.,25PEL3SL03A_15102026,student
25pel820,.,.,25PEL3SL03A_15102026,student
25pel821,.,.,25PEL3SL03A_15102026,student
25pen101,.,.,25PEN3SL03_15102026,student
21fen01,Ms G Annie Rose,.,25PEN3SL03_15102026,editingteacher
25pen102,.,.,25PEN3SL03_15102026,student
25pen103,.,.,25PEN3SL03_15102026,student
25pen104,.,.,25PEN3SL03_15102026,student
25pen105,.,.,25PEN3SL03_15102026,student
25pen106,.,.,25PEN3SL03_15102026,student
25pen107,.,.,25PEN3SL03_15102026,student
25pen108,.,.,25PEN3SL03_15102026,student
25pen109,.,.,25PEN3SL03_15102026,student
25pen110,.,.,25PEN3SL03_15102026,student
25pen111,.,.,25PEN3SL03_15102026,student
25pen112,.,.,25PEN3SL03_15102026,student
25pen113,.,.,25PEN3SL03_15102026,student
25pen114,.,.,25PEN3SL03_15102026,student
25pen115,.,.,25PEN3SL03_15102026,student
25pen116,.,.,25PEN3SL03_15102026,student
25pen117,.,.,25PEN3SL03_15102026,student
25pen118,.,.,25PEN3SL03_15102026,student
25pen119,.,.,25PEN3SL03_15102026,student
25pen120,.,.,25PEN3SL03_15102026,student
25pen121,.,.,25PEN3SL03_15102026,student
25pen122,.,.,25PEN3SL03_15102026,student
25pen123,.,.,25PEN3SL03_15102026,student
25pen124,.,.,25PEN3SL03_15102026,student
25pen125,.,.,25PEN3SL03_15102026,student
25pen126,.,.,25PEN3SL03_15102026,student
25pen127,.,.,25PEN3SL03_15102026,student
25pen128,.,.,25PEN3SL03_15102026,student
25pen129,.,.,25PEN3SL03_15102026,student
25pen130,.,.,25PEN3SL03_15102026,student
25pen131,.,.,25PEN3SL03_15102026,student
25pen132,.,.,25PEN3SL03_15102026,student
25pen133,.,.,25PEN3SL03_15102026,student
25pen134,.,.,25PEN3SL03_15102026,student
25pen135,.,.,25PEN3SL03_15102026,student
25pen136,.,.,25PEN3SL03_15102026,student
25pen137,.,.,25PEN3SL03_15102026,student
25pen138,.,.,25PEN3SL03_15102026,student
25pen139,.,.,25PEN3SL03_15102026,student
25pen140,.,.,25PEN3SL03_15102026,student
25pen801,.,.,25PEN3SL03_15102026,student
26sen52,Ms J Aldris Angelin,.,25PEN3SL03_15102026,editingteacher
25pen802,.,.,25PEN3SL03_15102026,student
25pen803,.,.,25PEN3SL03_15102026,student
25pen804,.,.,25PEN3SL03_15102026,student
25pen805,.,.,25PEN3SL03_15102026,student
25pen806,.,.,25PEN3SL03_15102026,student
25pen807,.,.,25PEN3SL03_15102026,student
25pen808,.,.,25PEN3SL03_15102026,student
25pen809,.,.,25PEN3SL03_15102026,student
25pen810,.,.,25PEN3SL03_15102026,student
25pen812,.,.,25PEN3SL03_15102026,student
25pen813,.,.,25PEN3SL03_15102026,student
25pen814,.,.,25PEN3SL03_15102026,student
25pen816,.,.,25PEN3SL03_15102026,student
25pen817,.,.,25PEN3SL03_15102026,student
25pen818,.,.,25PEN3SL03_15102026,student
25pen819,.,.,25PEN3SL03_15102026,student
25pen821,.,.,25PEN3SL03_15102026,student
25pen822,.,.,25PEN3SL03_15102026,student
25pen823,.,.,25PEN3SL03_15102026,student
25pen824,.,.,25PEN3SL03_15102026,student
25pen825,.,.,25PEN3SL03_15102026,student
25pen826,.,.,25PEN3SL03_15102026,student
25pen827,.,.,25PEN3SL03_15102026,student
25pen828,.,.,25PEN3SL03_15102026,student
25phr101,.,.,25PHR3SL03_15102026,student
13fhr02,Mr G Louis Victor,.,25PHR3SL03_15102026,editingteacher
25phr102,.,.,25PHR3SL03_15102026,student
25phr103,.,.,25PHR3SL03_15102026,student
25phr104,.,.,25PHR3SL03_15102026,student
25phr105,.,.,25PHR3SL03_15102026,student
25phr106,.,.,25PHR3SL03_15102026,student
25phr107,.,.,25PHR3SL03_15102026,student
25phr108,.,.,25PHR3SL03_15102026,student
25phr109,.,.,25PHR3SL03_15102026,student
25phr110,.,.,25PHR3SL03_15102026,student
25phr111,.,.,25PHR3SL03_15102026,student
25phr112,.,.,25PHR3SL03_15102026,student
25phr113,.,.,25PHR3SL03_15102026,student
25phr114,.,.,25PHR3SL03_15102026,student
25phr115,.,.,25PHR3SL03_15102026,student
25phr116,.,.,25PHR3SL03_15102026,student
25phr117,.,.,25PHR3SL03_15102026,student
25phr118,.,.,25PHR3SL03_15102026,student
25phr119,.,.,25PHR3SL03_15102026,student
25phr120,.,.,25PHR3SL03_15102026,student
25phr121,.,.,25PHR3SL03_15102026,student
25phr122,.,.,25PHR3SL03_15102026,student
25phr123,.,.,25PHR3SL03_15102026,student
25phr124,.,.,25PHR3SL03_15102026,student
25phr125,.,.,25PHR3SL03_15102026,student
25phr126,.,.,25PHR3SL03_15102026,student
25phr127,.,.,25PHR3SL03_15102026,student
25phr128,.,.,25PHR3SL03_15102026,student
25phr130,.,.,25PHR3SL03_15102026,student
25phr131,.,.,25PHR3SL03_15102026,student
25phr132,.,.,25PHR3SL03_15102026,student
25phr133,.,.,25PHR3SL03_15102026,student
25phr134,.,.,25PHR3SL03_15102026,student
25phr135,.,.,25PHR3SL03_15102026,student
25phr136,.,.,25PHR3SL03_15102026,student
25phr137,.,.,25PHR3SL03_15102026,student
25phr138,.,.,25PHR3SL03_15102026,student
25phr139,.,.,25PHR3SL03_15102026,student
25phr801,.,.,25PHR3SL03_15102026,student
25phr802,.,.,25PHR3SL03_15102026,student
25phr803,.,.,25PHR3SL03_15102026,student
25phr804,.,.,25PHR3SL03_15102026,student
25phr805,.,.,25PHR3SL03_15102026,student
25phr806,.,.,25PHR3SL03_15102026,student
25phr807,.,.,25PHR3SL03_15102026,student
25phr808,.,.,25PHR3SL03_15102026,student
25phr809,.,.,25PHR3SL03_15102026,student
25phr810,.,.,25PHR3SL03_15102026,student
25phr811,.,.,25PHR3SL03_15102026,student
25phr812,.,.,25PHR3SL03_15102026,student
25phr813,.,.,25PHR3SL03_15102026,student
25phr814,.,.,25PHR3SL03_15102026,student
25phr815,.,.,25PHR3SL03_15102026,student
25phr816,.,.,25PHR3SL03_15102026,student
25phr818,.,.,25PHR3SL03_15102026,student
25phr819,.,.,25PHR3SL03_15102026,student
25phr820,.,.,25PHR3SL03_15102026,student
25phr821,.,.,25PHR3SL03_15102026,student
25phr822,.,.,25PHR3SL03_15102026,student
25phr823,.,.,25PHR3SL03_15102026,student
25phr824,.,.,25PHR3SL03_15102026,student
25phr825,.,.,25PHR3SL03_15102026,student
25phr826,.,.,25PHR3SL03_15102026,student
25phr827,.,.,25PHR3SL03_15102026,student
25phr828,.,.,25PHR3SL03_15102026,student
25phr829,.,.,25PHR3SL03_15102026,student
25phr830,.,.,25PHR3SL03_15102026,student
25phr831,.,.,25PHR3SL03_15102026,student
25phr832,.,.,25PHR3SL03_15102026,student
25phr833,.,.,25PHR3SL03_15102026,student
25phs801,.,.,25PHS3SL03_15102026,student
26chs52,Mr M R Gowtham Rajan,.,25PHS3SL03_15102026,editingteacher
25phs802,.,.,25PHS3SL03_15102026,student
25phs803,.,.,25PHS3SL03_15102026,student
25phs804,.,.,25PHS3SL03_15102026,student
25phs805,.,.,25PHS3SL03_15102026,student
25phs806,.,.,25PHS3SL03_15102026,student
25phs807,.,.,25PHS3SL03_15102026,student
25phs808,.,.,25PHS3SL03_15102026,student
25phs809,.,.,25PHS3SL03_15102026,student
25phs810,.,.,25PHS3SL03_15102026,student
25phs811,.,.,25PHS3SL03_15102026,student
25phs812,.,.,25PHS3SL03_15102026,student
25phs813,.,.,25PHS3SL03_15102026,student
25phs814,.,.,25PHS3SL03_15102026,student
25phs815,.,.,25PHS3SL03_15102026,student
25pma101,.,.,25PMA3SL03_15102026,student
18fma01,Dr J Amalorpava Jerline,.,25PMA3SL03_15102026,editingteacher
25pma102,.,.,25PMA3SL03_15102026,student
25pma103,.,.,25PMA3SL03_15102026,student
25pma104,.,.,25PMA3SL03_15102026,student
25pma105,.,.,25PMA3SL03_15102026,student
25pma106,.,.,25PMA3SL03_15102026,student
25pma107,.,.,25PMA3SL03_15102026,student
25pma108,.,.,25PMA3SL03_15102026,student
25pma109,.,.,25PMA3SL03_15102026,student
25pma110,.,.,25PMA3SL03_15102026,student
25pma111,.,.,25PMA3SL03_15102026,student
25pma112,.,.,25PMA3SL03_15102026,student
25pma113,.,.,25PMA3SL03_15102026,student
25pma114,.,.,25PMA3SL03_15102026,student
25pma115,.,.,25PMA3SL03_15102026,student
25pma116,.,.,25PMA3SL03_15102026,student
25pma117,.,.,25PMA3SL03_15102026,student
25pma118,.,.,25PMA3SL03_15102026,student
25pma119,.,.,25PMA3SL03_15102026,student
25pma120,.,.,25PMA3SL03_15102026,student
25pma121,.,.,25PMA3SL03_15102026,student
25pma122,.,.,25PMA3SL03_15102026,student
25pma123,.,.,25PMA3SL03_15102026,student
25pma124,.,.,25PMA3SL03_15102026,student
25pma125,.,.,25PMA3SL03_15102026,student
25pma126,.,.,25PMA3SL03_15102026,student
25pma127,.,.,25PMA3SL03_15102026,student
25pma128,.,.,25PMA3SL03_15102026,student
25pma129,.,.,25PMA3SL03_15102026,student
25pma130,.,.,25PMA3SL03_15102026,student
25pma131,.,.,25PMA3SL03_15102026,student
25pma132,.,.,25PMA3SL03_15102026,student
25pma133,.,.,25PMA3SL03_15102026,student
25pma134,.,.,25PMA3SL03_15102026,student
25pma135,.,.,25PMA3SL03_15102026,student
25pma136,.,.,25PMA3SL03_15102026,student
25pma137,.,.,25PMA3SL03_15102026,student
25pma801,.,.,25PMA3SL03_15102026,student
22cma54,Dr S Sahaya Jernith,.,25PMA3SL03_15102026,editingteacher
25pma802,.,.,25PMA3SL03_15102026,student
25pma803,.,.,25PMA3SL03_15102026,student
25pma804,.,.,25PMA3SL03_15102026,student
25pma805,.,.,25PMA3SL03_15102026,student
25pma806,.,.,25PMA3SL03_15102026,student
25pma807,.,.,25PMA3SL03_15102026,student
25pma808,.,.,25PMA3SL03_15102026,student
25pma809,.,.,25PMA3SL03_15102026,student
25pph101,.,.,25PPH3SL03A_15102026,student
07fph01,Dr A Maggie Dayana,.,25PPH3SL03A_15102026,editingteacher
25pph102,.,.,25PPH3SL03A_15102026,student
25pph103,.,.,25PPH3SL03A_15102026,student
25pph104,.,.,25PPH3SL03A_15102026,student
25pph105,.,.,25PPH3SL03A_15102026,student
25pph106,.,.,25PPH3SL03A_15102026,student
25pph107,.,.,25PPH3SL03A_15102026,student
25pph108,.,.,25PPH3SL03A_15102026,student
25pph109,.,.,25PPH3SL03A_15102026,student
25pph110,.,.,25PPH3SL03A_15102026,student
25pph111,.,.,25PPH3SL03A_15102026,student
25pph112,.,.,25PPH3SL03A_15102026,student
25pph113,.,.,25PPH3SL03A_15102026,student
25pph114,.,.,25PPH3SL03A_15102026,student
25pph115,.,.,25PPH3SL03A_15102026,student
25pph116,.,.,25PPH3SL03A_15102026,student
25pph117,.,.,25PPH3SL03A_15102026,student
25pph118,.,.,25PPH3SL03A_15102026,student
25pph119,.,.,25PPH3SL03A_15102026,student
25pph120,.,.,25PPH3SL03A_15102026,student
25pph121,.,.,25PPH3SL03A_15102026,student
25pph122,.,.,25PPH3SL03A_15102026,student
25pph123,.,.,25PPH3SL03A_15102026,student
25pph124,.,.,25PPH3SL03A_15102026,student
25pph125,.,.,25PPH3SL03A_15102026,student
25pph126,.,.,25PPH3SL03A_15102026,student
25pph127,.,.,25PPH3SL03A_15102026,student
25pph128,.,.,25PPH3SL03A_15102026,student
25pph129,.,.,25PPH3SL03A_15102026,student
25pph801,.,.,25PPH3SL03A_15102026,student
19cph51,Dr A Sinthiya,.,25PPH3SL03A_15102026,editingteacher
25pph802,.,.,25PPH3SL03A_15102026,student
25pph803,.,.,25PPH3SL03A_15102026,student
25pph804,.,.,25PPH3SL03A_15102026,student
25pph805,.,.,25PPH3SL03A_15102026,student
25pph806,.,.,25PPH3SL03A_15102026,student
25pph807,.,.,25PPH3SL03A_15102026,student
25pph808,.,.,25PPH3SL03A_15102026,student
25pph810,.,.,25PPH3SL03A_15102026,student
25pph811,.,.,25PPH3SL03A_15102026,student
25pph812,.,.,25PPH3SL03A_15102026,student
25pph814,.,.,25PPH3SL03A_15102026,student
25pph815,.,.,25PPH3SL03A_15102026,student
25pph816,.,.,25PPH3SL03A_15102026,student
25pph817,.,.,25PPH3SL03A_15102026,student
25pta801,.,.,25PTA3SL03_15102026,student
16tta05,Dr R Murali Krishnan,.,25PTA3SL03_15102026,editingteacher
25pta801,.,.,25PTA3SL03_15102026,student
16cta01,Dr S Srinivasan,.,25PTA3SL03_15102026,editingteacher
25pta802,.,.,25PTA3SL03_15102026,student
25pta802,.,.,25PTA3SL03_15102026,student
25pta803,.,.,25PTA3SL03_15102026,student
25pta803,.,.,25PTA3SL03_15102026,student
25pta804,.,.,25PTA3SL03_15102026,student
25pta804,.,.,25PTA3SL03_15102026,student
25pta805,.,.,25PTA3SL03_15102026,student
25pta805,.,.,25PTA3SL03_15102026,student
25pta806,.,.,25PTA3SL03_15102026,student
25pta806,.,.,25PTA3SL03_15102026,student
25pta807,.,.,25PTA3SL03_15102026,student
25pta807,.,.,25PTA3SL03_15102026,student
25pta808,.,.,25PTA3SL03_15102026,student
25pta808,.,.,25PTA3SL03_15102026,student
25pta809,.,.,25PTA3SL03_15102026,student
25pta809,.,.,25PTA3SL03_15102026,student
25pta810,.,.,25PTA3SL03_15102026,student
25pta810,.,.,25PTA3SL03_15102026,student
25pta811,.,.,25PTA3SL03_15102026,student
25pta811,.,.,25PTA3SL03_15102026,student
25pta812,.,.,25PTA3SL03_15102026,student
25pta812,.,.,25PTA3SL03_15102026,student
25pta813,.,.,25PTA3SL03_15102026,student
25pta813,.,.,25PTA3SL03_15102026,student
25pta814,.,.,25PTA3SL03_15102026,student
25pta814,.,.,25PTA3SL03_15102026,student
25pta815,.,.,25PTA3SL03_15102026,student
25pta815,.,.,25PTA3SL03_15102026,student
25pta816,.,.,25PTA3SL03_15102026,student
25pta816,.,.,25PTA3SL03_15102026,student
25pta817,.,.,25PTA3SL03_15102026,student
25pta817,.,.,25PTA3SL03_15102026,student
25pta818,.,.,25PTA3SL03_15102026,student
25pta818,.,.,25PTA3SL03_15102026,student
25pta819,.,.,25PTA3SL03_15102026,student
25pta819,.,.,25PTA3SL03_15102026,student
25pta820,.,.,25PTA3SL03_15102026,student
25pta820,.,.,25PTA3SL03_15102026,student
25pta821,.,.,25PTA3SL03_15102026,student
25pta821,.,.,25PTA3SL03_15102026,student
25pvc801,.,.,25PVC3SL03_15102026,student
14tbv01,Dr S Tamilarasi,.,25PVC3SL03_15102026,editingteacher
25pvc802,.,.,25PVC3SL03_15102026,student
25pvc803,.,.,25PVC3SL03_15102026,student
25pvc804,.,.,25PVC3SL03_15102026,student
25pvc805,.,.,25PVC3SL03_15102026,student
25pvc806,.,.,25PVC3SL03_15102026,student
25pvc807,.,.,25PVC3SL03_15102026,student
25pvc808,.,.,25PVC3SL03_15102026,student
25pvc809,.,.,25PVC3SL03_15102026,student
25pvc810,.,.,25PVC3SL03_15102026,student
25pvc811,.,.,25PVC3SL03_15102026,student
25pvc812,.,.,25PVC3SL03_15102026,student
25pvc813,.,.,25PVC3SL03_15102026,student
25pvc814,.,.,25PVC3SL03_15102026,student
25pvc815,.,.,25PVC3SL03_15102026,student
25pvc816,.,.,25PVC3SL03_15102026,student
25pvc817,.,.,25PVC3SL03_15102026,student
25pvc818,.,.,25PVC3SL03_15102026,student
25pvc819,.,.,25PVC3SL03_15102026,student
25pvc820,.,.,25PVC3SL03_15102026,student
26pai801,.,.,25PGC1SL01_15102026,student
26cai52,Mr M Jesudoss,.,25PGC1SL01_15102026,editingteacher
26pai802,.,.,25PGC1SL01_15102026,student
26pai803,.,.,25PGC1SL01_15102026,student
26pai804,.,.,25PGC1SL01_15102026,student
26pai805,.,.,25PGC1SL01_15102026,student
26pai806,.,.,25PGC1SL01_15102026,student
26pai807,.,.,25PGC1SL01_15102026,student
26pai808,.,.,25PGC1SL01_15102026,student
26pai809,.,.,25PGC1SL01_15102026,student
26pai810,.,.,25PGC1SL01_15102026,student
26pai811,.,.,25PGC1SL01_15102026,student
26pai812,.,.,25PGC1SL01_15102026,student
26pai813,.,.,25PGC1SL01_15102026,student
26pai814,.,.,25PGC1SL01_15102026,student
26pai815,.,.,25PGC1SL01_15102026,student
26pai816,.,.,25PGC1SL01_15102026,student
26pai817,.,.,25PGC1SL01_15102026,student
26pai818,.,.,25PGC1SL01_15102026,student
26pai819,.,.,25PGC1SL01_15102026,student
26pai820,.,.,25PGC1SL01_15102026,student
26pai821,.,.,25PGC1SL01_15102026,student
26pai822,.,.,25PGC1SL01_15102026,student
26pai823,.,.,25PGC1SL01_15102026,student
26pai824,.,.,25PGC1SL01_15102026,student
26pbi801,.,.,25PGC1SL01_15102026,student
10tbi01,Mr P G Geegi,.,25PGC1SL01_15102026,editingteacher
26pbi802,.,.,25PGC1SL01_15102026,student
26pbi803,.,.,25PGC1SL01_15102026,student
26pbi804,.,.,25PGC1SL01_15102026,student
26pbi805,.,.,25PGC1SL01_15102026,student
26pbi806,.,.,25PGC1SL01_15102026,student
26pbi807,.,.,25PGC1SL01_15102026,student
26pbi808,.,.,25PGC1SL01_15102026,student
26pbi809,.,.,25PGC1SL01_15102026,student
26pbo101,.,.,25PGC1SL01_15102026,student
01fpb09,Dr S R Senthilkumar,.,25PGC1SL01_15102026,editingteacher
26pbo102,.,.,25PGC1SL01_15102026,student
26pbo103,.,.,25PGC1SL01_15102026,student
26pbo104,.,.,25PGC1SL01_15102026,student
26pbo105,.,.,25PGC1SL01_15102026,student
26pbo106,.,.,25PGC1SL01_15102026,student
26pbo107,.,.,25PGC1SL01_15102026,student
26pbo108,.,.,25PGC1SL01_15102026,student
26pbo109,.,.,25PGC1SL01_15102026,student
26pbo110,.,.,25PGC1SL01_15102026,student
26pbo111,.,.,25PGC1SL01_15102026,student
26pbo112,.,.,25PGC1SL01_15102026,student
26pbo113,.,.,25PGC1SL01_15102026,student
26pbo114,.,.,25PGC1SL01_15102026,student
26pbo115,.,.,25PGC1SL01_15102026,student
26pbt801,.,.,25PGC1SL01_15102026,student
25cbt51,Dr C Muthusamy,.,25PGC1SL01_15102026,editingteacher
26pbt802,.,.,25PGC1SL01_15102026,student
26pbt803,.,.,25PGC1SL01_15102026,student
26pbt804,.,.,25PGC1SL01_15102026,student
26pbt805,.,.,25PGC1SL01_15102026,student
26pbt806,.,.,25PGC1SL01_15102026,student
26pbt807,.,.,25PGC1SL01_15102026,student
26pbt808,.,.,25PGC1SL01_15102026,student
26pbt809,.,.,25PGC1SL01_15102026,student
26pbt810,.,.,25PGC1SL01_15102026,student
26pbt811,.,.,25PGC1SL01_15102026,student
26pbt812,.,.,25PGC1SL01_15102026,student
26pbt813,.,.,25PGC1SL01_15102026,student
26pbt814,.,.,25PGC1SL01_15102026,student
26pbt816,.,.,25PGC1SL01_15102026,student
26pbt817,.,.,25PGC1SL01_15102026,student
26pbt818,.,.,25PGC1SL01_15102026,student
26pbt820,.,.,25PGC1SL01_15102026,student
26pbt821,.,.,25PGC1SL01_15102026,student
26pbt822,.,.,25PGC1SL01_15102026,student
26pbt823,.,.,25PGC1SL01_15102026,student
26pbt824,.,.,25PGC1SL01_15102026,student
26pbt825,.,.,25PGC1SL01_15102026,student
26pbt826,.,.,25PGC1SL01_15102026,student
26pbt827,.,.,25PGC1SL01_15102026,student
26pbt828,.,.,25PGC1SL01_15102026,student
26pbt829,.,.,25PGC1SL01_15102026,student
26pbt830,.,.,25PGC1SL01_15102026,student
26pbt831,.,.,25PGC1SL01_15102026,student
26pbt832,.,.,25PGC1SL01_15102026,student
26pbt833,.,.,25PGC1SL01_15102026,student
26pca101,.,.,25PGC1SL01_15102026,student
23fcs02,Dr George Gabriel Richard Roy,.,25PGC1SL01_15102026,editingteacher
26pca102,.,.,25PGC1SL01_15102026,student
26pca103,.,.,25PGC1SL01_15102026,student
26pca104,.,.,25PGC1SL01_15102026,student
26pca105,.,.,25PGC1SL01_15102026,student
26pca106,.,.,25PGC1SL01_15102026,student
26pca107,.,.,25PGC1SL01_15102026,student
26pca108,.,.,25PGC1SL01_15102026,student
26pca109,.,.,25PGC1SL01_15102026,student
26pca110,.,.,25PGC1SL01_15102026,student
26pca111,.,.,25PGC1SL01_15102026,student
26pca112,.,.,25PGC1SL01_15102026,student
26pca113,.,.,25PGC1SL01_15102026,student
26pca114,.,.,25PGC1SL01_15102026,student
26pca115,.,.,25PGC1SL01_15102026,student
26pca116,.,.,25PGC1SL01_15102026,student
26pca117,.,.,25PGC1SL01_15102026,student
26pca118,.,.,25PGC1SL01_15102026,student
26pca119,.,.,25PGC1SL01_15102026,student
26pca120,.,.,25PGC1SL01_15102026,student
26pca121,.,.,25PGC1SL01_15102026,student
26pca122,.,.,25PGC1SL01_15102026,student
26pca123,.,.,25PGC1SL01_15102026,student
26pca124,.,.,25PGC1SL01_15102026,student
26pca125,.,.,25PGC1SL01_15102026,student
26pca126,.,.,25PGC1SL01_15102026,student
26pca127,.,.,25PGC1SL01_15102026,student
26pca128,.,.,25PGC1SL01_15102026,student
26pca129,.,.,25PGC1SL01_15102026,student
26pca130,.,.,25PGC1SL01_15102026,student
26pca131,.,.,25PGC1SL01_15102026,student
26pca132,.,.,25PGC1SL01_15102026,student
26pca133,.,.,25PGC1SL01_15102026,student
26pca134,.,.,25PGC1SL01_15102026,student
26pca135,.,.,25PGC1SL01_15102026,student
26pca136,.,.,25PGC1SL01_15102026,student
26pca137,.,.,25PGC1SL01_15102026,student
26pca138,.,.,25PGC1SL01_15102026,student
26pca139,.,.,25PGC1SL01_15102026,student
26pca140,.,.,25PGC1SL01_15102026,student
26pca141,.,.,25PGC1SL01_15102026,student
26pca142,.,.,25PGC1SL01_15102026,student
26pca143,.,.,25PGC1SL01_15102026,student
26pca144,.,.,25PGC1SL01_15102026,student
26pca145,.,.,25PGC1SL01_15102026,student
26pca146,.,.,25PGC1SL01_15102026,student
26pca147,.,.,25PGC1SL01_15102026,student
26pca148,.,.,25PGC1SL01_15102026,student
26pca149,.,.,25PGC1SL01_15102026,student
26pca150,.,.,25PGC1SL01_15102026,student
26pca151,.,.,25PGC1SL01_15102026,student
26pca152,.,.,25PGC1SL01_15102026,student
26pca153,.,.,25PGC1SL01_15102026,student
26pca154,.,.,25PGC1SL01_15102026,student
26pca155,.,.,25PGC1SL01_15102026,student
26pca156,.,.,25PGC1SL01_15102026,student
26pca157,.,.,25PGC1SL01_15102026,student
26pca158,.,.,25PGC1SL01_15102026,student
26pca159,.,.,25PGC1SL01_15102026,student
26pca160,.,.,25PGC1SL01_15102026,student
26pca161,.,.,25PGC1SL01_15102026,student
26pca162,.,.,25PGC1SL01_15102026,student
26pcc801,.,.,25PGC1SL01_15102026,student
14tcc01,Dr B Fathima Mary,.,25PGC1SL01_15102026,editingteacher
26pcc802,.,.,25PGC1SL01_15102026,student
26pcc804,.,.,25PGC1SL01_15102026,student
26pcc805,.,.,25PGC1SL01_15102026,student
26pcc806,.,.,25PGC1SL01_15102026,student
26pcc807,.,.,25PGC1SL01_15102026,student
26pcc808,.,.,25PGC1SL01_15102026,student
26pcc809,.,.,25PGC1SL01_15102026,student
26pcc810,.,.,25PGC1SL01_15102026,student
26pcc811,.,.,25PGC1SL01_15102026,student
26pcc812,.,.,25PGC1SL01_15102026,student
26pcc813,.,.,25PGC1SL01_15102026,student
26pcc814,.,.,25PGC1SL01_15102026,student
26pcc815,.,.,25PGC1SL01_15102026,student
26pcc816,.,.,25PGC1SL01_15102026,student
26pcc817,.,.,25PGC1SL01_15102026,student
26pcc818,.,.,25PGC1SL01_15102026,student
26pcc819,.,.,25PGC1SL01_15102026,student
26pcc821,.,.,25PGC1SL01_15102026,student
26pcc822,.,.,25PGC1SL01_15102026,student
26pcc823,.,.,25PGC1SL01_15102026,student
26pcc824,.,.,25PGC1SL01_15102026,student
26pcc825,.,.,25PGC1SL01_15102026,student
26pcc826,.,.,25PGC1SL01_15102026,student
26pcc827,.,.,25PGC1SL01_15102026,student
26pcc828,.,.,25PGC1SL01_15102026,student
26pcc829,.,.,25PGC1SL01_15102026,student
26pcc830,.,.,25PGC1SL01_15102026,student
26pcc831,.,.,25PGC1SL01_15102026,student
26pcc832,.,.,25PGC1SL01_15102026,student
26pcc833,.,.,25PGC1SL01_15102026,student
26pcc834,.,.,25PGC1SL01_15102026,student
26pcc835,.,.,25PGC1SL01_15102026,student
26pcc836,.,.,25PGC1SL01_15102026,student
26pcc837,.,.,25PGC1SL01_15102026,student
26pcc838,.,.,25PGC1SL01_15102026,student
26pcc839,.,.,25PGC1SL01_15102026,student
26pcc840,.,.,25PGC1SL01_15102026,student
26pch101,.,.,25PGC1SL01_15102026,student
06fch19,Dr A Irudaya Jothi,.,25PGC1SL01_15102026,editingteacher
26pch102,.,.,25PGC1SL01_15102026,student
26pch103,.,.,25PGC1SL01_15102026,student
26pch104,.,.,25PGC1SL01_15102026,student
26pch105,.,.,25PGC1SL01_15102026,student
26pch106,.,.,25PGC1SL01_15102026,student
26pch107,.,.,25PGC1SL01_15102026,student
26pch110,.,.,25PGC1SL01_15102026,student
26pch111,.,.,25PGC1SL01_15102026,student
26pch112,.,.,25PGC1SL01_15102026,student
26pch113,.,.,25PGC1SL01_15102026,student
26pch114,.,.,25PGC1SL01_15102026,student
26pch115,.,.,25PGC1SL01_15102026,student
26pch116,.,.,25PGC1SL01_15102026,student
26pch117,.,.,25PGC1SL01_15102026,student
26pch118,.,.,25PGC1SL01_15102026,student
26pch119,.,.,25PGC1SL01_15102026,student
26pch120,.,.,25PGC1SL01_15102026,student
26pch121,.,.,25PGC1SL01_15102026,student
26pch122,.,.,25PGC1SL01_15102026,student
26pch123,.,.,25PGC1SL01_15102026,student
26pch124,.,.,25PGC1SL01_15102026,student
26pch125,.,.,25PGC1SL01_15102026,student
26pch126,.,.,25PGC1SL01_15102026,student
26pch127,.,.,25PGC1SL01_15102026,student
26pch128,.,.,25PGC1SL01_15102026,student
26pch129,.,.,25PGC1SL01_15102026,student
26pch130,.,.,25PGC1SL01_15102026,student
26pch131,.,.,25PGC1SL01_15102026,student
26pch132,.,.,25PGC1SL01_15102026,student
26pch133,.,.,25PGC1SL01_15102026,student
26pch134,.,.,25PGC1SL01_15102026,student
26pch801,.,.,25PGC1SL01_15102026,student
26sch51,Dr S Celestina,.,25PGC1SL01_15102026,editingteacher
26pch802,.,.,25PGC1SL01_15102026,student
26pch803,.,.,25PGC1SL01_15102026,student
26pch806,.,.,25PGC1SL01_15102026,student
26pch807,.,.,25PGC1SL01_15102026,student
26pch808,.,.,25PGC1SL01_15102026,student
26pch809,.,.,25PGC1SL01_15102026,student
26pch811,.,.,25PGC1SL01_15102026,student
26pch812,.,.,25PGC1SL01_15102026,student
26pch813,.,.,25PGC1SL01_15102026,student
26pch814,.,.,25PGC1SL01_15102026,student
26pch815,.,.,25PGC1SL01_15102026,student
26pch816,.,.,25PGC1SL01_15102026,student
26pch817,.,.,25PGC1SL01_15102026,student
26pch818,.,.,25PGC1SL01_15102026,student
26pch819,.,.,25PGC1SL01_15102026,student
26pch820,.,.,25PGC1SL01_15102026,student
26pch821,.,.,25PGC1SL01_15102026,student
26pch822,.,.,25PGC1SL01_15102026,student
26pch823,.,.,25PGC1SL01_15102026,student
26pch824,.,.,25PGC1SL01_15102026,student
26pco101,.,.,25PGC1SL01_15102026,student
07fcm01,Mr D Maria Antony,.,25PGC1SL01_15102026,editingteacher
26pco102,.,.,25PGC1SL01_15102026,student
26pco103,.,.,25PGC1SL01_15102026,student
26pco104,.,.,25PGC1SL01_15102026,student
26pco105,.,.,25PGC1SL01_15102026,student
26pco106,.,.,25PGC1SL01_15102026,student
26pco107,.,.,25PGC1SL01_15102026,student
26pco108,.,.,25PGC1SL01_15102026,student
26pco109,.,.,25PGC1SL01_15102026,student
26pco110,.,.,25PGC1SL01_15102026,student
26pco111,.,.,25PGC1SL01_15102026,student
26pco112,.,.,25PGC1SL01_15102026,student
26pco113,.,.,25PGC1SL01_15102026,student
26pco114,.,.,25PGC1SL01_15102026,student
26pco115,.,.,25PGC1SL01_15102026,student
26pco116,.,.,25PGC1SL01_15102026,student
26pco117,.,.,25PGC1SL01_15102026,student
26pco118,.,.,25PGC1SL01_15102026,student
26pco119,.,.,25PGC1SL01_15102026,student
26pco120,.,.,25PGC1SL01_15102026,student
26pco121,.,.,25PGC1SL01_15102026,student
26pco122,.,.,25PGC1SL01_15102026,student
26pco123,.,.,25PGC1SL01_15102026,student
26pco124,.,.,25PGC1SL01_15102026,student
26pco125,.,.,25PGC1SL01_15102026,student
26pco126,.,.,25PGC1SL01_15102026,student
26pco127,.,.,25PGC1SL01_15102026,student
26pco128,.,.,25PGC1SL01_15102026,student
26pco129,.,.,25PGC1SL01_15102026,student
26pco130,.,.,25PGC1SL01_15102026,student
26pco131,.,.,25PGC1SL01_15102026,student
26pco132,.,.,25PGC1SL01_15102026,student
26pco133,.,.,25PGC1SL01_15102026,student
26pco134,.,.,25PGC1SL01_15102026,student
26pco135,.,.,25PGC1SL01_15102026,student
26pco137,.,.,25PGC1SL01_15102026,student
26pco138,.,.,25PGC1SL01_15102026,student
26pco139,.,.,25PGC1SL01_15102026,student
26pco140,.,.,25PGC1SL01_15102026,student
26pco141,.,.,25PGC1SL01_15102026,student
26pco142,.,.,25PGC1SL01_15102026,student
26pco143,.,.,25PGC1SL01_15102026,student
26pco144,.,.,25PGC1SL01_15102026,student
26pco145,.,.,25PGC1SL01_15102026,student
26pco146,.,.,25PGC1SL01_15102026,student
26pco147,.,.,25PGC1SL01_15102026,student
26pcp801,.,.,25PGC1SL01_15102026,student
24ccp52,Ms F M Christeeba,.,25PGC1SL01_15102026,editingteacher
26pcp802,.,.,25PGC1SL01_15102026,student
26pcp803,.,.,25PGC1SL01_15102026,student
26pcp804,.,.,25PGC1SL01_15102026,student
26pcp805,.,.,25PGC1SL01_15102026,student
26pcp806,.,.,25PGC1SL01_15102026,student
26pcp807,.,.,25PGC1SL01_15102026,student
26pcp808,.,.,25PGC1SL01_15102026,student
26pcp809,.,.,25PGC1SL01_15102026,student
26pcp810,.,.,25PGC1SL01_15102026,student
26pcp811,.,.,25PGC1SL01_15102026,student
26pcp812,.,.,25PGC1SL01_15102026,student
26pcp813,.,.,25PGC1SL01_15102026,student
26pcp814,.,.,25PGC1SL01_15102026,student
26pcp816,.,.,25PGC1SL01_15102026,student
26pcp817,.,.,25PGC1SL01_15102026,student
26pcp818,.,.,25PGC1SL01_15102026,student
26pcp819,.,.,25PGC1SL01_15102026,student
26pcp820,.,.,25PGC1SL01_15102026,student
26pcp821,.,.,25PGC1SL01_15102026,student
26pcp822,.,.,25PGC1SL01_15102026,student
26pcp823,.,.,25PGC1SL01_15102026,student
26pcp824,.,.,25PGC1SL01_15102026,student
26pcp825,.,.,25PGC1SL01_15102026,student
26pcp826,.,.,25PGC1SL01_15102026,student
26pcp827,.,.,25PGC1SL01_15102026,student
26pcp828,.,.,25PGC1SL01_15102026,student
26pcp829,.,.,25PGC1SL01_15102026,student
26pcp830,.,.,25PGC1SL01_15102026,student
26pcp831,.,.,25PGC1SL01_15102026,student
26pcp832,.,.,25PGC1SL01_15102026,student
26pcp833,.,.,25PGC1SL01_15102026,student
26pcp834,.,.,25PGC1SL01_15102026,student
26pcp835,.,.,25PGC1SL01_15102026,student
26pcp836,.,.,25PGC1SL01_15102026,student
26pcp837,.,.,25PGC1SL01_15102026,student
26pcp838,.,.,25PGC1SL01_15102026,student
26pcp839,.,.,25PGC1SL01_15102026,student
26pcp840,.,.,25PGC1SL01_15102026,student
26pcp841,.,.,25PGC1SL01_15102026,student
26pcp842,.,.,25PGC1SL01_15102026,student
26pcp843,.,.,25PGC1SL01_15102026,student
26pcp844,.,.,25PGC1SL01_15102026,student
26pcp845,.,.,25PGC1SL01_15102026,student
26pcp846,.,.,25PGC1SL01_15102026,student
26pcp847,.,.,25PGC1SL01_15102026,student
26pcp848,.,.,25PGC1SL01_15102026,student
26pcp849,.,.,25PGC1SL01_15102026,student
26pcp850,.,.,25PGC1SL01_15102026,student
26pcp851,.,.,25PGC1SL01_15102026,student
26pcp852,.,.,25PGC1SL01_15102026,student
26pcs801,.,.,25PGC1SL01_15102026,student
11tit04,Dr V Maria Antoniate Martin,.,25PGC1SL01_15102026,editingteacher
26pcs802,.,.,25PGC1SL01_15102026,student
26pcs803,.,.,25PGC1SL01_15102026,student
26pcs804,.,.,25PGC1SL01_15102026,student
26pcs805,.,.,25PGC1SL01_15102026,student
26pcs806,.,.,25PGC1SL01_15102026,student
26pcs807,.,.,25PGC1SL01_15102026,student
26pcs808,.,.,25PGC1SL01_15102026,student
26pcs809,.,.,25PGC1SL01_15102026,student
26pcs810,.,.,25PGC1SL01_15102026,student
26pcs811,.,.,25PGC1SL01_15102026,student
26pcs812,.,.,25PGC1SL01_15102026,student
26pcs813,.,.,25PGC1SL01_15102026,student
26pcs814,.,.,25PGC1SL01_15102026,student
26pcs815,.,.,25PGC1SL01_15102026,student
26pcs816,.,.,25PGC1SL01_15102026,student
26pcs817,.,.,25PGC1SL01_15102026,student
26pcs818,.,.,25PGC1SL01_15102026,student
26pcs819,.,.,25PGC1SL01_15102026,student
26pcs820,.,.,25PGC1SL01_15102026,student
26pcs821,.,.,25PGC1SL01_15102026,student
26pcs822,.,.,25PGC1SL01_15102026,student
26pcs823,.,.,25PGC1SL01_15102026,student
26pcs825,.,.,25PGC1SL01_15102026,student
26pcs826,.,.,25PGC1SL01_15102026,student
26pcs827,.,.,25PGC1SL01_15102026,student
26pcs828,.,.,25PGC1SL01_15102026,student
26pcs830,.,.,25PGC1SL01_15102026,student
26pcs831,.,.,25PGC1SL01_15102026,student
26pcs832,.,.,25PGC1SL01_15102026,student
26pcs833,.,.,25PGC1SL01_15102026,student
26pcs834,.,.,25PGC1SL01_15102026,student
26pcs835,.,.,25PGC1SL01_15102026,student
26pcs836,.,.,25PGC1SL01_15102026,student
26pcs837,.,.,25PGC1SL01_15102026,student
26pcs838,.,.,25PGC1SL01_15102026,student
26pcs839,.,.,25PGC1SL01_15102026,student
26pcs840,.,.,25PGC1SL01_15102026,student
26pcs841,.,.,25PGC1SL01_15102026,student
26pcs842,.,.,25PGC1SL01_15102026,student
26pcs843,.,.,25PGC1SL01_15102026,student
26pcs845,.,.,25PGC1SL01_15102026,student
26pcs846,.,.,25PGC1SL01_15102026,student
26pcs847,.,.,25PGC1SL01_15102026,student
26pcs848,.,.,25PGC1SL01_15102026,student
26pcs849,.,.,25PGC1SL01_15102026,student
26pcs902,.,.,25PGC1SL01_15102026,student
26cit51,Ms D Irine Auxilia Mary,.,25PGC1SL01_15102026,editingteacher
26pcs903,.,.,25PGC1SL01_15102026,student
26pcs904,.,.,25PGC1SL01_15102026,student
26pcs905,.,.,25PGC1SL01_15102026,student
26pcs906,.,.,25PGC1SL01_15102026,student
26pcs907,.,.,25PGC1SL01_15102026,student
26pcs908,.,.,25PGC1SL01_15102026,student
26pcs909,.,.,25PGC1SL01_15102026,student
26pcs910,.,.,25PGC1SL01_15102026,student
26pcs911,.,.,25PGC1SL01_15102026,student
26pcs912,.,.,25PGC1SL01_15102026,student
26pcs913,.,.,25PGC1SL01_15102026,student
26pcs914,.,.,25PGC1SL01_15102026,student
26pcs915,.,.,25PGC1SL01_15102026,student
26pcs916,.,.,25PGC1SL01_15102026,student
26pcs917,.,.,25PGC1SL01_15102026,student
26pcs918,.,.,25PGC1SL01_15102026,student
26pcs919,.,.,25PGC1SL01_15102026,student
26pcs920,.,.,25PGC1SL01_15102026,student
26pcs921,.,.,25PGC1SL01_15102026,student
26pcs922,.,.,25PGC1SL01_15102026,student
26pcs923,.,.,25PGC1SL01_15102026,student
26pcs924,.,.,25PGC1SL01_15102026,student
26pcs925,.,.,25PGC1SL01_15102026,student
26pcs926,.,.,25PGC1SL01_15102026,student
26pcs927,.,.,25PGC1SL01_15102026,student
26pcs928,.,.,25PGC1SL01_15102026,student
26pcs929,.,.,25PGC1SL01_15102026,student
26pcs930,.,.,25PGC1SL01_15102026,student
26pcs931,.,.,25PGC1SL01_15102026,student
26pcs932,.,.,25PGC1SL01_15102026,student
26pcs933,.,.,25PGC1SL01_15102026,student
26pcs934,.,.,25PGC1SL01_15102026,student
26pcs935,.,.,25PGC1SL01_15102026,student
26pcs936,.,.,25PGC1SL01_15102026,student
26pcs937,.,.,25PGC1SL01_15102026,student
26pcs938,.,.,25PGC1SL01_15102026,student
26pcs939,.,.,25PGC1SL01_15102026,student
26pcs940,.,.,25PGC1SL01_15102026,student
26pcs941,.,.,25PGC1SL01_15102026,student
26pcs942,.,.,25PGC1SL01_15102026,student
26pcs943,.,.,25PGC1SL01_15102026,student
26pcs944,.,.,25PGC1SL01_15102026,student
26pcs945,.,.,25PGC1SL01_15102026,student
26pcs946,.,.,25PGC1SL01_15102026,student
26pcs947,.,.,25PGC1SL01_15102026,student
26pds801,.,.,25PGC1SL01_15102026,student
21cds52,Dr A Beatrice Dorothy,.,25PGC1SL01_15102026,editingteacher
26pds802,.,.,25PGC1SL01_15102026,student
26pds803,.,.,25PGC1SL01_15102026,student
26pds804,.,.,25PGC1SL01_15102026,student
26pds806,.,.,25PGC1SL01_15102026,student
26pds807,.,.,25PGC1SL01_15102026,student
26pds808,.,.,25PGC1SL01_15102026,student
26pds809,.,.,25PGC1SL01_15102026,student
26pds810,.,.,25PGC1SL01_15102026,student
26pds811,.,.,25PGC1SL01_15102026,student
26pds812,.,.,25PGC1SL01_15102026,student
26pds813,.,.,25PGC1SL01_15102026,student
26pds814,.,.,25PGC1SL01_15102026,student
26pds816,.,.,25PGC1SL01_15102026,student
26pds817,.,.,25PGC1SL01_15102026,student
26pds818,.,.,25PGC1SL01_15102026,student
26pds819,.,.,25PGC1SL01_15102026,student
26pds820,.,.,25PGC1SL01_15102026,student
26pds821,.,.,25PGC1SL01_15102026,student
26pds822,.,.,25PGC1SL01_15102026,student
26pds823,.,.,25PGC1SL01_15102026,student
26pds824,.,.,25PGC1SL01_15102026,student
26pds825,.,.,25PGC1SL01_15102026,student
26pds826,.,.,25PGC1SL01_15102026,student
26pds827,.,.,25PGC1SL01_15102026,student
26pds829,.,.,25PGC1SL01_15102026,student
26pds830,.,.,25PGC1SL01_15102026,student
26pds831,.,.,25PGC1SL01_15102026,student
26pds832,.,.,25PGC1SL01_15102026,student
26pds833,.,.,25PGC1SL01_15102026,student
26pds834,.,.,25PGC1SL01_15102026,student
26pds835,.,.,25PGC1SL01_15102026,student
26pds836,.,.,25PGC1SL01_15102026,student
26pds837,.,.,25PGC1SL01_15102026,student
26pds838,.,.,25PGC1SL01_15102026,student
26pds840,.,.,25PGC1SL01_15102026,student
26pds841,.,.,25PGC1SL01_15102026,student
26pds842,.,.,25PGC1SL01_15102026,student
26pds843,.,.,25PGC1SL01_15102026,student
26pds844,.,.,25PGC1SL01_15102026,student
26pds845,.,.,25PGC1SL01_15102026,student
26pds846,.,.,25PGC1SL01_15102026,student
26pds847,.,.,25PGC1SL01_15102026,student
26pds848,.,.,25PGC1SL01_15102026,student
26pds849,.,.,25PGC1SL01_15102026,student
26pds850,.,.,25PGC1SL01_15102026,student
26pds851,.,.,25PGC1SL01_15102026,student
26pds852,.,.,25PGC1SL01_15102026,student
26pds853,.,.,25PGC1SL01_15102026,student
26pds854,.,.,25PGC1SL01_15102026,student
26pds855,.,.,25PGC1SL01_15102026,student
26pds856,.,.,25PGC1SL01_15102026,student
26pds857,.,.,25PGC1SL01_15102026,student
26pds858,.,.,25PGC1SL01_15102026,student
26pds859,.,.,25PGC1SL01_15102026,student
26pds860,.,.,25PGC1SL01_15102026,student
26pec101,.,.,25PGC1SL01_15102026,student
14fec01,Dr J Vasantha Arockia Selvi,.,25PGC1SL01_15102026,editingteacher
26pec102,.,.,25PGC1SL01_15102026,student
26pec103,.,.,25PGC1SL01_15102026,student
26pec104,.,.,25PGC1SL01_15102026,student
26pec105,.,.,25PGC1SL01_15102026,student
26pec106,.,.,25PGC1SL01_15102026,student
26pec107,.,.,25PGC1SL01_15102026,student
26pec108,.,.,25PGC1SL01_15102026,student
26pec109,.,.,25PGC1SL01_15102026,student
26pec110,.,.,25PGC1SL01_15102026,student
26pec111,.,.,25PGC1SL01_15102026,student
26pec112,.,.,25PGC1SL01_15102026,student
26pec113,.,.,25PGC1SL01_15102026,student
26pec114,.,.,25PGC1SL01_15102026,student
26pec115,.,.,25PGC1SL01_15102026,student
26pec116,.,.,25PGC1SL01_15102026,student
26pec117,.,.,25PGC1SL01_15102026,student
26pec118,.,.,25PGC1SL01_15102026,student
26pec119,.,.,25PGC1SL01_15102026,student
26pec120,.,.,25PGC1SL01_15102026,student
26pec121,.,.,25PGC1SL01_15102026,student
26pec122,.,.,25PGC1SL01_15102026,student
26pec123,.,.,25PGC1SL01_15102026,student
26pec124,.,.,25PGC1SL01_15102026,student
26pec125,.,.,25PGC1SL01_15102026,student
26pec126,.,.,25PGC1SL01_15102026,student
26pel801,.,.,25PGC1SL01_15102026,student
23cel52,Dr A Arputharaj,.,25PGC1SL01_15102026,editingteacher
26pel802,.,.,25PGC1SL01_15102026,student
26pel803,.,.,25PGC1SL01_15102026,student
26pel804,.,.,25PGC1SL01_15102026,student
26pel805,.,.,25PGC1SL01_15102026,student
26pel806,.,.,25PGC1SL01_15102026,student
26pel808,.,.,25PGC1SL01_15102026,student
26pel809,.,.,25PGC1SL01_15102026,student
26pel810,.,.,25PGC1SL01_15102026,student
26pel811,.,.,25PGC1SL01_15102026,student
26pel812,.,.,25PGC1SL01_15102026,student
26pel813,.,.,25PGC1SL01_15102026,student
26pel814,.,.,25PGC1SL01_15102026,student
26pel815,.,.,25PGC1SL01_15102026,student
26pel816,.,.,25PGC1SL01_15102026,student
26pen102,.,.,25PGC1SL01_15102026,student
24fen01,Dr Twin Antony Edward,.,25PGC1SL01_15102026,editingteacher
26pen103,.,.,25PGC1SL01_15102026,student
26pen104,.,.,25PGC1SL01_15102026,student
26pen105,.,.,25PGC1SL01_15102026,student
26pen106,.,.,25PGC1SL01_15102026,student
26pen107,.,.,25PGC1SL01_15102026,student
26pen108,.,.,25PGC1SL01_15102026,student
26pen109,.,.,25PGC1SL01_15102026,student
26pen110,.,.,25PGC1SL01_15102026,student
26pen111,.,.,25PGC1SL01_15102026,student
26pen112,.,.,25PGC1SL01_15102026,student
26pen113,.,.,25PGC1SL01_15102026,student
26pen114,.,.,25PGC1SL01_15102026,student
26pen115,.,.,25PGC1SL01_15102026,student
26pen116,.,.,25PGC1SL01_15102026,student
26pen117,.,.,25PGC1SL01_15102026,student
26pen118,.,.,25PGC1SL01_15102026,student
26pen119,.,.,25PGC1SL01_15102026,student
26pen120,.,.,25PGC1SL01_15102026,student
26pen121,.,.,25PGC1SL01_15102026,student
26pen122,.,.,25PGC1SL01_15102026,student
26pen123,.,.,25PGC1SL01_15102026,student
26pen124,.,.,25PGC1SL01_15102026,student
26pen125,.,.,25PGC1SL01_15102026,student
26pen126,.,.,25PGC1SL01_15102026,student
26pen127,.,.,25PGC1SL01_15102026,student
26pen128,.,.,25PGC1SL01_15102026,student
26pen129,.,.,25PGC1SL01_15102026,student
26pen130,.,.,25PGC1SL01_15102026,student
26pen132,.,.,25PGC1SL01_15102026,student
26pen133,.,.,25PGC1SL01_15102026,student
26pen134,.,.,25PGC1SL01_15102026,student
26pen135,.,.,25PGC1SL01_15102026,student
26pen136,.,.,25PGC1SL01_15102026,student
26pen137,.,.,25PGC1SL01_15102026,student
26pen138,.,.,25PGC1SL01_15102026,student
26pen139,.,.,25PGC1SL01_15102026,student
26pen140,.,.,25PGC1SL01_15102026,student
26phr101,.,.,25PGC1SL01_15102026,student
26chr51,Dr V Udhaya Geetha,.,25PGC1SL01_15102026,editingteacher
26phr102,.,.,25PGC1SL01_15102026,student
26phr103,.,.,25PGC1SL01_15102026,student
26phr104,.,.,25PGC1SL01_15102026,student
26phr105,.,.,25PGC1SL01_15102026,student
26phr106,.,.,25PGC1SL01_15102026,student
26phr107,.,.,25PGC1SL01_15102026,student
26phr108,.,.,25PGC1SL01_15102026,student
26phr109,.,.,25PGC1SL01_15102026,student
26phr110,.,.,25PGC1SL01_15102026,student
26phr111,.,.,25PGC1SL01_15102026,student
26phr112,.,.,25PGC1SL01_15102026,student
26phr113,.,.,25PGC1SL01_15102026,student
26phr114,.,.,25PGC1SL01_15102026,student
26phr115,.,.,25PGC1SL01_15102026,student
26phr116,.,.,25PGC1SL01_15102026,student
26phr117,.,.,25PGC1SL01_15102026,student
26phr118,.,.,25PGC1SL01_15102026,student
26phr119,.,.,25PGC1SL01_15102026,student
26phr120,.,.,25PGC1SL01_15102026,student
26phr121,.,.,25PGC1SL01_15102026,student
26phr122,.,.,25PGC1SL01_15102026,student
26phr123,.,.,25PGC1SL01_15102026,student
26phr124,.,.,25PGC1SL01_15102026,student
26phr125,.,.,25PGC1SL01_15102026,student
26phr126,.,.,25PGC1SL01_15102026,student
26phr127,.,.,25PGC1SL01_15102026,student
26phr128,.,.,25PGC1SL01_15102026,student
26phr129,.,.,25PGC1SL01_15102026,student
26phr130,.,.,25PGC1SL01_15102026,student
26phr131,.,.,25PGC1SL01_15102026,student
26phr132,.,.,25PGC1SL01_15102026,student
26phr133,.,.,25PGC1SL01_15102026,student
26phr134,.,.,25PGC1SL01_15102026,student
26phr135,.,.,25PGC1SL01_15102026,student
26phr136,.,.,25PGC1SL01_15102026,student
26phr137,.,.,25PGC1SL01_15102026,student
26phr138,.,.,25PGC1SL01_15102026,student
26phr139,.,.,25PGC1SL01_15102026,student
26phr140,.,.,25PGC1SL01_15102026,student
26phr141,.,.,25PGC1SL01_15102026,student
26phr142,.,.,25PGC1SL01_15102026,student
26phr143,.,.,25PGC1SL01_15102026,student
26phr144,.,.,25PGC1SL01_15102026,student
26phr145,.,.,25PGC1SL01_15102026,student
26phs801,.,.,25PGC1SL01_15102026,student
26chs52,Mr M R Gowtham Rajan,.,25PGC1SL01_15102026,editingteacher
26phs802,.,.,25PGC1SL01_15102026,student
26phs803,.,.,25PGC1SL01_15102026,student
26phs804,.,.,25PGC1SL01_15102026,student
26phs805,.,.,25PGC1SL01_15102026,student
26phs806,.,.,25PGC1SL01_15102026,student
26phs807,.,.,25PGC1SL01_15102026,student
26phs808,.,.,25PGC1SL01_15102026,student
26phs809,.,.,25PGC1SL01_15102026,student
26phs810,.,.,25PGC1SL01_15102026,student
26phs811,.,.,25PGC1SL01_15102026,student
26phs812,.,.,25PGC1SL01_15102026,student
26phs813,.,.,25PGC1SL01_15102026,student
26phs814,.,.,25PGC1SL01_15102026,student
26phs815,.,.,25PGC1SL01_15102026,student
26phs816,.,.,25PGC1SL01_15102026,student
26phs817,.,.,25PGC1SL01_15102026,student
26phs818,.,.,25PGC1SL01_15102026,student
26phs819,.,.,25PGC1SL01_15102026,student
26phs820,.,.,25PGC1SL01_15102026,student
26phs821,.,.,25PGC1SL01_15102026,student
26pma101,.,.,25PGC1SL01_15102026,student
19fma01,Mr S Arul Gnanapragasam,.,25PGC1SL01_15102026,editingteacher
26pma102,.,.,25PGC1SL01_15102026,student
26pma103,.,.,25PGC1SL01_15102026,student
26pma104,.,.,25PGC1SL01_15102026,student
26pma105,.,.,25PGC1SL01_15102026,student
26pma106,.,.,25PGC1SL01_15102026,student
26pma107,.,.,25PGC1SL01_15102026,student
26pma109,.,.,25PGC1SL01_15102026,student
26pma110,.,.,25PGC1SL01_15102026,student
26pma111,.,.,25PGC1SL01_15102026,student
26pma112,.,.,25PGC1SL01_15102026,student
26pma113,.,.,25PGC1SL01_15102026,student
26pma114,.,.,25PGC1SL01_15102026,student
26pma115,.,.,25PGC1SL01_15102026,student
26pma116,.,.,25PGC1SL01_15102026,student
26pma117,.,.,25PGC1SL01_15102026,student
26pma118,.,.,25PGC1SL01_15102026,student
26pma119,.,.,25PGC1SL01_15102026,student
26pma120,.,.,25PGC1SL01_15102026,student
26pma121,.,.,25PGC1SL01_15102026,student
26pma122,.,.,25PGC1SL01_15102026,student
26pma123,.,.,25PGC1SL01_15102026,student
26pma124,.,.,25PGC1SL01_15102026,student
26pma125,.,.,25PGC1SL01_15102026,student
26pma126,.,.,25PGC1SL01_15102026,student
26pma127,.,.,25PGC1SL01_15102026,student
26pma128,.,.,25PGC1SL01_15102026,student
26pma129,.,.,25PGC1SL01_15102026,student
26pma130,.,.,25PGC1SL01_15102026,student
26pma131,.,.,25PGC1SL01_15102026,student
26pma132,.,.,25PGC1SL01_15102026,student
26pma133,.,.,25PGC1SL01_15102026,student
26pma135,.,.,25PGC1SL01_15102026,student
26pma136,.,.,25PGC1SL01_15102026,student
26pma137,.,.,25PGC1SL01_15102026,student
26pma138,.,.,25PGC1SL01_15102026,student
26pph101,.,.,25PGC1SL01_15102026,student
12fph01,Dr M M Armstrong Arasu,.,25PGC1SL01_15102026,editingteacher
26pph102,.,.,25PGC1SL01_15102026,student
26pph103,.,.,25PGC1SL01_15102026,student
26pph104,.,.,25PGC1SL01_15102026,student
26pph105,.,.,25PGC1SL01_15102026,student
26pph106,.,.,25PGC1SL01_15102026,student
26pph107,.,.,25PGC1SL01_15102026,student
26pph108,.,.,25PGC1SL01_15102026,student
26pph109,.,.,25PGC1SL01_15102026,student
26pph110,.,.,25PGC1SL01_15102026,student
26pph111,.,.,25PGC1SL01_15102026,student
26pph113,.,.,25PGC1SL01_15102026,student
26pph114,.,.,25PGC1SL01_15102026,student
26pph115,.,.,25PGC1SL01_15102026,student
26pph116,.,.,25PGC1SL01_15102026,student
26pph117,.,.,25PGC1SL01_15102026,student
26pph118,.,.,25PGC1SL01_15102026,student
26pph119,.,.,25PGC1SL01_15102026,student
26pph120,.,.,25PGC1SL01_15102026,student
26pph121,.,.,25PGC1SL01_15102026,student
26pph122,.,.,25PGC1SL01_15102026,student
26pph123,.,.,25PGC1SL01_15102026,student
26pph124,.,.,25PGC1SL01_15102026,student
26pph125,.,.,25PGC1SL01_15102026,student
26pph126,.,.,25PGC1SL01_15102026,student
26pph127,.,.,25PGC1SL01_15102026,student
26pph128,.,.,25PGC1SL01_15102026,student
26pph129,.,.,25PGC1SL01_15102026,student
26pph130,.,.,25PGC1SL01_15102026,student
26pph131,.,.,25PGC1SL01_15102026,student
26pph132,.,.,25PGC1SL01_15102026,student
26pph133,.,.,25PGC1SL01_15102026,student
26pph801,.,.,25PGC1SL01_15102026,student
07tph01,Dr S Lourduraj,.,25PGC1SL01_15102026,editingteacher
26pph802,.,.,25PGC1SL01_15102026,student
26pph803,.,.,25PGC1SL01_15102026,student
26pph804,.,.,25PGC1SL01_15102026,student
26pph805,.,.,25PGC1SL01_15102026,student
26pph807,.,.,25PGC1SL01_15102026,student
26pph809,.,.,25PGC1SL01_15102026,student
26pph810,.,.,25PGC1SL01_15102026,student
26pph811,.,.,25PGC1SL01_15102026,student
26pph812,.,.,25PGC1SL01_15102026,student
26pph813,.,.,25PGC1SL01_15102026,student
26pph814,.,.,25PGC1SL01_15102026,student
26pph815,.,.,25PGC1SL01_15102026,student
26pph816,.,.,25PGC1SL01_15102026,student
26pta801,.,.,25PGC1SL01_15102026,student
01tta01,Dr S Arockia Dhanaraj,.,25PGC1SL01_15102026,editingteacher
26pta802,.,.,25PGC1SL01_15102026,student
26pta803,.,.,25PGC1SL01_15102026,student
26pta804,.,.,25PGC1SL01_15102026,student
26pta805,.,.,25PGC1SL01_15102026,student
26pta806,.,.,25PGC1SL01_15102026,student
26pta807,.,.,25PGC1SL01_15102026,student
26pta808,.,.,25PGC1SL01_15102026,student
26pta809,.,.,25PGC1SL01_15102026,student
26pta810,.,.,25PGC1SL01_15102026,student
26pta811,.,.,25PGC1SL01_15102026,student
26pta812,.,.,25PGC1SL01_15102026,student
26pta813,.,.,25PGC1SL01_15102026,student
26pta814,.,.,25PGC1SL01_15102026,student
26pta815,.,.,25PGC1SL01_15102026,student
26pta816,.,.,25PGC1SL01_15102026,student
26pta817,.,.,25PGC1SL01_15102026,student
26pta818,.,.,25PGC1SL01_15102026,student
26pta819,.,.,25PGC1SL01_15102026,student
26pta820,.,.,25PGC1SL01_15102026,student
26pta821,.,.,25PGC1SL01_15102026,student
26pta822,.,.,25PGC1SL01_15102026,student
26pta823,.,.,25PGC1SL01_15102026,student
26pta824,.,.,25PGC1SL01_15102026,student
26pvc801,.,.,25PGC1SL01_15102026,student
14tbv01,Dr S Tamilarasi,.,25PGC1SL01_15102026,editingteacher
26pvc802,.,.,25PGC1SL01_15102026,student
26pvc803,.,.,25PGC1SL01_15102026,student
26pvc804,.,.,25PGC1SL01_15102026,student
26pvc805,.,.,25PGC1SL01_15102026,student
26pvc806,.,.,25PGC1SL01_15102026,student
26pvc807,.,.,25PGC1SL01_15102026,student
26pvc808,.,.,25PGC1SL01_15102026,student
26pvc809,.,.,25PGC1SL01_15102026,student
26pvc810,.,.,25PGC1SL01_15102026,student
26pvc811,.,.,25PGC1SL01_15102026,student
26pvc812,.,.,25PGC1SL01_15102026,student
26pvc813,.,.,25PGC1SL01_15102026,student
26pvc814,.,.,25PGC1SL01_15102026,student
26pvc815,.,.,25PGC1SL01_15102026,student
26pvc816,.,.,25PGC1SL01_15102026,student
26pvc817,.,.,25PGC1SL01_15102026,student
